Date,Price,Dividend,Earnings,CPI,Rate GS10,Real Price,Real Dividend, Real Total Return ,Real Earnings, Real TR Scaled Earnings ,Cyclically Adjusted Price Earnings Ratio P/E10 or CAPE,Cyclically Adjusted Total Return Price Earnings Ratio TR P/E10 or TR CAPE,Excess Cape Yield,Monthly Total Bond Returns,Real Total Bond Returns,10 Y Annalized Stock Real Return,10 Y Annualized Bonds Real Return,Real 10 Year Excess Annualized Returns,Real_Stock_Log_Ret,Real_Bond_Log_Ret,Inflation_Log,Stock_Log_Return,Bond_Log_Return,TB3MS,INDPRO,Gold_price,AAA,BAA,SP500,T10_yield,UMCSENT,BUSLOANS,AWHMAN,PAYEMS,CUMFNS,TCU,UNRATE,DGS10,M2SL,USRECD,PPIACO,AAA_Log_Return,BAA_Log_Return
1934-01-01,10.54,0.44,0.44,13.2,3.12,258.15,10.8,7283.51,10.88,306.96,13.03,17.72,1.89,1.0,13.03,3.91,0.28,3.63,0.0590763448705733,0.0038446798608096,0.0,0.0590763448705733,0.0038446798608096,0.72,5.0267,34.69,4.35,7.01,11.17,3.12,,,,,,,,,,0.0,12.4,,
1934-02-01,11.32,0.44,0.45,13.3,3.09,275.17,10.74,7788.94,10.9,308.46,13.93,18.95,1.55,1.0,13.0,3.19,0.34,2.85,0.0670918898647865,-0.0023050336752169,0.0075472056353831,0.0746390955001696,0.0052421719601661,0.62,5.2686,34.69,4.2,6.27,10.76,3.09,,,,,,,,,,0.0,12.7,-0.0350913198112699,-0.1115613464016694
1934-03-01,10.74,0.44,0.45,13.3,3.07,261.07,10.76,7415.24,11.0,312.42,13.25,18.04,2.0,1.0,13.06,4.03,0.32,3.71,-0.0491674368468965,0.0046047663867483,0.0,-0.0491674368468965,0.0046047663867483,0.24,5.5106,34.69,4.13,6.26,10.75,3.07,,,,,,,,,,0.0,12.7,-0.0168071183163812,-0.0015961695328221
1934-04-01,10.92,0.44,0.46,13.3,3.04,265.45,10.78,7565.02,11.1,316.39,13.52,18.4,1.94,1.0,13.12,3.63,0.24,3.39,0.0199976491008489,0.0045836596676578,0.0,0.0199976491008489,0.0045836596676578,0.15,5.5106,34.69,4.07,6.01,10.46,3.04,,,,,,,,,,0.0,12.7,-0.0146344075184376,-0.0407554365648909
1934-05-01,9.81,0.44,0.46,13.3,3.01,238.47,10.8,6821.69,11.2,320.43,12.18,16.58,2.77,1.0,13.19,4.93,0.22,4.71,-0.1034277492465687,0.0053211832132802,0.0,-0.1034277492465687,0.0053211832132802,0.16,5.6181,34.69,4.01,6.05,9.61,3.01,,,,,,,,,,0.0,12.7,-0.0148517581360259,0.0066335234956338
1934-06-01,9.94,0.45,0.47,13.4,2.98,239.82,10.74,6886.1,11.22,322.14,12.29,16.73,2.8,1.0,13.15,5.3,0.22,5.08,0.009397645285494,-0.0030372081054495,0.0074906717291576,0.0168883170146517,0.004453463623708,0.15,5.5106,34.69,3.93,6.06,9.81,2.98,,,,,,,,,,0.0,12.9,-0.0201518154373078,0.0016515280384729
1934-07-01,9.47,0.45,0.47,13.4,2.96,228.48,10.76,6586.24,11.32,326.32,11.74,16.0,3.15,1.0,13.22,6.03,0.14,5.89,-0.0445222628043456,0.0053090757997666,0.0,-0.0445222628043456,0.0053090757997666,0.15,5.1342,34.69,3.89,6.13,8.68,2.95,,,,,,,,,,0.0,12.9,-0.0102302682508149,0.011484949866897
1934-08-01,9.1,0.45,0.47,13.4,2.93,219.56,10.78,6354.8,11.42,330.52,11.32,15.43,3.56,1.0,13.28,6.29,0.12,6.17,-0.0357721913618036,0.0045283096247473,0.0,-0.0357721913618036,0.0045283096247473,0.19,5.0805,34.69,3.93,6.49,9.15,2.93,,,,,,,,,,0.0,13.2,0.010230268250815,0.0570677807678785
1934-09-01,8.88,0.45,0.48,13.6,2.9,211.1,10.64,6135.63,11.35,329.93,10.91,14.89,4.0,1.0,13.15,6.54,0.25,6.29,-0.0350976704865084,-0.0098373854245141,0.0148150857851406,-0.0202825847013677,0.0049777003606265,0.21,4.7848,34.69,3.96,6.57,9.1,2.9,,,,,,,,,,0.0,13.4,0.0076045993852192,0.0122513017805205
1934-10-01,8.95,0.45,0.48,13.5,2.87,214.34,10.74,6255.81,11.54,336.7,11.11,15.17,3.74,1.0,13.31,6.63,0.15,6.48,0.0193978695605939,0.0120938737832466,-0.0073801072976225,0.0120177622629714,0.0047137664856241,0.27,4.9998,34.69,3.9,6.4,8.81,2.87,,,,,,,,,,0.0,13.2,-0.0152674721307884,-0.0262158421308929
1934-11-01,9.2,0.45,0.49,13.5,2.85,220.33,10.76,6456.72,11.63,340.94,11.45,15.65,3.5,1.0,13.37,6.27,0.13,6.13,0.0316108169750424,0.0044977587068313,0.0,0.0316108169750424,0.0044977587068313,0.25,5.0536,34.69,3.86,6.37,9.54,2.85,,,,,,,,,,0.0,13.2,-0.0103093696588612,-0.0046985207815542
1934-12-01,9.26,0.45,0.49,13.4,2.82,223.42,10.86,6573.84,11.82,347.86,11.64,15.92,3.25,1.0,13.54,6.29,-0.02,6.3,0.0179766877305836,0.012634876370277,-0.007434978487518,0.0105417092430655,0.0051998978827589,0.23,5.3761,34.69,3.81,6.23,9.5,2.82,,,,,,,,,,0.0,13.3,-0.0130379943381298,-0.0222231367847101
1935-01-01,9.26,0.45,0.57,13.6,2.79,220.13,10.7,6503.4,13.55,400.32,11.5,15.73,3.53,1.0,13.4,6.76,0.11,6.64,-0.0107730195758209,-0.0103935605272631,0.0148150857851406,0.0040420662093197,0.0044215252578774,0.2,5.8062,34.84,3.77,5.98,9.1,2.79,,,,,,,,,,0.0,13.6,-0.0105541876786902,-0.0409557648368214
1935-02-01,8.98,0.45,0.65,13.7,2.78,211.92,10.62,6286.86,15.34,455.06,11.09,15.18,3.99,1.0,13.35,7.51,0.19,7.33,-0.0338633760870568,-0.0037383221106072,0.0073260400920728,-0.0265373359949839,0.0035877179814656,0.19,5.9138,34.84,3.69,5.95,8.74,2.78,,,,,,,,,,0.0,13.7,-0.0214485434074836,-0.0050293484050019
1935-03-01,8.41,0.45,0.73,13.7,2.77,198.47,10.62,5914.06,17.23,513.35,10.4,14.24,4.54,1.0,13.39,8.21,0.19,8.02,-0.0611291741840911,0.0029917748568226,0.0,-0.0611291741840911,0.0029917748568226,0.15,5.8869,34.84,3.67,6.2,8.47,2.77,,,,,,,,,,0.0,13.7,-0.0054347959859569,0.0411580724935075
1935-04-01,9.04,0.45,0.76,13.8,2.76,211.79,10.46,6337.01,17.73,530.42,11.1,15.2,4.07,1.0,13.34,7.77,0.26,7.51,0.0690744815774307,-0.0037411192156035,0.0072727593290798,0.0763472409065105,0.0035316401134763,0.15,5.7794,34.84,3.66,6.13,9.28,2.76,,,,,,,,,,0.0,13.8,-0.0027285146532039,-0.0113545421029258
1935-05-01,9.75,0.44,0.78,13.8,2.74,228.42,10.39,6860.61,18.35,551.19,11.99,16.4,3.37,1.0,13.38,7.29,0.2,7.09,0.0793893106934249,0.0029940142126046,0.0,0.0793893106934249,0.0029940142126046,0.15,5.7794,34.84,3.65,5.94,9.58,2.74,,,,,,,,,,0.0,13.8,-0.0027359798188748,-0.0314856165735663
1935-06-01,10.12,0.44,0.81,13.7,2.73,238.82,10.38,7198.93,19.12,576.2,12.54,17.14,2.82,1.0,13.53,6.89,0.02,6.87,0.0481360447998434,0.0111483874826142,-0.0072727593290799,0.0408632854707635,0.0038756281535342,0.15,5.86,34.84,3.61,5.77,10.23,2.73,,,,,,,,,,0.0,13.8,-0.0110193952496105,-0.0290370528545455
1935-07-01,10.65,0.44,0.79,13.7,2.72,251.33,10.38,7602.03,18.72,566.29,13.2,18.02,2.33,1.0,13.57,6.13,0.02,6.11,0.0544829130220102,0.002952031664081,0.0,0.0544829130220102,0.002952031664081,0.15,5.86,34.84,3.56,5.67,11.08,2.72,,,,,,,,,,0.0,13.7,-0.0139472274808504,-0.0174829627803474
1935-08-01,11.37,0.44,0.78,13.7,2.71,268.32,10.38,8142.14,18.33,556.18,14.11,19.22,1.85,1.0,13.61,5.48,0.02,5.46,0.0686377278362092,0.0029433428165969,0.0,0.0686377278362092,0.0029433428165969,0.16,6.075,34.84,3.6,5.58,11.32,2.71,,,,,,,,,,0.0,13.9,0.0111733005981252,-0.016000341346441
1935-09-01,11.61,0.44,0.76,13.7,2.7,273.98,10.38,8340.27,17.94,545.96,14.42,19.62,1.71,1.0,13.66,5.96,0.02,5.94,0.0240425452219522,0.0036670374792693,0.0,0.0240425452219522,0.0036670374792693,0.2,6.2363,34.84,3.59,5.53,11.59,2.7,,,,,,,,,,0.0,13.9,-0.0027816429618769,-0.009000960858976
1935-10-01,11.92,0.45,0.76,13.7,2.69,281.3,10.62,8589.9,17.94,547.68,14.83,20.14,1.53,1.0,13.7,6.11,0.02,6.1,0.0294915045375177,0.002923978691435,0.0,0.0294915045375177,0.002923978691435,0.2,6.4245,34.84,3.52,5.54,12.46,2.68,,,,,,,,,,0.0,13.9,-0.0196912128901817,0.001806685224949
1935-11-01,13.04,0.46,0.76,13.8,2.67,305.5,10.78,9356.33,17.81,545.31,16.13,21.87,0.9,1.0,13.65,5.58,0.09,5.49,0.0854660250985856,-0.0036563112031104,0.0072727593290798,0.0927387844276655,0.0036164481259694,0.16,6.5589,34.84,3.47,5.43,12.95,2.67,,,,,,,,,,0.0,13.9,-0.0143063956512378,-0.0200553668133484
1935-12-01,13.04,0.47,0.76,13.8,2.66,305.5,11.01,9384.44,17.81,546.95,16.16,21.87,0.96,1.0,13.69,5.7,0.03,5.67,0.0029998789890486,0.0029261176693887,0.0,0.0029998789890486,0.0029261176693887,0.15,6.6395,34.84,3.44,5.3,13.43,2.66,,,,,,,,,,0.0,14.0,-0.0086831225734608,-0.0242323133877678
1936-01-01,13.76,0.48,0.77,13.8,2.65,322.37,11.25,9931.38,18.04,555.75,17.09,23.08,0.63,1.0,13.74,5.55,0.03,5.52,0.0566464426384255,0.0036456474938458,0.0,0.0566464426384255,0.0036456474938458,0.2,6.532,34.87,3.37,5.0,14.31,2.65,,,,,,,,,,0.0,13.9,-0.0205587270210365,-0.0582689081239757
1936-02-01,14.55,0.49,0.78,13.8,2.65,340.88,11.48,10531.04,18.27,564.55,18.1,24.41,0.3,1.0,13.76,5.05,0.08,4.97,0.0586276454900762,0.0014545457109943,0.0,0.0586276454900762,0.0014545457109943,0.2,6.3707,34.87,3.32,4.8,14.55,2.65,,,,,,,,,,0.0,13.9,-0.0149479614358732,-0.0408219945202551
1936-03-01,14.86,0.5,0.79,13.7,2.66,350.68,11.8,10864.3,18.64,577.58,18.66,25.1,0.12,1.0,13.89,4.33,-0.11,4.44,0.0311550978725169,0.0094033242610548,-0.0072727593290799,0.023882338543437,0.0021305649319749,0.2,6.4514,34.87,3.29,4.86,14.92,2.65,,,,,,,,,,0.0,13.7,-0.0090772181511165,0.0124225199985573
1936-04-01,14.88,0.52,0.82,13.7,2.66,351.15,12.19,10910.4,19.35,601.25,18.72,25.13,0.05,1.0,13.92,4.91,-0.17,5.08,0.0042342782107354,0.002157498140021,0.0,0.0042342782107354,0.002157498140021,0.2,6.8546,34.87,3.29,4.91,13.77,2.66,,,,,,,,,,0.0,13.7,0.0,0.0102355038940267
1936-05-01,14.09,0.53,0.85,13.7,2.66,332.51,12.59,10363.74,20.06,625.21,17.75,23.79,0.39,1.0,13.95,5.45,-0.23,5.68,-0.0514032872381261,0.002152853361101,0.0,-0.0514032872381261,0.002152853361101,0.2,6.989,34.87,3.27,4.94,14.4,2.66,,,,,,,,,,0.0,13.5,-0.0060975798681185,0.0060913893934019
1936-06-01,14.69,0.55,0.88,13.8,2.66,344.16,12.89,10760.23,20.62,644.59,18.39,24.6,0.32,1.0,13.87,4.91,-0.27,5.17,0.037543754423745,-0.0057512739406343,0.0072727593290798,0.0448165137528249,0.0015214853884454,0.2,7.1234,34.87,3.24,4.9,14.84,2.66,,,,,,,,,,0.0,13.7,-0.0092166551049239,-0.0081301260832501
1936-07-01,15.56,0.57,0.9,13.9,2.67,361.91,13.26,11350.04,20.93,656.49,19.36,25.84,0.22,1.0,13.8,3.49,-0.77,4.26,0.0533643381804063,-0.0050596421635811,0.007220247973487,0.0605845861538934,0.0021606058099059,0.15,7.2578,34.87,3.23,4.84,15.85,2.66,,,,,,,,,,0.0,13.9,-0.0030911925696729,-0.0123204843880407
1936-08-01,15.87,0.59,0.92,14.0,2.67,366.49,13.62,11529.09,21.25,668.35,19.62,26.13,0.28,1.0,13.73,2.95,-0.91,3.85,0.0156521384713192,-0.0050853723832793,0.0071684894786124,0.0228206279499317,0.0020831170953331,0.2,7.3653,34.87,3.21,4.74,15.99,2.67,,,,,,,,,,0.0,14.0,-0.0062112000926406,-0.0208775850215551
1936-09-01,16.05,0.61,0.94,14.0,2.67,370.65,14.09,11696.78,21.71,685.05,19.86,26.4,0.16,1.0,13.76,1.11,-1.01,2.12,0.0144401836286675,0.0021826127253178,0.0,0.0144401836286675,0.0021826127253178,0.16,7.4997,34.87,3.18,4.62,16.01,2.67,,,,,,,,,,0.0,14.0,-0.0093897403498389,-0.0256424306133376
1936-10-01,16.89,0.65,0.97,14.0,2.67,390.04,14.93,12348.22,22.32,706.73,20.91,27.73,-0.15,1.0,13.79,0.18,-1.21,1.39,0.0541983328814045,0.0021778593000127,0.0,0.0541983328814045,0.0021778593000127,0.13,7.6073,34.87,3.18,4.54,17.21,2.67,,,,,,,,,,0.0,14.0,0.0,-0.0174676930403908
1936-11-01,17.36,0.68,0.99,14.0,2.68,400.9,15.78,12733.47,22.94,728.6,21.5,28.45,-0.34,1.0,13.81,-0.36,-1.45,1.08,0.030722036739447,0.0014492756159904,0.0,0.030722036739447,0.0014492756159904,0.11,7.8223,34.87,3.15,4.52,17.28,2.67,,,,,,,,,,0.0,14.2,-0.0094787439545438,-0.0044150182091169
1936-12-01,17.06,0.72,1.02,14.0,2.68,393.97,16.63,12557.43,23.56,750.8,21.13,27.9,-0.26,1.0,13.84,0.02,-1.54,1.56,-0.0139214376025422,0.0021699827683227,0.0,-0.0139214376025422,0.0021699827683227,0.12,8.0642,34.87,3.1,4.53,17.18,2.68,,,,,,,,,,0.0,14.5,-0.016000341346441,0.0022099456508028
1937-01-01,17.59,0.73,1.05,14.1,2.68,403.33,16.74,12900.19,24.08,770.05,21.62,28.5,-0.19,1.0,13.77,-0.16,-1.48,1.32,0.0269295176727584,-0.0050706374489601,0.0071174677688639,0.0340469854416224,0.0020468303199038,0.17,8.0373,34.79,3.1,4.49,17.83,2.68,,,,,,,,,,0.0,14.8,0.0,-0.0088692377407797
1937-02-01,18.11,0.74,1.08,14.1,2.67,415.25,16.97,13326.77,24.76,794.75,22.24,29.26,-0.26,1.0,13.81,-0.07,-1.51,1.44,0.0325327543096905,0.0029006546806373,0.0,0.0325327543096905,0.0029006546806373,0.15,8.1449,34.79,3.22,4.53,18.09,2.67,,,,,,,,,,0.0,14.9,0.0379792480652164,0.0088692377407797
1937-03-01,18.09,0.75,1.11,14.2,2.66,411.87,17.08,13263.97,25.27,813.88,22.04,28.93,-0.08,1.0,13.76,-0.58,-1.64,1.06,-0.0047234576217984,-0.0036271349160032,0.0070671672230923,0.0023437096012939,0.0034400323070891,0.38,8.333,34.79,3.32,4.68,17.92,2.66,,,,,,,,,,0.0,15.1,0.0305834233720801,0.0325761704346126
1937-04-01,17.01,0.78,1.13,14.3,2.65,384.57,17.63,12432.2,25.55,825.89,20.56,26.93,0.33,1.0,13.71,-0.27,-1.6,1.33,-0.0647614556172468,-0.0036403389309745,0.0070175726586465,-0.0577438829586002,0.003377233727672,0.56,8.333,34.79,3.42,4.84,16.43,2.65,,,,,,,,,,0.0,15.2,0.0296757681461165,0.033616610798985
1937-05-01,16.25,0.81,1.15,14.4,2.64,364.84,18.19,11843.25,25.82,838.14,19.47,25.47,0.62,1.0,13.65,0.08,-1.56,1.64,-0.0485317959792513,-0.0043859719432543,0.0069686693160932,-0.041563126663158,0.0025826973728388,0.41,8.3599,34.79,3.33,4.84,16.26,2.64,,,,,,,,,,0.0,15.1,-0.0266682470821612,0.0
1937-06-01,15.64,0.84,1.17,14.4,2.63,351.14,18.86,11449.69,26.27,856.53,18.71,24.45,0.73,1.0,13.69,0.76,-1.63,2.39,-0.0337954296347981,0.0029261176693887,0.0,-0.0337954296347981,0.0029261176693887,0.36,8.2524,34.79,3.28,4.93,15.4,2.63,,,,,,,,,,1.0,15.0,-0.0151288815963002,0.0184242673260582
1937-07-01,16.57,0.82,1.19,14.5,2.62,369.46,18.21,12096.34,26.46,866.29,19.65,25.63,0.72,1.0,13.64,0.77,-1.67,2.44,0.0549402721098229,-0.0036589868850413,0.0069204428445737,0.0618607149543967,0.0032614559595324,0.28,8.3062,34.79,3.25,4.91,16.98,2.62,,,,,,,,,,1.0,15.2,-0.0091884260544061,-0.0040650462481694
1937-08-01,16.74,0.79,1.2,14.5,2.61,373.25,17.69,12268.71,26.83,881.92,19.81,25.79,0.75,1.0,13.68,0.34,-1.83,2.16,0.014149191213726,0.0029282597790883,0.0,0.014149191213726,0.0029282597790883,0.29,8.2524,34.79,3.24,4.92,16.04,2.61,,,,,,,,,,1.0,15.1,-0.003081666537408,0.0020345886977874
1937-09-01,14.37,0.77,1.22,14.6,2.6,318.21,17.05,10506.31,27.02,891.98,16.85,21.91,1.65,1.0,13.63,1.46,-2.0,3.46,-0.1550760896766174,-0.003661666485963,0.006872879287762,-0.1482032103888553,0.003211212801799,0.31,7.9836,34.79,3.28,5.16,13.76,2.6,,,,,,,,,,1.0,15.1,0.0122700925918141,0.0476280489892546
1937-10-01,12.28,0.78,1.19,14.6,2.59,271.93,17.27,9025.78,26.35,874.65,14.36,18.67,2.63,1.0,13.67,3.32,-2.03,5.34,-0.1518911019676791,0.0029304050274167,0.0,-0.1518911019676791,0.0029304050274167,0.2,7.3922,34.79,3.27,5.52,12.36,2.59,,,,,,,,,,1.0,14.7,-0.0030534374868902,0.0674412807955324
1937-11-01,11.2,0.79,1.16,14.5,2.58,249.72,17.61,8337.47,25.86,863.52,13.16,17.11,3.27,1.0,13.81,4.02,-2.16,6.18,-0.0793251140428107,0.0101893166853426,-0.006872879287762,-0.0861979933305727,0.0033164373975806,0.09,6.6664,34.79,3.24,5.82,11.11,2.58,,,,,,,,,,1.0,14.4,-0.0092166551049239,0.0529224014543427
1937-12-01,11.02,0.8,1.13,14.4,2.57,247.42,17.96,8310.42,25.37,852.16,13.01,16.93,3.3,1.0,13.95,3.81,-2.38,6.18,-0.003249663927946,0.0100865408461737,-0.0069204428445737,-0.0101701067725198,0.0031660980015999,0.11,6.075,34.79,3.21,5.73,10.55,2.57,,,,,,,,,,1.0,14.1,-0.0093023926623135,-0.0155847310166982
1938-01-01,11.31,0.79,1.08,14.2,2.56,257.51,18.06,8699.8,24.51,828.19,13.51,17.59,2.89,1.0,14.19,3.11,-2.66,5.77,0.0457898877841281,0.0170579829045767,-0.0139862419747399,0.0318036458093881,0.0030717409298368,0.1,5.9406,34.85,3.17,5.89,10.69,2.56,,,,,,,,,,1.0,14.0,-0.0125393492527352,0.0275404669368471
1938-02-01,11.04,0.79,1.02,14.1,2.54,253.14,18.04,8603.12,23.46,797.45,13.26,17.28,3.09,1.0,14.34,2.84,-2.65,5.5,-0.0111751087260475,0.0105153439995231,-0.0070671672230924,-0.0182422759491399,0.0034481767764306,0.08,5.8869,34.85,3.2,5.97,11.34,2.54,,,,,,,,,,1.0,13.8,0.0094192219164917,0.0134909297410152
1938-03-01,10.31,0.78,0.97,14.1,2.53,236.4,17.88,8084.91,22.24,760.66,12.38,16.14,3.64,1.0,14.39,3.73,-2.62,6.34,-0.0621255669228089,0.0034806857278021,0.0,-0.0621255669228089,0.0034806857278021,0.08,5.8869,34.85,3.22,6.3,8.5,2.53,,,,,,,,,,1.0,13.7,0.0062305497506361,0.0538027059929761
1938-04-01,9.89,0.77,0.9,14.2,2.51,225.17,17.46,7750.68,20.57,707.93,11.79,15.39,4.13,1.0,14.34,4.81,-2.72,7.53,-0.0422187797900534,-0.0034806857278022,0.0070671672230923,-0.0351516125669611,0.0035864814952901,0.09,5.7794,34.85,3.3,6.47,9.7,2.51,,,,,,,,,,1.0,13.5,0.0245411089161174,0.0266264751153221
1938-05-01,9.98,0.75,0.84,14.1,2.49,228.84,17.27,7926.23,19.18,664.49,11.99,15.68,3.88,1.0,14.49,5.08,-2.83,7.91,0.0223969313159644,0.0104059211611168,-0.0070671672230924,0.015329764092872,0.0033387539380243,0.05,5.645,34.85,3.22,6.06,9.27,2.49,,,,,,,,,,1.0,13.5,-0.0245411089161175,-0.0654663084315861
1938-06-01,10.21,0.74,0.77,14.1,2.48,234.11,16.97,8157.88,17.66,615.24,12.29,16.08,3.75,1.0,14.54,5.16,-2.92,8.08,0.0288068185319561,0.0034447157727822,0.0,0.0288068185319561,0.0034447157727822,0.05,5.6987,34.85,3.26,6.25,11.56,2.48,,,,,,,,,,1.0,13.5,0.0123458358222991,0.0308716636670871
1938-07-01,12.24,0.71,0.72,14.1,2.46,280.66,16.36,9827.36,16.51,578.08,14.77,19.33,2.4,1.0,14.59,2.89,-3.05,5.93,0.1861860011738476,0.003432890429321,0.0,0.1861860011738476,0.003432890429321,0.07,6.0213,34.85,3.22,5.63,12.4,2.46,,,,,,,,,,0.0,13.6,-0.0123458358222992,-0.1044720215967111
1938-08-01,12.31,0.69,0.67,14.1,2.44,282.26,15.74,9929.51,15.36,540.44,14.9,19.51,2.36,1.0,14.65,2.48,-3.09,5.57,0.0103407989482214,0.004103972928382,0.0,0.0103407989482214,0.004103972928382,0.06,6.3439,34.85,3.18,5.49,12.06,2.44,,,,,,,,,,0.0,13.4,-0.0125001627642314,-0.0251811866301596
1938-09-01,11.75,0.66,0.62,14.1,2.43,269.42,15.13,9522.16,14.22,502.45,14.28,18.69,2.55,1.0,14.7,2.84,-3.1,5.94,-0.041889417597869,0.0034071583216141,0.0,-0.041889417597869,0.0034071583216141,0.08,6.532,34.85,3.21,5.65,12.24,2.43,,,,,,,,,,0.0,13.5,0.0093897403498389,0.0287272896369102
1938-10-01,13.06,0.61,0.63,14.0,2.41,301.6,14.09,10700.87,14.47,513.47,16.06,21.01,1.78,1.0,14.85,2.01,-3.13,5.14,0.1167033327499642,0.0101523714640181,-0.0071174677688639,0.1095858649811002,0.0030349036951541,0.05,6.6933,34.85,3.15,5.36,13.17,2.41,,,,,,,,,,0.0,13.4,-0.0188684843043828,-0.0526915700756389
1938-11-01,13.07,0.56,0.63,14.0,2.39,301.83,12.93,10747.3,14.63,520.78,16.15,21.1,1.76,1.0,14.9,1.52,-3.06,4.58,0.0043295136625921,0.0033613477027049,0.0,0.0043295136625921,0.0033613477027049,0.04,6.9621,34.85,3.1,5.23,12.73,2.39,,,,,,,,,,0.0,13.4,-0.016000341346441,-0.024552697005879
1938-12-01,12.69,0.51,0.64,14.0,2.38,293.05,11.78,10469.78,14.78,528.03,15.76,20.56,1.99,1.0,14.96,1.81,-3.02,4.83,-0.0261615479910642,0.0040187595949176,0.0,-0.0261615479910642,0.0040187595949176,0.03,7.0428,34.85,3.08,5.27,13.21,2.38,,,,,,,,,,0.0,13.3,-0.0064725145056174,0.0076190844764393
1939-01-01,12.5,0.51,0.66,14.0,2.36,288.66,11.85,10348.32,15.32,549.15,15.6,20.32,2.07,1.0,15.01,2.14,-2.99,5.13,-0.0116688245495841,0.0033366730990392,0.0,-0.0116688245495841,0.0033366730990392,0.03,7.0428,34.42,3.01,5.12,12.3,2.36,,,37.1,29923.0,,,,,,0.0,13.3,-0.0229895182246988,-0.0288759235018544
1939-02-01,12.4,0.52,0.69,13.9,2.35,288.42,12.02,10375.28,15.97,574.55,15.66,20.38,1.99,1.0,15.16,1.85,-2.99,4.84,0.0026018660087313,0.0099437345688549,-0.0071684894786125,-0.0045666234698811,0.0027752450902424,0.03,7.0965,34.42,3.0,5.05,12.7,2.35,,,37.2,30100.0,,,,,,0.0,13.3,-0.0033277900926745,-0.0137661957641479
1939-03-01,12.39,0.52,0.71,13.9,2.34,288.18,12.09,10403.17,16.51,596.15,15.73,20.43,2.03,1.0,15.21,1.98,-3.0,4.98,0.0026845136908065,0.0032927260569759,0.0,0.0026845136908065,0.0032927260569759,0.03,7.1234,34.42,2.99,4.89,10.98,2.34,,,37.3,30280.0,,,,,,0.0,13.2,-0.0033389012655145,-0.0321959398004878
1939-04-01,10.83,0.52,0.73,13.8,2.32,253.72,12.26,9196.11,17.02,617.04,13.92,18.05,2.86,1.0,15.37,3.24,-3.12,6.36,-0.1233299988433251,0.0104644512793029,-0.007220247973487,-0.1305502468168121,0.0032442033058159,0.03,7.0965,34.42,3.02,5.15,10.92,2.32,,,37.3,30094.0,,,,,,0.0,13.1,0.0099834439841832,0.0518044111888641
1939-05-01,11.23,0.53,0.74,13.8,2.31,263.09,12.34,9573.03,17.41,633.66,14.5,18.78,2.52,1.0,15.41,2.85,-3.09,5.95,0.0401692012212748,0.00259909178152,0.0,0.0401692012212748,0.00259909178152,0.03,7.0696,34.42,2.97,5.07,11.6,2.31,,,37.0,30299.0,,,,,,0.0,13.1,-0.0166948785721699,-0.015655897072553
1939-06-01,11.43,0.53,0.76,13.8,2.3,267.78,12.42,9781.17,17.81,650.37,14.83,19.18,2.32,1.0,15.46,2.08,-3.14,5.22,0.0215093390200839,0.0032393938272514,0.0,0.0215093390200839,0.0032393938272514,0.03,7.2309,34.42,2.92,4.91,10.86,2.3,,,37.4,30502.0,,,,,,0.0,13.0,-0.0169783365344179,-0.0320668757966626
1939-07-01,11.71,0.54,0.78,13.8,2.29,274.34,12.65,10059.29,18.2,667.18,15.27,19.71,2.03,1.0,15.51,2.5,-3.07,5.57,0.0280374768469554,0.0032289340291713,0.0,0.0280374768469554,0.0032289340291713,0.04,7.446,34.42,2.89,4.84,12.04,2.29,,,37.3,30419.0,,,,,,0.0,13.0,-0.0103271141558495,-0.0143592210778888
1939-08-01,11.54,0.55,0.79,13.8,2.27,270.36,12.89,9952.62,18.59,684.21,15.12,19.48,2.11,1.0,15.55,2.98,-3.13,6.11,-0.0106607525485073,0.0025756614367956,0.0,-0.0106607525485073,0.0025756614367956,0.05,7.5535,34.42,2.93,4.85,11.18,2.27,,,38.1,30663.0,,,,,,0.0,12.9,0.0137459209046351,0.0020639842208514
1939-09-01,12.77,0.56,0.81,14.1,2.26,292.81,12.84,10818.49,18.57,686.22,16.45,21.15,1.79,1.0,15.27,2.27,-2.97,5.24,0.0834208742106696,-0.018170519394702,0.0215062052209634,0.104927079431633,0.0033356858262613,0.14,8.0105,34.42,3.25,5.0,13.02,2.26,,,38.1,31031.0,,,,,,0.0,13.6,0.10365257331267,0.0304592074847086
1939-10-01,12.9,0.58,0.84,14.0,2.25,297.9,13.39,11047.93,19.4,719.4,16.82,21.57,1.6,1.0,15.42,2.46,-2.97,5.43,0.0209863727961458,0.0097752489046424,-0.0071174677688639,0.0138689050272818,0.0026577811357784,0.05,8.4137,34.42,3.15,4.88,12.83,2.25,,,39.1,31411.0,,,,,,0.0,13.7,-0.0312525435041044,-0.0242926925690445
1939-11-01,12.67,0.6,0.87,14.0,2.24,292.59,13.86,10893.77,20.09,748.03,16.6,21.24,1.7,1.0,15.47,2.76,-3.02,5.78,-0.0140520138989066,0.0032372964497913,0.0,-0.0140520138989066,0.0032372964497913,0.05,8.6287,34.42,3.0,4.85,12.2,2.23,,,38.5,31470.0,,,,,,0.0,13.6,-0.0487901641694319,-0.006166514915664
1939-12-01,12.37,0.62,0.9,14.0,2.22,285.66,14.32,10680.25,20.78,777.06,16.28,20.78,1.88,1.0,15.51,3.39,-2.95,6.33,-0.019794824701817,0.0025823126034726,0.0,-0.019794824701817,0.0025823126034726,0.04,8.6287,34.42,2.94,4.92,12.49,2.22,,,38.4,31542.0,,,,,,0.0,13.7,-0.0202027073175194,0.0143298255548248
1940-01-01,12.3,0.62,0.93,13.9,2.21,286.09,14.5,10741.39,21.63,812.15,16.38,20.86,1.84,1.0,15.67,3.64,-2.99,6.63,0.0057082619273486,0.0102630791794819,-0.0071684894786125,-0.0014602275512638,0.0030945897008694,0.01,8.5212,33.85,2.88,4.86,12.05,2.21,,,37.9,31603.0,,,,,,0.0,13.7,-0.0206192872027357,-0.0122700925918142
1940-02-01,12.22,0.63,0.96,14.0,2.19,282.2,14.47,10640.58,22.17,835.92,16.22,20.61,2.06,1.0,15.62,4.0,-2.95,6.95,-0.0094295097191211,-0.0031959119563895,0.0071684894786124,-0.0022610202405086,0.0039725775222229,0.02,8.2524,33.85,2.86,4.83,12.13,2.19,,,37.3,31715.0,,,,,,0.0,13.6,-0.0069686693160933,-0.0061919702479211
1940-03-01,12.15,0.63,0.99,14.0,2.17,280.58,14.55,10625.34,22.86,865.77,16.17,20.51,2.15,1.0,15.68,4.11,-3.03,7.14,-0.0014332794075166,0.0038338705107218,0.0,-0.0014332794075166,0.0038338705107218,0.02,8.0642,33.85,2.84,4.8,12.25,2.17,,,37.4,31825.0,,,,,,0.0,13.5,-0.0070175726586465,-0.006230549750636
1940-04-01,12.27,0.64,1.01,14.0,2.15,283.35,14.7,10776.68,23.25,884.15,16.37,20.71,2.04,1.0,15.74,4.31,-3.07,7.38,0.0141428260109278,0.0038192280669953,0.0,0.0141428260109278,0.0038192280669953,0.02,8.2255,33.85,2.82,4.74,12.19,2.14,,,37.4,31701.0,,,,,,0.0,13.5,-0.0070671672230924,-0.01257878220686
1940-05-01,10.58,0.64,1.02,14.0,2.12,244.33,14.86,9339.45,23.63,903.34,14.14,17.86,3.08,1.0,15.8,6.18,-3.14,9.32,-0.1431371763121825,0.003804697043664,0.0,-0.1431371763121825,0.003804697043664,0.06,8.4674,33.85,2.93,4.94,9.27,2.12,,,37.5,31879.0,,,,,,0.0,13.5,0.0382655380789538,0.0413281954928459
1940-06-01,9.67,0.65,1.04,14.1,2.1,221.73,14.9,8523.08,23.85,916.65,12.84,16.21,3.95,1.0,15.74,7.34,-3.15,10.48,-0.0914695861348248,-0.0038046970436639,0.0071174677688639,-0.0843521183659609,0.0033127707251999,0.1,8.7362,33.85,2.96,5.11,9.98,2.1,,,37.6,31977.0,,,,,,0.0,13.4,0.0101868453069929,0.0338340730157818
1940-07-01,9.99,0.66,1.05,14.0,2.08,230.7,15.16,8916.6,24.32,940.15,13.37,16.86,3.71,1.0,15.91,5.98,-3.37,9.35,0.0451369301480298,0.0107425993604383,-0.0071174677688639,0.0380194623791658,0.0036251315915743,0.05,8.8438,33.85,2.88,4.8,10.29,2.08,,,38.0,31942.0,,,,,,0.0,13.4,-0.0273989741881145,-0.0625834863017678
1940-08-01,10.2,0.66,1.07,14.0,2.06,235.55,15.32,9153.38,24.63,957.22,13.65,17.2,3.64,1.0,15.97,6.3,-3.48,9.78,0.0262085019731131,0.0037641198772256,0.0,0.0262085019731131,0.0037641198772256,0.04,8.8975,33.85,2.85,4.76,10.56,2.06,,,38.4,32352.0,,,,,,0.0,13.4,-0.0104712998672953,-0.0083682496705165
1940-09-01,10.63,0.67,1.08,14.0,2.04,245.48,15.47,9589.36,24.94,974.27,14.21,17.89,3.31,1.0,16.03,6.19,-3.56,9.75,0.0465309405013092,0.0037500043945405,0.0,0.0465309405013092,0.0037500043945405,0.05,9.0857,33.85,2.82,4.66,10.66,2.04,,,39.0,32810.0,,,,,,0.0,13.4,-0.0105821093305369,-0.021232220105774
1940-10-01,10.73,0.67,1.07,14.0,2.02,247.79,15.47,9729.93,24.71,970.27,14.33,18.02,3.33,1.0,16.09,6.44,-3.67,10.11,0.0145525514425663,0.0037359943828302,0.0,0.0145525514425663,0.0037359943828302,0.02,9.2201,33.85,2.79,4.56,11.08,2.02,,,39.3,33267.0,,,,,,0.0,13.6,-0.0106952891167479,-0.0216928246112598
1940-11-01,10.98,0.67,1.06,14.0,1.99,253.56,15.47,10007.26,24.48,966.09,14.64,18.39,3.27,1.0,16.15,6.14,-3.74,9.88,0.0281041276560979,0.0037220886643735,0.0,0.0281041276560979,0.0037220886643735,0.02,9.4351,33.85,2.75,4.48,10.61,1.99,,,38.6,33669.0,,,,,,0.0,13.7,-0.0144406841547943,-0.0176995770994007
1940-12-01,10.53,0.67,1.05,14.1,1.97,241.45,15.36,9579.59,24.08,955.23,13.91,17.47,3.9,1.0,16.09,6.5,-3.82,10.32,-0.0436760360113792,-0.0037220886643735,0.0071174677688639,-0.0365585682425152,0.0033953791044903,0.02,9.7577,33.85,2.71,4.45,10.58,1.97,,,39.6,34174.0,,,,,,0.0,13.8,-0.0146522767868703,-0.0067189502487449
1941-01-01,10.55,0.67,1.05,14.1,1.95,241.91,15.44,9648.83,24.15,963.36,13.9,17.46,4.05,1.0,16.15,7.08,-4.0,11.08,0.0072018709048388,0.0037220886643735,0.0,0.0072018709048388,0.0037220886643735,0.02,9.9996,33.85,2.75,4.38,10.07,1.95,,,39.4,34481.0,,,,,,0.0,13.9,0.0146522767868704,-0.0158553717897941
1941-02-01,9.89,0.68,1.06,14.1,1.99,226.77,15.52,9096.78,24.23,971.92,13.0,16.33,4.63,1.0,16.11,8.04,-4.08,12.12,-0.0589161597263523,-0.0024798524797824,0.0,-0.0589161597263523,-0.0024798524797824,0.04,10.2953,33.85,2.78,4.42,9.92,1.99,,,40.1,34843.0,,,,,,0.0,13.9,0.0108500160240656,0.0090909717012521
1941-03-01,9.95,0.68,1.06,14.2,2.04,226.54,15.48,9139.27,24.13,973.63,12.96,16.27,4.75,1.0,15.96,7.83,-4.02,11.85,0.0046600088167759,-0.0093546051672202,0.0070671672230923,0.0117271760398683,-0.0022874379441278,0.11,10.6179,33.85,2.8,4.38,9.96,2.04,,,40.4,35092.0,,,,,,0.0,14.0,0.0071684894786124,-0.0090909717012519
1941-04-01,9.64,0.68,1.07,14.3,2.08,217.95,15.45,8844.55,24.19,981.71,12.43,15.62,5.17,1.0,15.82,8.39,-3.92,12.31,-0.0327790634511449,-0.0088106296821549,0.0070175726586465,-0.0257614907924984,-0.0017930570235083,0.1,10.6448,33.85,2.82,4.33,9.31,2.08,,,40.5,35468.0,,,,,,0.0,14.4,0.0071174677688639,-0.0114811823739562
1941-05-01,9.43,0.69,1.08,14.4,2.12,211.72,15.42,8643.93,24.25,989.97,12.04,15.14,5.58,1.0,15.68,8.67,-3.85,12.52,-0.0229441096071474,-0.008888947417246,0.0069686693160932,-0.0159754402910542,-0.0019202781011528,0.11,11.1286,33.85,2.81,4.32,9.35,2.12,,,40.8,36182.0,,,,,,0.0,14.6,-0.0035524016043677,-0.0023121397583795
1941-06-01,9.76,0.69,1.09,14.7,2.16,214.66,15.18,8815.48,23.97,984.52,12.16,15.31,5.79,1.0,15.33,8.33,-3.62,11.95,0.0196519264957725,-0.022574322038539,0.0206192872027356,0.0402712136985081,-0.0019550348358034,0.12,11.2093,33.85,2.77,4.31,9.85,2.16,,,41.4,36650.0,,,,,,0.0,15.0,-0.0143371631464073,-0.0023174981403627
1941-07-01,10.26,0.69,1.12,14.7,2.21,225.65,15.25,9319.27,24.71,1020.33,12.74,16.05,5.37,1.0,15.3,7.98,-3.59,11.57,0.0555750324446947,-0.0019588644853329,0.0,0.0555750324446947,-0.0019588644853329,0.12,11.3437,33.85,2.74,4.28,10.39,2.2,,,41.1,37137.0,,,,,,0.0,15.3,-0.0108893997992682,-0.0069848945219508
1941-08-01,10.21,0.7,1.16,14.9,2.25,221.54,15.12,9201.4,25.1,1042.41,12.46,15.7,5.64,1.0,15.06,8.64,-3.43,12.07,-0.0127286530588242,-0.0158106060266423,0.0135137191667228,0.0007850661078985,-0.0022968868599194,0.13,11.4781,33.85,2.74,4.27,10.3,2.25,,,41.2,37544.0,,,,,,0.0,15.6,0.0,-0.0023391823531723
1941-09-01,10.24,0.7,1.19,15.1,2.29,219.25,14.99,9158.08,25.48,1064.27,12.28,15.48,5.92,1.0,14.83,8.95,-3.34,12.29,-0.0047190966622379,-0.0153900662219067,0.0133335308694651,0.0086144342072272,-0.0020565353524416,0.1,11.4781,33.85,2.75,4.3,10.2,2.29,,,41.3,37835.0,,,,,,0.0,15.8,0.003642991278501,0.0070011954589835
1941-10-01,9.83,0.7,1.18,15.3,2.33,207.72,14.86,8728.21,24.93,1047.74,11.58,14.6,6.57,1.0,14.61,9.43,-3.22,12.65,-0.0480762409922453,-0.0149459303872326,0.0131580845775112,-0.0349181564147341,-0.0017878458097214,0.09,11.5856,33.85,2.73,4.28,9.5,2.33,,,41.2,37949.0,,,,,,0.0,15.9,-0.0072993024816116,-0.0046620131058111
1941-11-01,9.37,0.71,1.17,15.4,2.38,196.71,14.84,8317.7,24.56,1038.6,10.91,13.78,7.26,1.0,14.49,9.62,-3.2,12.82,-0.0481745344280724,-0.008247469430017,0.0065146810211936,-0.0416598534068787,-0.0017327884088233,0.28,11.6394,33.85,2.72,4.28,9.1,2.38,,,40.4,38024.0,,,,,,0.0,15.9,-0.0036697288889622,0.0
1941-12-01,8.76,0.71,1.16,15.5,2.42,182.72,14.81,7778.22,24.2,1029.99,10.09,12.76,8.1,1.0,14.37,10.71,-3.14,13.85,-0.0670582540685162,-0.0083160562416575,0.0064725145056175,-0.0605857395628986,-0.0018435417360399,0.33,11.8275,33.85,2.8,4.38,8.69,2.42,,,40.9,38104.0,,,,,,0.0,16.2,0.0289875368732521,0.0230957147946491
1942-01-01,8.93,0.7,1.12,15.7,2.46,183.89,14.48,7879.54,23.06,988.25,10.1,12.81,8.38,1.0,14.16,10.98,-2.99,13.97,0.0129420062916556,-0.0147216118253597,0.0128206884290614,0.0257626947207171,-0.0019009233962982,0.27,12.0695,33.85,2.83,4.29,8.81,2.46,,,42.1,38347.0,,,,,,0.0,16.5,0.0106572944739881,-0.0207619914484291
1942-02-01,8.65,0.7,1.08,15.8,2.46,177.0,14.26,7635.07,22.1,953.28,9.68,12.3,9.01,1.0,14.1,11.27,-2.86,14.13,-0.0315174195989154,-0.004246290881451,0.0063492276786587,-0.0251681919202567,0.0021029367972076,0.25,12.2845,33.85,2.85,4.29,8.59,2.46,,,42.4,38512.0,,,,,,0.0,16.7,0.0070422826254129,0.0
1942-03-01,8.18,0.69,1.04,16.0,2.46,165.29,13.94,7180.08,21.01,912.87,9.0,11.47,9.99,1.0,13.95,12.04,-2.75,14.79,-0.061441581873089,-0.010695289116748,0.0125787822068599,-0.0488627996662291,0.0018834930901119,0.25,12.4189,33.85,2.86,4.3,8.01,2.46,,,42.7,38935.0,,,,,,0.0,16.8,0.003502630551202,0.0023282897595911
1942-04-01,7.84,0.68,1.02,16.1,2.46,157.44,13.66,6888.33,20.48,896.19,8.54,10.92,10.72,1.0,13.89,12.49,-2.73,15.22,-0.0414818496738657,-0.0043103515011221,0.0062305497506361,-0.0352512999232295,0.001920198249514,0.32,12.0695,33.85,2.83,4.26,7.66,2.46,,,42.8,39352.0,,,,,,0.0,17.0,-0.0105449131766148,-0.0093458624182376
1942-05-01,7.93,0.67,1.0,16.3,2.46,157.29,13.29,6930.37,19.83,873.94,8.51,10.9,11.05,1.0,13.75,12.47,-2.62,15.09,0.0060845274444751,-0.010130332653672,0.0123458358222993,0.0184303632667745,0.0022155031686272,0.37,12.0963,33.85,2.85,4.27,8.15,2.46,,,43.1,39771.0,,,,,,0.0,17.0,0.0070422826254129,0.002344666959254
1942-06-01,8.33,0.66,0.98,16.3,2.46,165.22,13.09,7328.01,19.44,862.12,8.91,11.44,10.59,1.0,13.78,12.16,-2.66,14.82,0.0557907891697676,0.002179441472932,0.0,0.0557907891697676,0.002179441472932,0.37,12.1232,33.85,2.85,4.33,8.3,2.46,,,43.0,40029.0,,,,,,0.0,17.0,0.0,0.0139537147738653
1942-07-01,8.64,0.65,0.97,16.4,2.47,170.33,12.75,7601.5,19.06,850.48,9.15,11.78,10.35,1.0,13.72,12.03,-2.68,14.72,0.0366416042390344,-0.0043636432877732,0.006116227017436,0.0427578312564705,0.0017525837296628,0.38,12.4189,33.85,2.83,4.3,8.56,2.46,,,43.5,40472.0,,,,,,0.0,17.0,-0.0070422826254129,-0.0069525193148817
1942-08-01,8.59,0.63,0.95,16.5,2.47,168.31,12.41,7557.86,18.68,838.78,9.01,11.63,10.66,1.0,13.67,12.2,-2.63,14.83,-0.0057575149019109,-0.0036509715618809,0.0060790460763821,0.0003215311744712,0.0024280745145012,0.38,12.7952,33.85,2.81,4.28,8.62,2.47,,,43.3,40988.0,,,,,,0.0,17.1,-0.0070922283094919,-0.0046620131058111
1942-09-01,8.68,0.62,0.94,16.5,2.47,170.08,12.15,7682.5,18.42,831.98,9.08,11.75,10.65,1.0,13.69,11.89,-2.64,14.53,0.0163569336856599,0.0014619885644991,0.0,0.0163569336856599,0.0014619885644991,0.38,13.0909,33.85,2.8,4.26,8.85,2.47,,,43.2,41259.0,,,,,,0.0,17.2,-0.0035650661644962,-0.0046838493124264
1942-10-01,9.32,0.61,0.97,16.7,2.47,180.43,11.81,8194.62,18.78,852.87,9.6,12.44,10.25,1.0,13.56,10.99,-2.53,13.52,0.0645328263605359,-0.0095413567881079,0.0120483385161743,0.0765811648767103,0.0025069817280664,0.38,13.521,33.85,2.8,4.24,9.42,2.47,,,43.7,41515.0,,,,,,0.0,17.2,0.0,-0.0047058910374125
1942-11-01,9.47,0.6,1.0,16.8,2.47,182.24,11.55,8320.64,19.24,878.63,9.66,12.54,10.32,1.0,13.5,11.22,-2.48,13.7,0.0152613335685734,-0.0044345970678657,0.0059701669865039,0.0212315005550774,0.0015355699186382,0.38,13.8436,33.85,2.79,4.25,9.29,2.47,,,44.2,41674.0,,,,,,0.0,17.3,-0.0035778213478838,0.0023557136924589
1942-12-01,9.52,0.59,1.03,16.9,2.47,182.12,11.29,8358.02,19.7,904.28,9.62,12.5,10.51,1.0,13.45,11.66,-2.43,14.09,0.0044823819882144,-0.0037105793965357,0.0059347355198145,0.010417117508029,0.0022241561232788,0.38,14.1662,33.85,2.81,4.28,9.77,2.47,,,44.2,41915.0,,,,,,0.0,17.4,0.0071428875123802,0.0070340266573799
1943-01-01,10.09,0.59,1.04,16.9,2.47,193.03,11.29,8901.62,19.96,920.45,10.15,13.21,10.12,1.0,13.47,11.11,-2.4,13.51,0.0630117257060978,0.0014858843744245,0.0,0.0630117257060978,0.0014858843744245,0.38,14.3006,33.85,2.79,4.16,10.47,2.47,,,44.6,42172.0,,,,,,0.0,17.5,-0.0071428875123801,-0.0284379353205335
1943-02-01,10.69,0.59,1.06,16.9,2.47,204.5,11.29,9474.32,20.21,936.5,10.71,13.95,9.77,1.0,13.5,10.37,-2.33,12.71,0.0623516979371068,0.0022246950221111,0.0,0.0623516979371068,0.0022246950221111,0.38,14.6769,33.85,2.77,4.08,11.0,2.47,,,44.5,42393.0,,,,,,0.0,17.7,-0.007194275634027,-0.0194180858571016
1943-03-01,11.07,0.59,1.07,17.2,2.47,208.08,11.09,9682.8,20.11,935.92,10.85,14.15,9.91,1.0,13.29,10.2,-2.17,12.37,0.0217661350772928,-0.0156778127192299,0.0175957618903796,0.0393618969676725,0.0019179491711497,0.38,14.7844,33.85,2.76,4.01,11.58,2.47,,,44.7,42552.0,,,,,,0.0,17.8,-0.0036166404701885,-0.0173057470975925
1943-04-01,11.44,0.59,1.08,17.4,2.47,212.56,10.96,9933.93,20.07,937.82,11.04,14.4,9.87,1.0,13.17,9.41,-2.1,11.52,0.0256050544930622,-0.0090703569699642,0.011560822401076,0.0371658768941382,0.0024904654311117,0.38,14.9726,33.85,2.76,3.96,11.59,2.47,,,45.1,42647.0,,,,,,0.0,17.9,0.0,-0.0125472160520886
1943-05-01,11.89,0.59,1.09,17.5,2.47,219.66,10.9,10308.14,20.14,944.99,11.36,14.83,9.67,1.0,13.12,9.08,-2.27,11.34,0.0369777042286308,-0.0038037322392467,0.005730674708985,0.0427083789376159,0.0019269424697383,0.38,15.0801,33.85,2.74,3.91,12.11,2.47,,,45.4,42596.0,,,,,,0.0,17.9,-0.0072727593290795,-0.0127066512691146
1943-06-01,12.1,0.59,1.1,17.5,2.47,223.54,10.9,10532.83,20.32,957.53,11.52,15.03,9.47,1.0,13.14,8.46,-2.35,10.81,0.0215631715908826,0.0015232295405216,0.0,0.0215631715908826,0.0015232295405216,0.38,14.9995,33.85,2.72,3.88,12.35,2.47,,,45.3,42781.0,,,,,,0.0,17.9,-0.0073260400920728,-0.0077022203620923
1943-07-01,12.35,0.59,1.09,17.4,2.48,229.47,11.02,10855.52,20.31,961.03,11.77,15.37,8.9,1.0,13.24,8.34,-2.25,10.59,0.0301766604016031,0.0075815374523977,-0.005730674708985,0.024445985692618,0.0018508627434126,0.38,15.4564,33.85,2.69,3.81,11.68,2.47,,,45.4,42700.0,,,,,,0.0,17.8,-0.0110906866941582,-0.0182059644965724
1943-08-01,11.74,0.6,1.09,17.3,2.48,219.4,11.15,10422.94,20.31,964.76,11.21,14.65,9.19,1.0,13.35,8.84,-2.35,11.19,-0.0406645601339342,0.0082738343373963,-0.0057637047167499,-0.0464282648506841,0.0025101296206464,0.38,15.779,33.85,2.69,3.81,11.8,2.48,,,45.4,42546.0,,,,,,0.0,17.8,0.0,0.0
1943-09-01,11.99,0.6,1.08,17.4,2.48,222.78,11.15,10627.86,20.07,957.3,11.34,14.82,9.15,1.0,13.3,8.17,-2.22,10.39,0.0194697088190139,-0.0037523496185503,0.0057637047167499,0.0252334135357638,0.0020113550981995,0.38,16.1822,33.85,2.69,3.83,12.08,2.48,,,45.6,42492.0,,,,,,0.0,17.8,0.0,0.0052356140539449
1943-10-01,11.88,0.6,1.03,17.4,2.48,220.74,11.21,10574.92,19.2,919.81,11.19,14.63,9.26,1.0,13.32,8.56,-2.08,10.64,-0.0049936951676759,0.0015026298845348,0.0,-0.0049936951676759,0.0015026298845348,0.38,16.4241,33.85,2.7,3.82,11.92,2.48,,,45.6,42675.0,,,,,,0.0,17.8,0.0037105793965357,-0.0026143805740708
1943-11-01,11.33,0.61,0.99,17.4,2.48,210.52,11.27,10130.34,18.33,882.2,10.63,13.92,9.73,1.0,13.35,9.36,-2.06,11.42,-0.0429502785223013,0.0022497197340153,0.0,-0.0429502785223013,0.0022497197340153,0.38,16.6392,33.85,2.71,3.83,11.02,2.48,,,45.7,42821.0,,,,,,0.0,17.7,0.0036968618813259,0.0026143805740708
1943-12-01,11.48,0.61,0.94,17.4,2.48,213.31,11.33,10309.91,17.47,844.19,10.74,14.07,9.64,1.0,13.38,9.37,-1.98,11.35,0.0175706872322192,0.0022446698538239,0.0,0.0175706872322192,0.0022446698538239,0.38,16.4241,33.85,2.74,3.82,11.67,2.48,,,44.6,42746.0,,,,,,0.0,17.8,0.0110092855083693,-0.0026143805740708
1944-01-01,11.85,0.61,0.94,17.4,2.48,220.18,11.4,10688.1,17.4,844.83,11.05,14.49,9.37,1.0,13.4,9.3,-1.88,11.18,0.0360254044361208,0.0014936522567833,0.0,0.0360254044361208,0.0014936522567833,0.38,16.6123,33.85,2.72,3.76,11.85,2.48,,,45.4,42654.0,,,,,,0.0,17.8,-0.0073260400920728,-0.0158314652166806
1944-02-01,11.77,0.62,0.93,17.4,2.47,218.7,11.46,10662.29,17.34,845.49,10.95,14.37,9.39,1.0,13.44,9.61,-1.88,11.5,-0.0024177556075355,0.0029806281381377,0.0,-0.0024177556075355,0.0029806281381377,0.38,16.7467,33.85,2.74,3.72,11.82,2.47,,,45.4,42538.0,,,,,,0.0,17.8,0.0073260400920728,-0.0106952891167478
1944-03-01,12.1,0.62,0.93,17.4,2.46,224.83,11.52,11008.04,17.28,846.07,11.22,14.75,9.17,1.0,13.48,9.54,-1.8,11.35,0.0319126974749064,0.0029717703891574,0.0,0.0319126974749064,0.0029717703891574,0.38,16.7198,33.85,2.74,3.7,12.02,2.46,,,45.2,42294.0,,,,,,0.0,17.9,0.0,-0.0053908486348764
1944-04-01,11.89,0.62,0.93,17.5,2.45,219.66,11.52,10802.17,17.12,841.88,10.94,14.39,9.47,1.0,13.44,10.27,-1.65,11.92,-0.0188788750321266,-0.0029717703891575,0.005730674708985,-0.0131482003231416,0.0027589043198274,0.38,16.7198,33.85,2.74,3.68,11.87,2.45,,,45.2,42063.0,,,,,,0.0,17.9,0.0,-0.0054200674693392
1944-05-01,12.1,0.63,0.92,17.5,2.44,223.54,11.58,11040.4,17.06,842.48,11.1,14.62,9.35,1.0,13.48,10.47,-1.77,12.23,0.0218142322034586,0.0029717703891574,0.0,0.0218142322034586,0.0029717703891574,0.38,16.6123,33.85,2.73,3.63,12.35,2.44,,,45.3,41985.0,,,,,,0.0,17.9,-0.0036563112031105,-0.0136801039040802
1944-06-01,12.67,0.63,0.92,17.6,2.43,232.74,11.57,11542.43,16.9,838.12,11.53,15.2,9.0,1.0,13.44,10.11,-1.73,11.84,0.044468538759893,-0.0029717703891575,0.0056980211146377,0.0501665598745308,0.0027262507254802,0.38,16.5585,33.85,2.73,3.59,12.98,2.43,,,45.5,41947.0,,,,,,0.0,18.0,0.0,-0.0110804457765719
1944-07-01,13.0,0.63,0.91,17.7,2.43,237.46,11.57,11823.96,16.68,830.71,11.74,15.48,8.92,1.0,13.4,10.33,-1.61,11.94,0.02409817041365,-0.0029806281381377,0.0056657375356773,0.0297639079493273,0.0026851093975395,0.38,16.5317,33.85,2.72,3.57,12.71,2.42,,,45.4,41904.0,,,,,,0.0,17.9,-0.0036697288889622,-0.0055866067086398
1944-08-01,12.81,0.64,0.91,17.7,2.42,233.98,11.63,11699.4,16.56,828.06,11.54,15.23,9.07,1.0,13.44,10.7,-1.67,12.38,-0.0105904228127323,0.0029806281381377,0.0,-0.0105904228127323,0.0029806281381377,0.38,16.7467,33.85,2.71,3.55,12.82,2.42,,,45.4,41850.0,,,,,,0.0,17.9,-0.0036832454162965,-0.0056179923042232
1944-09-01,12.6,0.64,0.9,17.7,2.41,230.15,11.69,11556.32,16.44,825.45,11.33,14.97,9.09,1.0,13.48,11.18,-1.66,12.84,-0.0123050849742211,0.0029717703891574,0.0,-0.0123050849742211,0.0029717703891574,0.38,16.6392,33.85,2.72,3.56,12.78,2.41,,,45.2,41679.0,,,,,,0.0,17.9,0.0036832454162965,0.0028129413766146
1944-10-01,12.91,0.64,0.91,17.7,2.4,235.81,11.69,11889.56,16.62,838.07,11.58,15.32,8.98,1.0,13.52,11.16,-1.71,12.88,0.0284282306674174,0.002962965130657,0.0,0.0284282306674174,0.002962965130657,0.38,16.693,33.85,2.72,3.55,12.78,2.4,,,45.6,41708.0,,,,,,0.0,17.9,0.0,-0.0028129413766147
1944-11-01,12.82,0.64,0.92,17.7,2.39,234.17,11.69,11855.79,16.8,850.81,11.48,15.19,9.07,1.0,13.56,11.67,-1.76,13.43,-0.0028443482844006,0.0029542118974316,0.0,-0.0028443482844006,0.0029542118974316,0.38,16.5585,33.85,2.72,3.53,12.83,2.39,,,45.4,41711.0,,,,,,0.0,18.0,0.0,-0.005649732542119
1944-12-01,13.1,0.64,0.93,17.8,2.38,237.94,11.62,12095.71,16.89,858.7,11.64,15.41,9.09,1.0,13.52,12.02,-1.7,13.73,0.0200344884357958,-0.0029542118974315,0.005633817718256,0.0256683061540518,0.0026796058208245,0.38,16.5048,33.85,2.7,3.49,13.28,2.38,,,45.4,41860.0,,,,,,0.0,18.0,-0.0073801072976225,-0.0113961347308694
1945-01-01,13.49,0.64,0.94,17.8,2.37,245.02,11.68,12505.32,17.07,871.39,11.96,15.85,8.72,1.0,13.55,11.89,-1.8,13.69,0.0333033094842138,0.0022164767108919,0.0,0.0333033094842138,0.0022164767108919,0.38,16.3435,34.71,2.69,3.46,13.47,2.37,,,45.5,41895.0,,,,,,0.0,18.1,-0.0037105793965357,-0.008633147144703
1945-02-01,13.94,0.65,0.95,17.8,2.36,253.19,11.75,12972.42,17.26,884.06,12.34,16.36,8.4,1.0,13.6,11.89,-1.84,13.73,0.0366714115829767,0.0036832454162963,0.0,0.0366714115829767,0.0036832454162963,0.38,16.2897,34.71,2.65,3.41,14.3,2.36,,,45.5,41897.0,,,,,,0.0,18.1,-0.0149815536156169,-0.0145562977742073
1945-03-01,13.93,0.65,0.96,17.8,2.34,253.01,11.81,13013.53,17.44,896.84,12.32,16.34,8.43,1.0,13.64,11.81,-1.88,13.68,0.0031640201182633,0.0029368596733097,0.0,0.0031640201182633,0.0029368596733097,0.38,16.1822,34.71,2.62,3.38,13.64,2.34,,,45.3,41798.0,,,,,,1.0,18.1,-0.0113853222251252,-0.0088365818004981
1945-04-01,14.28,0.65,0.97,17.8,2.33,259.37,11.81,13391.1,17.68,912.75,12.63,16.75,8.17,1.0,13.69,11.9,-1.95,13.85,0.0286007217202296,0.0036589868850414,0.0,0.0286007217202296,0.0036589868850414,0.38,15.8865,34.71,2.61,3.36,14.84,2.33,,,45.0,41446.0,,,,,,1.0,18.2,-0.0038240964384035,-0.0059347355198145
1945-05-01,14.82,0.65,0.99,17.9,2.31,267.67,11.74,13870.36,17.82,923.44,13.04,17.28,8.0,1.0,13.66,11.5,-1.91,13.41,0.0351638821013802,-0.0021937851577134,0.0056022555486697,0.04076613765005,0.0034084703909563,0.38,15.4564,34.71,2.62,3.32,15.01,2.31,,,44.3,41304.0,,,,,,1.0,18.3,0.0038240964384034,-0.0119761910467156
1945-06-01,15.09,0.65,1.0,18.1,2.3,269.54,11.61,14017.14,17.86,928.9,13.13,17.39,8.15,1.0,13.55,12.05,-1.83,13.88,0.0105266772137978,-0.008085306816934,0.0111112254250708,0.0216379026388687,0.0030259186081367,0.38,15.107,34.71,2.61,3.29,14.96,2.3,,,44.8,41149.0,,,,,,1.0,18.3,-0.0038240964384035,-0.0090772181511165
1945-07-01,14.78,0.65,1.0,18.1,2.28,264.0,11.67,13779.75,17.8,929.22,12.87,17.04,8.32,1.0,13.59,13.03,-1.98,15.01,-0.0170807433170952,0.0029476808373423,0.0,-0.0170807433170952,0.0029476808373423,0.38,14.7576,34.71,2.6,3.26,14.66,2.28,,,44.7,40874.0,,,,,,1.0,18.3,-0.0038387763071656,-0.0091603693986642
1945-08-01,14.83,0.66,0.99,18.1,2.27,264.9,11.73,13877.39,17.74,929.53,12.92,17.09,8.3,1.0,13.64,12.92,-2.04,14.96,0.0070607738652177,0.0036724242522637,0.0,0.0070607738652177,0.0036724242522637,0.38,13.2253,34.71,2.61,3.26,15.51,2.27,,,40.9,40466.0,,,,,,1.0,18.2,0.0038387763071656,0.0
1945-09-01,15.84,0.66,0.99,18.1,2.25,282.94,11.79,14873.98,17.68,929.62,13.8,18.25,7.82,1.0,13.68,12.62,-2.09,14.71,0.0693524806009594,0.0029282597790883,0.0,0.0693524806009594,0.0029282597790883,0.38,12.0426,34.71,2.62,3.24,16.16,2.25,,,41.5,38507.0,,,,,,1.0,18.1,0.0038240964384034,-0.0061538655743781
1945-10-01,16.5,0.66,0.98,18.1,2.24,294.73,11.79,15545.37,17.5,923.3,14.37,19.0,7.55,1.0,13.73,11.59,-2.02,13.6,0.0441494674410147,0.0036483075854753,0.0,0.0441494674410147,0.0036483075854753,0.38,11.5587,34.71,2.62,3.2,16.65,2.23,,,41.5,38600.0,,,,,,1.0,18.2,0.0,-0.0124225199985572
1945-11-01,17.04,0.66,0.97,18.1,2.22,304.37,11.79,16105.95,17.33,916.83,14.85,19.61,7.26,1.0,13.77,11.95,-2.03,13.99,0.0354259238423949,0.0029090929606837,0.0,0.0354259238423949,0.0029090929606837,0.38,11.9888,34.71,2.62,3.15,17.19,2.22,,,41.2,38996.0,,,,,,0.0,18.4,0.0,-0.0157483569681392
1945-12-01,17.33,0.66,0.96,18.2,2.21,307.85,11.72,16341.75,17.05,905.26,15.02,19.82,7.26,1.0,13.74,11.97,-2.01,13.98,0.0145344139049558,-0.0021810259463601,0.0055096558109694,0.0200440697159253,0.0033286298646093,0.38,12.0426,34.71,2.61,3.1,17.36,2.2,,,41.1,39110.0,,,,,,0.0,18.4,-0.0038240964384035,-0.016000341346441
1946-01-01,18.02,0.67,0.94,18.2,2.19,320.11,11.84,17044.79,16.7,889.13,15.62,20.6,7.02,1.0,13.78,11.23,-1.97,13.2,0.0421214023450686,0.002906978791309,0.0,0.0421214023450686,0.002906978791309,0.38,11.3706,34.71,2.54,3.01,18.57,2.19,,,40.9,39829.0,,,,,,0.0,18.4,-0.0271861403041567,-0.0294620327303163
1946-02-01,18.07,0.67,0.92,18.1,2.2,322.77,12.03,17239.88,16.43,877.74,15.76,20.77,6.9,1.0,13.88,11.21,-1.96,13.17,0.0113807194690492,0.0072306894931459,-0.0055096558109694,0.0058710636580797,0.0017210336821765,0.38,10.8061,34.71,2.48,2.95,17.28,2.19,,,40.4,39244.0,,,,,,0.0,18.5,-0.0239055208535544,-0.0201349084090558
1946-03-01,17.53,0.68,0.9,18.3,2.2,309.7,12.01,16595.38,15.9,852.02,15.13,19.93,7.34,1.0,13.74,12.42,-1.94,14.36,-0.038100961281313,-0.0101376682844552,0.0109891215755951,-0.0271118397057178,0.0008514532911399,0.38,11.9351,34.71,2.47,2.94,18.08,2.2,,,40.6,40195.0,,,,,,0.0,18.8,-0.0040404095370048,-0.0033955890011382
1946-04-01,18.66,0.68,0.88,18.4,2.21,327.87,11.95,17622.48,15.46,831.07,16.04,21.1,7.02,1.0,13.69,11.87,-2.1,13.97,0.0600510163793311,-0.0036456474938458,0.0054496047675644,0.0655006211468956,0.0018039572737186,0.38,11.72,34.71,2.46,2.96,18.76,2.2,,,40.4,40913.0,,,,,,0.0,19.0,-0.0040568006956144,0.0067796869853787
1946-05-01,18.7,0.68,0.86,18.5,2.21,326.8,11.88,17618.02,15.03,810.24,16.01,21.05,7.08,1.0,13.63,11.51,-1.98,13.49,-0.0002531178629027,-0.0043923935919162,0.0054200674693393,0.0051669496064365,0.0010276738774231,0.38,11.2899,34.71,2.51,3.02,19.18,2.21,,,39.8,41349.0,,,,,,0.0,19.1,0.020121403199421,0.0200675630508093
1946-06-01,18.58,0.68,0.84,18.7,2.22,321.23,11.76,17370.56,14.52,785.32,15.77,20.71,7.21,1.0,13.51,11.55,-1.88,13.43,-0.0141454226628815,-0.0088430937363338,0.0107527917762616,-0.0033926308866198,0.0019096980399278,0.38,11.9888,34.71,2.49,3.03,18.43,2.21,,,40.0,41735.0,,,,,,0.0,19.4,-0.0080000426670761,0.0033057881344994
1946-07-01,18.05,0.68,0.86,19.8,2.22,294.73,11.16,15987.84,13.99,758.8,14.51,19.04,8.27,1.0,12.77,13.03,-1.47,14.5,-0.0829483859333392,-0.0563314819276596,0.0571584138399486,-0.0257899720933906,0.0008269319122889,0.38,12.392,34.71,2.48,3.03,17.96,2.22,,,40.2,42153.0,,,,,,0.0,21.5,-0.0040241502997254,0.0
1946-08-01,17.7,0.69,0.87,20.2,2.23,283.29,10.99,15417.05,13.98,760.69,13.98,18.34,8.66,1.0,12.54,13.45,-1.41,14.86,-0.0363543934473087,-0.0181751348396733,0.0200006667066694,-0.0163537267406392,0.0018255318669961,0.38,12.849,34.71,2.51,3.03,16.65,2.22,,,40.6,42642.0,,,,,,0.0,22.2,0.0120241929668015,0.0
1946-09-01,15.09,0.69,0.89,20.4,2.23,239.15,10.94,13064.43,14.1,770.53,11.84,15.53,10.05,1.0,12.43,14.94,-1.38,16.32,-0.1655807698389946,-0.0088106296821548,0.0098522964430116,-0.155728473395983,0.0010416667608568,0.38,13.0909,34.71,2.58,3.1,14.96,2.23,,,40.4,42915.0,,,,,,0.0,21.4,0.0275066457898337,0.0228394919698229
1946-10-01,14.75,0.7,0.95,20.8,2.24,229.27,10.83,12573.78,14.71,807.0,11.39,14.93,10.58,1.0,12.21,15.23,-1.17,16.4,-0.0382795766204504,-0.0178576174000063,0.0194180858571017,-0.0188614907633487,0.0015604684570953,0.38,13.3329,34.71,2.6,3.15,14.84,2.23,,,40.4,43093.0,,,,,,0.0,23.1,0.0077220460939103,0.0160003413464411
1946-11-01,14.69,0.7,1.0,21.3,2.24,222.97,10.68,12277.47,15.23,838.55,11.11,14.57,11.05,1.0,11.94,15.42,-1.05,16.47,-0.0238478179525381,-0.0223611801581574,0.023754086008107,-9.373194443113714e-05,0.0013929058499496,0.38,13.4135,34.71,2.59,3.17,14.67,2.24,,,40.3,43395.0,,,,,,0.0,24.1,-0.00385356931599,0.0063291350516475
1946-12-01,15.13,0.71,1.06,21.5,2.25,227.52,10.68,12576.57,15.94,881.11,11.37,14.9,10.93,1.0,11.85,15.31,-1.06,16.37,0.0240696836531303,-0.0075662403833158,0.0093458624182375,0.0334155460713679,0.0017796220349217,0.38,13.4941,34.71,2.61,3.17,15.3,2.24,,,40.5,43379.0,,,,,,0.0,24.3,0.0076923456231556,0.0
1947-01-01,15.21,0.71,1.13,21.5,2.25,228.72,10.73,12692.48,16.99,942.97,11.47,15.02,10.78,1.0,11.86,14.99,-0.94,15.92,0.0091741330172589,0.0008435259884392,0.0,0.0091741330172589,0.0008435259884392,0.38,13.6554,34.71,2.57,3.13,15.66,2.25,,11.2894,40.5,43535.0,,,,,,0.0,24.5,-0.0154443224274736,-0.0126985833371274
1947-02-01,15.8,0.72,1.2,21.5,2.27,237.59,10.78,13234.66,18.04,1005.16,11.95,15.64,10.41,1.0,11.87,14.0,-0.85,14.85,0.0418294537848491,0.0008428150519971,0.0,0.0418294537848491,0.0008428150519971,0.38,13.7361,34.71,2.55,3.12,15.43,2.27,,11.5179,40.4,43557.0,,,,,,0.0,24.7,-0.0078125397367936,-0.0032000027306707
1947-03-01,15.16,0.72,1.27,21.9,2.28,223.8,10.63,12515.97,18.75,1048.5,11.29,14.76,11.01,1.0,11.66,14.78,-0.74,15.52,-0.0558337170174831,-0.0178500276992302,0.0184337016888379,-0.0374000153286451,0.0005836739896077,0.38,13.8167,34.71,2.55,3.15,15.17,2.28,,11.7667,40.3,43607.0,,,,,,0.0,25.3,0.0,0.0095694510161506
1947-04-01,14.6,0.73,1.33,21.9,2.3,215.54,10.83,12104.1,19.59,1099.87,10.9,14.24,11.23,1.0,11.66,15.42,-0.81,16.23,-0.03346119068825,0.0,0.0,-0.03346119068825,0.0,0.38,13.7092,34.71,2.53,3.16,14.58,2.3,,12.0269,40.5,43499.0,,,,,,0.0,25.1,-0.0078740564309058,0.003169574761279
1947-05-01,14.34,0.75,1.38,21.9,2.31,211.7,11.02,11940.13,20.42,1151.82,10.73,14.01,11.28,1.0,11.67,16.01,-0.92,16.93,-0.0136392425062069,0.0008572653761183,0.0,-0.0136392425062069,0.0008572653761183,0.38,13.7629,34.71,2.53,3.17,14.45,2.31,,12.2788,40.4,43638.0,,,,,,0.0,25.0,0.0,0.0031595602903685
1947-06-01,14.84,0.76,1.44,22.0,2.33,218.08,11.17,12352.78,21.16,1198.65,11.08,14.45,11.02,1.0,11.62,15.8,-1.05,16.85,0.0339761432797051,-0.0042936948746995,0.0045558165358608,0.038531959815566,0.0002621216611613,0.38,13.7629,34.71,2.55,3.21,15.21,2.33,,12.4832,40.4,43810.0,,,,,,0.0,25.0,0.0078740564309058,0.0125393492527351
1947-07-01,15.77,0.77,1.48,22.2,2.35,229.66,11.21,13061.58,21.51,1223.06,11.7,15.23,10.56,1.0,11.52,15.34,-1.11,16.45,0.0557939576655833,-0.0086430961560199,0.0090498355199178,0.0648437931855012,0.0004067393638978,0.66,13.6823,34.71,2.55,3.18,15.76,2.35,,12.78,40.4,43743.0,,,,,,0.0,25.3,0.0,-0.0093897403498389
1947-08-01,15.46,0.78,1.51,22.5,2.36,222.15,11.21,12687.21,21.75,1241.91,11.34,14.74,10.95,1.0,11.38,15.06,-0.95,16.01,-0.029080697224747,-0.0122272265695602,0.0134230203321407,-0.0156576768926062,0.0011957937625805,0.75,13.7629,34.71,2.56,3.17,15.32,2.36,,13.0822,40.0,43960.0,,,,,,0.0,25.6,0.0039138993211363,-0.0031496089028963
1947-09-01,15.06,0.79,1.55,23.0,2.38,211.69,11.1,12143.13,21.79,1249.79,10.83,14.06,11.51,1.0,11.14,15.13,-0.7,15.82,-0.0438308216271419,-0.0213151941990469,0.0219789067187751,-0.0218519149083667,0.0006637125197281,0.8,13.8705,34.71,2.61,3.23,15.11,2.38,,13.3523,40.5,44203.0,,,,,,0.0,26.1,0.0193429628431309,0.018750549345376
1947-10-01,15.45,0.81,1.57,23.0,2.39,217.18,11.34,12511.79,22.07,1271.43,11.13,14.44,11.24,1.0,11.14,14.09,-0.71,14.8,0.0299078220038577,0.0,0.0,0.0299078220038577,0.0,0.85,14.0049,34.71,2.7,3.35,15.43,2.39,,13.6287,40.5,44411.0,,,,,,0.0,26.4,0.0339015516756814,0.0364782086024098
1947-11-01,15.27,0.82,1.59,23.1,2.41,213.72,11.52,12367.82,22.25,1287.81,10.98,14.21,11.47,1.0,11.1,13.97,-0.47,14.45,-0.01157346172241,-0.0035971261808495,0.0043384015985981,-0.0072350601238119,0.0007412754177485,0.92,14.193,34.71,2.77,3.44,14.99,2.41,,13.8998,40.5,44484.0,,,,,,0.0,26.7,0.0255955471889637,0.0265111255483318
1947-12-01,15.03,0.84,1.61,23.4,2.42,207.66,11.61,12073.33,22.24,1293.28,10.68,13.82,11.91,1.0,10.97,14.28,0.1,14.18,-0.0240990503556643,-0.0117808340311494,0.0129034048359077,-0.0111956455197566,0.0011225708047583,0.95,14.2468,34.71,2.86,3.52,15.3,2.42,,14.2053,40.8,44581.0,,,,,,0.0,27.2,0.0319743046325141,0.0229895182246987
1948-01-01,14.83,0.84,1.64,23.7,2.44,202.3,11.5,11817.62,22.42,1309.52,10.42,13.47,12.41,1.0,10.83,14.71,0.28,14.43,-0.0214072496308767,-0.0128442132742396,0.0127390257774297,-0.008668223853447,-0.0001051874968099,0.97,14.3274,34.71,2.86,3.52,14.69,2.44,,14.4049,40.5,44679.0,84.4294,,3.4,,,0.0,27.7,0.0,0.0
1948-02-01,14.1,0.85,1.68,23.5,2.43,193.98,11.65,11388.23,23.07,1354.21,10.0,12.92,12.81,1.0,10.96,15.22,0.23,14.99,-0.0370112721555656,0.0119322205069703,-0.0084746269909722,-0.0454858991465378,0.0034575935159981,1.0,14.3543,34.71,2.85,3.53,14.0,2.43,,14.5635,40.2,44533.0,83.9649,,3.8,,,0.0,27.2,-0.003502630551202,0.0028368813351995
1948-03-01,14.3,0.85,1.71,23.4,2.42,197.57,11.74,11656.58,23.63,1393.9,10.19,13.16,12.59,1.0,11.04,15.14,0.17,14.97,0.023290461525178,0.0072727593290796,-0.0042643987864575,0.0190260627387205,0.0030083605426221,1.0,14.1931,34.71,2.83,3.53,15.08,2.42,,14.7454,40.4,44683.0,83.3786,,4.0,,,0.0,27.2,-0.0070422826254129,0.0
1948-04-01,15.4,0.85,1.76,23.8,2.41,209.2,11.55,12399.03,23.91,1417.03,10.78,13.91,12.17,1.0,10.88,14.5,0.38,14.11,0.0617474163094441,-0.0145987994211525,0.0169495583137734,0.0786969746232175,0.0023507588926209,1.0,14.2199,34.71,2.78,3.47,15.48,2.41,,14.9301,40.1,44379.0,82.7982,,3.9,,,0.0,27.4,-0.0178257839526006,-0.0171432769864374
1948-05-01,16.15,0.85,1.81,23.9,2.4,218.47,11.5,13005.26,24.48,1457.56,11.24,14.5,11.92,1.0,10.87,14.35,0.39,13.96,0.0477356472666793,-0.0009195402946786,0.0041928782600359,0.0519285255267152,0.0032733379653573,1.0,14.4618,34.71,2.76,3.38,16.69,2.4,,15.0976,40.2,44796.0,83.3016,,3.5,,,0.0,27.5,-0.007220247973487,-0.0262788844638405
1948-06-01,16.82,0.85,1.86,24.1,2.39,225.64,11.4,13488.96,24.95,1491.64,11.58,14.93,11.75,1.0,10.81,14.24,0.42,13.82,0.0365176820925268,-0.005535069482001,0.0083333815591444,0.0448510636516712,0.0027983120771434,1.0,14.65,34.71,2.76,3.34,16.74,2.39,,15.2158,40.3,45034.0,83.6466,,3.6,,,0.0,27.7,0.0,-0.0119049025063184
1948-07-01,16.42,0.86,1.93,24.4,2.38,217.57,11.35,13062.82,25.57,1535.4,11.13,14.34,12.24,1.0,10.71,14.92,0.31,14.61,-0.0321015460713242,-0.0092937471914594,0.0123712918025468,-0.0197302542687774,0.0030775446110873,1.0,14.65,34.71,2.81,3.37,15.85,2.38,,15.2705,40.2,45160.0,83.3785,,3.6,,,0.0,28.0,0.0179538036165958,0.0089419373756614
1948-08-01,15.94,0.86,2.0,24.5,2.36,210.35,11.39,12686.2,26.39,1591.74,10.72,13.8,12.64,1.0,10.7,15.75,0.09,15.66,-0.0292552385345021,-0.000934142991797,0.004089985251525,-0.0251652532829771,0.003155842259728,1.06,14.5962,34.71,2.84,3.44,15.97,2.36,,15.212,40.2,45178.0,82.658,,3.9,,,0.0,28.2,0.0106195688274601,0.0205587270210365
1948-09-01,15.76,0.87,2.07,24.5,2.35,207.97,11.48,12600.64,27.32,1655.03,10.55,13.58,12.8,1.0,10.73,16.17,-0.09,16.25,-0.0067671821798495,0.0027998151747466,0.0,-0.0067671821798495,0.0027998151747466,1.09,14.4887,34.71,2.84,3.45,15.49,2.35,,15.1478,40.1,45294.0,81.4921,,3.8,,,0.0,28.1,0.0,0.0029027596579614
1948-10-01,16.19,0.89,2.14,24.4,2.34,214.52,11.79,13057.04,28.4,1728.57,10.83,13.93,12.61,1.0,10.81,16.25,-0.16,16.41,0.0355798455937847,0.0074280750085097,-0.0040899852515251,0.0314898603422596,0.0033380897569845,1.12,14.5963,34.71,2.84,3.5,16.54,2.34,,15.0945,39.8,45245.0,81.689,,3.7,,,0.0,27.8,0.0,0.0143887374520994
1948-11-01,15.29,0.91,2.22,24.2,2.33,204.27,12.16,12494.77,29.61,1811.43,10.25,13.19,13.05,1.0,10.93,17.1,-0.23,17.33,-0.0440172951575039,0.0110396705373303,-0.0082304991365154,-0.0522477942940194,0.0028091714008148,1.14,14.4081,34.71,2.84,3.53,14.75,2.33,,15.0462,39.8,45192.0,80.2405,,3.8,,,0.0,27.8,0.0,0.0085349024498372
1948-12-01,15.19,0.93,2.29,24.1,2.32,203.78,12.48,12528.15,30.72,1888.71,10.16,13.07,13.1,1.0,11.0,17.36,-0.33,17.69,0.002667955602293,0.0063839706099233,-0.0041407926660312,-0.0014728370637382,0.002243177943892,1.16,14.2737,34.71,2.79,3.53,15.2,2.32,,15.0348,39.6,45032.0,79.3106,,4.0,,,1.0,27.6,-0.0177624563398403,0.0
1949-01-01,15.36,0.95,2.32,24.0,2.31,206.91,12.75,12786.49,31.25,1931.29,10.25,13.19,12.99,1.0,11.08,17.57,-0.53,18.1,0.0204110324193381,0.0072464085207672,-0.0041580101486637,0.0162530222706743,0.0030883983721034,1.17,14.1393,31.69,2.71,3.46,15.22,2.31,,14.9254,39.4,44668.0,77.9438,,4.3,,,1.0,27.3,-0.0290929609416647,-0.0200292818755724
1949-02-01,14.77,0.96,2.35,23.8,2.31,200.64,13.09,12466.05,31.92,1983.43,9.87,12.71,13.34,1.0,11.2,17.76,-0.52,18.28,-0.0253801954878946,0.010772096981911,-0.0083682496705165,-0.0337484451584112,0.0024038473113944,1.17,14.0049,31.69,2.71,3.45,14.62,2.31,,14.7874,39.4,44497.0,76.8835,,4.7,,,1.0,26.8,0.0,-0.0028943580263644
1949-03-01,14.91,0.98,2.38,23.8,2.31,202.54,13.31,12653.14,32.33,2019.75,9.9,12.74,13.31,1.0,11.22,17.91,-0.53,18.44,0.0148964564272925,0.0017841217935016,0.0,0.0148964564272925,0.0017841217935016,1.17,13.7361,31.69,2.7,3.47,15.06,2.31,,14.6621,39.1,44240.0,75.8871,,5.0,,,1.0,26.8,-0.003696861881326,0.0057803629154995
1949-04-01,14.89,0.99,2.39,23.9,2.31,201.42,13.44,12653.25,32.29,2028.15,9.78,12.59,13.55,1.0,11.19,18.1,-0.61,18.71,8.693456474932238e-06,-0.0026773777707165,0.0041928782600359,0.0042015717165108,0.0015155004893194,1.17,13.6554,31.69,2.7,3.45,14.74,2.31,,14.5149,38.8,44236.0,74.1646,,5.3,,,1.0,26.5,0.0,-0.0057803629154994
1949-05-01,14.78,1.01,2.39,23.8,2.31,200.77,13.67,12684.13,32.51,2053.95,9.69,12.48,13.61,1.0,11.26,18.28,-0.79,19.07,0.0024375065842875,0.0062361003877103,-0.0041928782600359,-0.0017553716757483,0.0020432221276744,1.17,13.4673,31.69,2.71,3.45,14.19,2.31,,14.3455,38.9,43984.0,73.1841,,6.1,,,1.0,26.3,0.0036968618813259,0.0
1949-06-01,13.97,1.02,2.4,23.9,2.31,188.98,13.8,12011.47,32.47,2063.53,9.07,11.68,14.36,1.0,11.23,18.81,-0.79,19.6,-0.0544895791528113,-0.0026678539611924,0.0041928782600359,-0.0502967008927753,0.0015250242988435,1.17,13.4404,31.69,2.71,3.47,14.16,2.31,,14.1386,39.0,43739.0,73.0837,,6.2,,,1.0,26.0,0.0,0.0057803629154995
1949-07-01,14.76,1.03,2.4,23.7,2.32,201.35,14.01,12871.99,32.69,2090.1,9.61,12.38,13.65,1.0,11.35,18.44,-0.94,19.38,0.0691916062061974,0.0106289751770598,-0.0084034107963795,0.0607881954098179,0.0022255643806803,1.02,13.4135,31.69,2.67,3.46,15.04,2.32,,14.0212,39.2,43531.0,73.129,,6.7,,,1.0,26.0,-0.0148701624794513,-0.0028860048891349
1949-08-01,15.29,1.03,2.39,23.8,2.32,207.7,14.04,13352.95,32.51,2090.13,9.85,12.69,13.44,1.0,11.32,17.97,-0.9,18.87,0.0366837014081893,-0.0026466711523747,0.0042105325363436,0.040894233944533,0.0015638613839689,1.04,13.5479,31.69,2.62,3.4,15.22,2.32,,13.923,39.2,43624.0,73.6079,,6.8,,,1.0,26.0,-0.0189041546391526,-0.0174931574475172
1949-09-01,15.49,1.04,2.39,23.9,2.32,209.54,14.07,13546.39,32.33,2090.11,9.88,12.74,13.22,1.0,11.29,17.32,-1.07,18.39,0.0143827569472934,-0.0026536946134663,0.0041928782600359,0.0185756352073294,0.0015391836465696,1.07,13.6823,31.69,2.6,3.37,15.58,2.32,,13.8246,39.4,43780.0,74.8043,,6.6,,,1.0,26.1,-0.0076628727455691,-0.0088626872578453
1949-10-01,15.89,1.07,2.37,23.7,2.32,216.76,14.64,14092.34,32.29,2098.93,10.17,13.1,12.92,1.0,11.41,16.83,-1.05,17.88,0.039511296187071,0.0105727857124137,-0.0084034107963795,0.0311078853906915,0.0021693749160341,1.05,13.1716,31.69,2.61,3.36,16.04,2.32,,13.7376,39.6,42942.0,71.6831,,7.9,,,1.0,26.0,0.0038387763071656,-0.0029717703891575
1949-11-01,16.11,1.11,2.34,23.8,2.32,218.84,15.03,14308.87,31.83,2081.34,10.22,13.17,12.92,1.0,11.38,16.73,-0.99,17.72,0.0152482373399045,-0.0026327351757993,0.0042105325363436,0.0194587698762481,0.0015777973605443,1.08,13.521,31.69,2.6,3.35,16.06,2.32,,13.6548,39.1,43242.0,72.0188,,6.4,,,0.0,26.0,-0.0038387763071656,-0.0029806281381377
1949-12-01,16.54,1.14,2.32,23.6,2.32,226.59,15.62,14900.39,31.78,2090.02,10.53,13.57,12.54,1.0,11.5,16.66,-1.18,17.84,0.0405077624133226,0.0104896066710194,-0.0084388686458645,0.032068893767458,0.0020507380251548,1.1,13.7629,31.69,2.58,3.31,16.76,2.32,,13.5957,39.4,43522.0,73.6252,,6.6,,,0.0,25.9,-0.0077220460939102,-0.0120121564480035
1950-01-01,16.88,1.15,2.34,23.5,2.32,232.23,15.82,15358.09,32.15,2125.99,10.75,13.85,12.38,1.0,11.57,16.17,-1.19,17.36,0.0302549839237085,0.0060685058363808,-0.0042462908814512,0.0260086930422573,0.0018222149549296,1.07,14.0049,34.72,2.57,3.24,17.05,2.32,,13.6493,39.6,43526.0,74.9361,,6.5,,,0.0,25.9,-0.0038835000263977,-0.0213748595847334
1950-02-01,17.21,1.16,2.35,23.5,2.34,236.77,15.96,15746.29,32.38,2153.18,10.91,14.06,12.14,1.0,11.57,15.42,-1.01,16.43,0.024962410939299,0.0,0.0,0.024962410939299,0.0,1.12,14.0586,34.72,2.58,3.24,17.22,2.34,,13.7957,39.7,43297.0,75.3878,,6.4,,,0.0,26.1,0.0038835000263976,0.0
1950-03-01,17.35,1.17,2.37,23.6,2.36,237.68,16.03,15895.95,32.47,2171.38,10.91,14.06,12.16,1.0,11.53,15.19,-0.74,15.93,0.0094595778306545,-0.0034632069246175,0.0042462908814512,0.0137058687121057,0.0007830839568336,1.12,14.5156,34.72,2.58,3.24,17.29,2.36,,13.9531,39.7,43954.0,76.3894,,6.3,,,0.0,26.1,0.0,0.0
1950-04-01,17.84,1.18,2.43,23.6,2.38,244.4,16.17,16434.98,33.24,2235.55,11.18,14.39,11.92,1.0,11.53,14.94,-0.76,15.71,0.0333476304011483,0.0,0.0,0.0333476304011483,0.0,1.15,14.9995,34.72,2.6,3.23,18.07,2.38,,14.1119,40.3,44382.0,79.2129,,5.8,,,0.0,26.1,0.0077220460939103,-0.0030911925696729
1950-05-01,18.44,1.19,2.48,23.7,2.4,251.55,16.23,17007.02,33.88,2290.35,11.46,14.75,11.73,1.0,11.48,14.48,-0.74,15.22,0.0342142097956213,-0.0043459433895472,0.0042283361095211,0.0384425459051424,-0.0001176072800261,1.16,15.3489,34.72,2.61,3.25,18.78,2.4,,14.2519,40.3,44718.0,81.0351,,5.5,,,0.0,26.4,0.0038387763071656,0.006172859107081
1950-06-01,18.74,1.2,2.54,23.8,2.42,254.57,16.3,17302.92,34.5,2345.22,11.55,14.86,11.61,1.0,11.43,14.69,-0.54,15.23,0.0172490733921817,-0.004364913084701,0.0042105325363436,0.0214596059285253,-0.0001543805483574,1.15,15.8059,34.72,2.62,3.28,17.69,2.42,,14.388,40.6,45083.0,83.1238,,5.4,,,0.0,26.6,0.0038240964384034,0.0091884260544061
1950-07-01,17.38,1.24,2.6,24.1,2.45,233.15,16.68,15941.93,34.88,2384.87,10.54,13.55,12.62,1.0,11.29,15.38,-0.18,15.56,-0.081922528309108,-0.0123240996451487,0.0125262598191802,-0.0693962684899278,0.0002021601740315,1.16,16.3166,34.72,2.65,3.32,17.84,2.44,,14.7712,40.9,45454.0,85.4762,,5.0,,,0.0,27.3,0.0113853222251252,0.0121213605323448
1950-08-01,18.43,1.29,2.66,24.3,2.47,245.21,17.12,16863.46,35.39,2433.9,11.04,14.19,12.26,1.0,11.2,14.9,0.01,14.89,0.0561964058943903,-0.0080035998605217,0.0082645098498934,0.0644609157442837,0.0002609099893716,1.2,16.8274,34.72,2.61,3.23,18.42,2.47,,15.2975,41.3,46192.0,88.367,,4.5,,,0.0,27.9,-0.0152094186635287,-0.027482645693832
1950-09-01,19.08,1.33,2.72,24.4,2.49,252.81,17.62,17487.65,36.04,2493.0,11.34,14.56,12.05,1.0,11.16,14.17,0.08,14.09,0.0363457665368019,-0.0035778213478838,0.0041067819526532,0.0404525484894552,0.0005289606047694,1.3,16.7198,34.72,2.64,3.21,19.45,2.49,,15.8075,40.8,46438.0,87.2287,,4.4,,,0.0,28.4,0.0114286958236228,-0.0062112000926406
1950-10-01,19.87,1.38,2.76,24.6,2.51,261.14,18.09,18167.95,36.27,2523.58,11.66,14.97,11.87,1.0,11.07,13.47,0.05,13.41,0.0381641351976714,-0.0080972102326193,0.008163310639161,0.0463274458368324,6.61004065416939e-05,1.31,16.8273,34.72,2.67,3.22,19.53,2.51,,16.3104,41.1,46706.0,87.4758,,4.2,,,0.0,28.6,0.0112995552539332,0.0031104224143925
1950-11-01,19.83,1.42,2.8,24.7,2.53,259.56,18.63,18165.99,36.65,2565.04,11.54,14.81,11.98,1.0,11.03,13.86,0.09,13.77,-0.0001078881069269,-0.0036199134551344,0.0040568006956142,0.0039489125886872,0.0004368872404797,1.36,16.8005,34.72,2.67,3.22,19.51,2.53,,16.8092,41.0,46776.0,87.0349,,4.2,,,0.0,29.0,0.0,0.0
1950-12-01,19.75,1.47,2.84,25.0,2.55,255.41,19.01,17986.46,36.73,2586.41,11.31,14.51,12.19,1.0,10.9,14.28,0.31,13.97,-0.0099319119881059,-0.0118560440303129,0.0120725812342692,0.0021406692461632,0.0002165372039562,1.34,17.0962,34.72,2.67,3.2,20.41,2.55,,17.3061,40.9,46861.0,88.0952,,4.3,,,0.0,29.7,0.0,-0.006230549750636
1951-01-01,21.21,1.49,2.84,25.4,2.57,269.97,18.92,19122.95,36.11,2557.54,11.9,15.26,11.9,1.0,10.73,14.18,0.5,13.68,0.0612699318120584,-0.0157192325924908,0.0158733491562901,0.0771432809683486,0.0001541165637992,1.34,17.1499,34.72,2.66,3.17,21.66,2.57,,17.7542,41.0,47288.0,88.3302,,3.7,,,0.0,30.5,-0.0037523496185503,-0.0094192219164916
1951-02-01,22.0,1.5,2.83,25.7,2.58,276.76,18.91,19715.31,35.64,2539.09,12.14,15.57,11.84,1.0,10.62,14.32,0.69,13.63,0.0305063068490308,-0.0103045408288144,0.0117418178766831,0.042248124725714,0.0014372770478687,1.36,17.2575,34.72,2.66,3.16,21.8,2.58,,18.1862,40.9,47577.0,88.2919,,3.4,,,0.0,30.9,0.0,-0.0031595602903684
1951-03-01,21.63,1.52,2.83,25.8,2.59,271.05,19.05,19421.67,35.46,2541.07,11.84,15.18,12.01,1.0,10.59,14.88,0.78,14.1,-0.0150060382872118,-0.0028288562004776,0.0038835000263976,-0.0111225382608142,0.00105464382592,1.4,17.3381,34.72,2.78,3.23,21.4,2.59,,18.6363,41.0,47873.0,88.3826,,3.4,,,0.0,30.9,0.0441248049089378,0.0219101096357443
1951-04-01,21.92,1.53,2.79,25.8,2.6,274.68,19.21,19796.8,35.0,2522.76,11.95,15.31,11.85,1.0,10.61,14.99,0.76,14.23,0.0191308554908488,0.0018867930125766,0.0,0.0191308554908488,0.0018867930125766,1.47,17.365,34.72,2.87,3.35,22.43,2.6,,19.1031,41.0,47861.0,88.2029,,3.1,,,0.0,30.8,0.031861102068984,0.0364782086024098
1951-05-01,21.93,1.55,2.76,25.9,2.61,273.75,19.31,19845.31,34.41,2494.62,11.86,15.2,11.87,1.0,10.58,15.1,0.88,14.23,0.0024473986986872,-0.0028315261957383,0.0038684767779203,0.0063158754766075,0.0010369505821819,1.55,17.3112,34.72,2.89,3.4,21.52,2.61,,19.5512,41.0,47952.0,87.3526,,3.0,,,0.0,30.7,0.0069444723528109,0.0148150857851406
1951-06-01,21.55,1.56,2.72,25.9,2.62,269.0,19.47,19619.08,33.95,2476.28,11.62,14.88,11.82,1.0,10.6,15.11,0.75,14.36,-0.011465145066083,0.0018885746878681,0.0,-0.011465145066083,0.0018885746878681,1.45,17.2306,34.72,2.94,3.49,20.96,2.62,,20.0031,40.9,48064.0,86.6421,,3.2,,,0.0,30.5,0.0171530792262494,0.0261263045922202
1951-07-01,21.93,1.55,2.65,25.9,2.63,273.75,19.31,20082.37,33.08,2426.73,11.78,15.09,11.69,1.0,10.61,14.76,0.67,14.09,0.023339753637053,0.0009429515078703,0.0,0.023339753637053,0.0009429515078703,1.56,16.9618,34.72,2.94,3.53,22.4,2.62,,20.2509,40.6,48061.0,84.8692,,3.1,,,0.0,30.3,0.0,0.0113961347308695
1951-08-01,22.89,1.53,2.58,25.9,2.63,285.73,19.14,21078.5,32.21,2375.82,12.26,15.7,11.21,1.0,10.63,14.68,0.63,14.05,0.0484112478988593,0.0018832397279648,0.0,0.0484112478988593,0.0018832397279648,1.62,16.8005,34.72,2.88,3.5,23.28,2.63,,20.3672,40.4,48012.0,83.6406,,3.1,,,0.0,30.1,-0.0206192872027357,-0.0085349024498373
1951-09-01,23.48,1.52,2.51,26.1,2.64,290.85,18.83,21571.87,31.09,2306.02,12.44,15.94,11.02,1.0,10.56,14.31,0.74,13.57,0.023136587480303,-0.0066069140757411,0.0076923456231558,0.0308289331034588,0.0010854315474146,1.63,16.908,34.72,2.84,3.46,23.26,2.64,,20.4775,40.4,47954.0,83.7458,,3.3,,,0.0,30.1,-0.0139862419747399,-0.0114943794257351
1951-10-01,23.36,1.48,2.49,26.2,2.65,288.26,18.3,21492.84,30.69,2287.91,12.31,15.76,11.0,1.0,10.53,14.51,0.85,13.66,-0.0036702947131494,-0.0028449521322313,0.0038240964384032,0.0001538017252538,0.0009791443061718,1.54,16.8811,34.72,2.89,3.5,22.94,2.65,,20.6053,40.3,48006.0,83.0578,,3.5,,,0.0,30.1,0.0174524499512262,0.0114943794257352
1951-11-01,22.71,1.45,2.46,26.4,2.66,278.12,17.72,20846.58,30.17,2261.21,11.85,15.17,11.31,1.0,10.47,15.4,0.92,14.47,-0.0305299503996033,-0.0057143012634385,0.0076045993852192,-0.0229253510143841,0.0018902981217806,1.56,17.0155,34.72,2.96,3.56,22.88,2.66,,20.7329,40.4,48147.0,83.559,,3.5,,,0.0,30.1,0.0239327662116281,0.016997576368571
1951-12-01,23.41,1.41,2.44,26.5,2.67,285.61,17.2,21515.51,29.77,2242.54,12.15,15.54,11.07,1.0,10.44,15.16,0.88,14.28,0.0315841643882615,-0.0028694424279529,0.0037807228399061,0.0353648872281677,0.0009112804119532,1.73,17.123,34.72,3.01,3.61,23.77,2.67,,20.9657,40.7,48314.0,83.9073,,3.1,,,0.0,30.1,0.0167508104248153,0.0139472274808503
1952-01-01,24.19,1.41,2.43,26.5,2.68,295.12,17.24,22340.63,29.61,2241.15,12.53,16.02,10.68,1.0,10.46,14.33,0.89,13.44,0.0376329233786773,0.0019138761822844,0.0,0.0376329233786773,0.0019138761822844,1.57,17.3112,34.6,2.98,3.59,24.14,2.68,,22.1319,40.8,48296.0,84.3838,,3.2,,,0.0,30.0,-0.0100167782434712,-0.0055555698446021
1952-02-01,23.75,1.42,2.41,26.3,2.69,291.96,17.42,22210.93,29.67,2256.94,12.36,15.81,10.62,1.0,10.55,14.57,0.83,13.74,-0.0058224837207282,0.0085674012852985,-0.0075757938084576,-0.0133982775291859,0.0009916074768409,1.54,17.4187,34.6,2.93,3.53,23.26,2.69,,22.4316,40.8,48522.0,84.5965,,3.1,,,0.0,29.8,-0.016920877488337,-0.016854331554982
1952-03-01,23.81,1.42,2.4,26.3,2.71,292.7,17.46,22377.71,29.5,2255.63,12.36,15.81,10.48,1.0,10.56,14.52,0.94,13.58,0.0074808640853928,0.0009474183560398,0.0,0.0074808640853928,0.0009474183560398,1.59,17.4725,34.6,2.96,3.51,24.37,2.7,,22.3763,40.6,48504.0,84.6599,,2.9,,,0.0,29.8,0.0101868453069929,-0.0056818334674309
1952-04-01,23.74,1.43,2.38,26.4,2.72,290.73,17.51,22338.98,29.15,2239.54,12.24,15.66,10.52,1.0,10.53,14.16,1.04,13.12,-0.0017322395590823,-0.0028449521322313,0.0037950709685515,0.0020628314094692,0.0009501188363201,1.57,17.3112,34.6,2.93,3.5,23.32,2.72,,22.138,40.3,48620.0,83.5604,,2.9,,,0.0,29.6,-0.010186845306993,-0.0028530689824063
1952-05-01,23.73,1.44,2.36,26.4,2.73,290.61,17.63,22442.49,28.9,2231.95,12.2,15.61,10.41,1.0,10.55,13.26,1.04,12.22,0.004622902479288,0.0018975337761914,0.0,0.004622902479288,0.0018975337761914,1.67,17.1499,34.6,2.93,3.49,23.86,2.73,,21.9293,40.5,48642.0,83.1126,,3.0,,,0.0,29.6,0.0,-0.0028612322810321
1952-06-01,24.38,1.45,2.34,26.5,2.74,297.44,17.69,23084.06,28.55,2215.61,12.45,15.93,10.27,1.0,10.52,11.59,1.07,10.52,0.028186298982803,-0.0028476526125118,0.0037807228399061,0.0319670218227091,0.0009330702273943,1.7,16.9886,34.6,2.94,3.5,24.96,2.74,,22.0525,40.6,48282.0,81.8992,,3.0,,,0.0,29.5,0.0034071583216141,0.0028612322810321
1952-07-01,25.08,1.45,2.35,26.7,2.76,303.69,17.56,23682.52,28.42,2215.91,12.67,16.21,10.13,1.0,10.45,11.56,1.05,10.52,0.0255948872243792,-0.0066762288987438,0.0075188324140273,0.0331137196384065,0.0008426035152834,1.81,16.7198,34.6,2.95,3.5,25.4,2.76,,22.1461,40.2,48143.0,79.8012,,3.2,,,0.0,29.6,0.0033955890011383,0.0
1952-08-01,25.18,1.45,2.35,26.7,2.77,304.9,17.56,23891.05,28.5,2232.86,12.68,16.23,10.05,1.0,10.47,11.8,1.09,10.7,0.0087666885433682,0.0019120464716256,0.0,0.0087666885433682,0.0019120464716256,1.83,17.7951,34.6,2.94,3.51,25.03,2.77,,22.3937,40.7,48924.0,85.0966,,3.4,,,0.0,29.8,-0.0033955890011382,0.0028530689824064
1952-09-01,24.78,1.45,2.36,26.7,2.78,300.06,17.56,23626.17,28.58,2250.11,12.43,15.92,10.19,1.0,10.48,11.82,1.08,10.74,-0.0111489158529337,0.0009546540104505,0.0,-0.0111489158529337,0.0009546540104505,1.71,18.4402,34.6,2.95,3.52,24.54,2.78,,22.6967,41.1,49320.0,87.6912,,3.1,,,0.0,29.6,0.0033955890011383,0.0028449521322313
1952-10-01,24.26,1.44,2.37,26.7,2.79,293.76,17.4,23244.53,28.74,2273.99,12.13,15.54,10.26,1.0,10.49,11.68,1.14,10.53,-0.0162851604269555,0.0009537435153096,0.0,-0.0162851604269555,0.0009537435153096,1.74,18.6284,34.6,3.01,3.54,24.52,2.79,,23.0685,41.2,49597.0,88.7512,,3.0,,,0.0,29.5,0.0201349084090558,0.0056657375356773
1952-11-01,25.03,1.42,2.39,26.7,2.81,303.08,17.23,24095.95,28.9,2297.61,12.47,15.99,9.95,1.0,10.5,12.05,1.17,10.88,0.0359739410460185,0.0009528347552718,0.0,0.0359739410460185,0.0009528347552718,1.85,19.0047,34.6,2.98,3.53,25.66,2.81,86.2,23.4435,41.2,49816.0,90.1807,,2.8,,,0.0,29.3,-0.0100167782434712,-0.0028288562004777
1952-12-01,26.04,1.41,2.4,26.7,2.82,315.31,17.07,25181.37,29.06,2320.86,12.93,16.58,9.59,1.0,10.52,12.07,1.24,10.82,0.0440606588145199,0.001902950146086,0.0,0.0440606588145199,0.001902950146086,2.09,19.1122,34.6,2.97,3.51,26.57,2.82,,23.23,41.2,50166.0,90.4905,,2.7,,,0.0,29.1,-0.0033613477027047,-0.0056818334674309
1953-01-01,26.18,1.41,2.41,26.6,2.83,318.2,17.14,25525.99,29.29,2349.79,13.01,16.67,9.5,1.0,10.57,12.37,1.25,11.12,0.0135927134063489,0.0047415925725825,-0.0037523496185503,0.0098403637877986,0.0009892429540321,1.96,19.166,34.84,3.02,3.51,26.38,2.83,,23.4687,41.1,50144.0,90.5483,,2.9,,,0.0,29.1,0.01669487857217,0.0
1953-02-01,25.86,1.41,2.42,26.5,2.8,315.5,17.2,25424.12,29.52,2379.21,12.86,16.48,9.58,1.0,10.66,12.59,1.12,11.47,-0.0039988190701234,0.0084786188555521,-0.0037664827954768,-0.0077653018656003,0.0047121360600753,1.97,19.2735,34.84,3.07,3.53,25.9,2.8,90.7,23.6226,41.0,50339.0,91.1036,,2.6,,,0.0,29.1,0.0164207302123274,0.0056818334674308
1953-03-01,25.99,1.41,2.43,26.6,2.77,315.89,17.14,25570.96,29.53,2390.82,12.83,16.45,9.48,1.0,10.67,12.48,1.1,11.38,0.0057590028623332,0.0009376465759634,0.0037664827954768,0.0095254856578101,0.0047041293714402,2.01,19.4348,34.84,3.12,3.57,25.29,2.77,,23.6983,41.2,50473.0,91.4256,,2.6,,,0.0,29.2,0.0161554402222852,0.0112677248463422
1953-04-01,24.71,1.41,2.46,26.6,2.83,300.33,17.18,24427.47,29.86,2428.58,12.16,15.59,9.73,0.98,10.65,13.54,1.13,12.42,-0.0457490138836418,-0.0018761731582278,0.0,-0.0457490138836418,-0.0018761731582278,2.19,19.5154,34.84,3.23,3.65,24.62,2.83,,23.8228,40.9,50435.0,91.4983,,2.7,,,0.0,29.0,0.034649135413174,0.0221615718028523
1953-05-01,24.84,1.42,2.48,26.7,3.05,300.78,17.15,24580.29,30.07,2457.37,12.14,15.56,9.5,1.0,10.43,13.73,1.4,12.33,0.0062365835666505,-0.020873623142753,0.0037523496185503,0.0099889331852009,-0.0171212735242026,2.16,19.6229,34.84,3.34,3.78,24.54,3.05,,23.8827,41.0,50490.0,91.6937,,2.5,,,0.0,29.1,0.0334886697540438,0.0349968420370961
1953-06-01,23.95,1.42,2.51,26.8,3.11,288.92,17.13,23727.82,30.28,2486.72,11.62,14.9,9.85,1.02,10.37,14.12,1.41,12.71,-0.0352967028857909,-0.0057692467712452,0.0037383221106071,-0.0315583807751837,-0.002030924660638,2.11,19.5423,34.84,3.4,3.86,24.14,3.11,,23.7607,40.9,50519.0,90.6594,,2.5,,,0.0,29.0,0.0178046246335066,0.0209431738452431
1953-07-01,24.29,1.42,2.52,26.8,2.93,293.02,17.13,24181.9,30.44,2512.1,11.75,15.07,9.99,1.0,10.55,13.73,1.21,12.52,0.0189562200438249,0.0172088376806395,0.0,0.0189562200438249,0.0172088376806395,2.04,19.7842,34.84,3.28,3.86,24.75,2.93,,23.7782,40.7,50536.0,90.9787,,2.6,,,0.0,29.4,-0.0359320092260633,0.0
1953-08-01,24.39,1.42,2.54,26.9,2.95,293.14,17.07,24308.56,30.49,2528.2,11.72,15.03,10.1,1.01,10.52,14.01,1.29,12.72,0.0052241322545614,-0.0028476526125118,0.0037243990909822,0.0089485313455437,0.0008767464784704,2.04,19.6767,34.84,3.24,3.85,23.32,2.95,80.8,23.9951,40.7,50489.0,90.5636,,2.7,,,1.0,29.3,-0.0122700925918142,-0.0025940351770465
1953-09-01,23.27,1.42,2.55,26.9,2.87,279.68,17.07,23310.24,30.65,2554.41,11.14,14.29,10.56,1.02,10.62,14.81,1.16,13.65,-0.0419358026858545,0.0094608085042288,0.0,-0.0419358026858545,0.0094608085042288,1.79,19.2735,34.84,3.29,3.88,23.35,2.87,,24.0138,40.1,50368.0,88.3263,,2.9,,,1.0,29.4,0.0153142349730423,0.0077620053354891
1953-10-01,23.97,1.43,2.54,27.0,2.66,287.02,17.12,24041.45,30.37,2544.23,11.39,14.62,10.61,1.0,10.8,14.48,0.97,13.51,0.0308866749828704,0.0168071183163814,0.0037105793965357,0.0345972543794061,0.0205176977129171,1.38,19.1122,34.84,3.16,3.82,24.54,2.66,,23.9825,40.1,50240.0,87.1948,,3.1,,,1.0,29.2,-0.0403155371784597,-0.0155847310166983
1953-11-01,24.5,1.44,2.52,26.9,2.68,294.46,17.31,24785.18,30.33,2552.7,11.64,14.95,10.36,1.01,10.84,14.1,0.95,13.14,0.0304664699154684,0.0036968618813259,-0.0037105793965357,0.0267558905189327,-1.3717515209731544e-05,1.44,18.6553,34.84,3.11,3.75,24.76,2.68,80.7,23.87,40.0,49908.0,84.7407,,3.5,,,1.0,29.1,-0.015949301407678,-0.0184945826361643
1953-12-01,24.83,1.45,2.51,26.9,2.59,298.43,17.43,25241.26,30.17,2551.57,11.75,15.1,10.37,1.01,10.95,14.12,0.85,13.27,0.0182340632844128,0.0100964602510095,0.0,0.0182340632844128,0.0100964602510095,1.6,18.1983,34.84,3.13,3.74,24.81,2.59,,23.1686,39.7,49703.0,82.3076,,4.5,,,1.0,29.2,0.006410278360919,-0.0026702285558788
1954-01-01,25.46,1.46,2.52,26.9,2.48,306.0,17.51,26005.1,30.33,2577.35,12.0,15.43,10.3,1.0,11.08,14.15,0.73,13.43,0.0298127154442755,0.0118022250566279,0.0,0.0298127154442755,0.0118022250566279,1.18,18.0639,35.04,3.06,3.71,26.08,2.48,,23.0112,39.5,49469.0,81.3314,,4.9,,,1.0,29.4,-0.0226180885877724,-0.0080537348070968
1954-02-01,26.02,1.46,2.54,26.9,2.47,312.73,17.59,26701.64,30.49,2603.12,12.22,15.71,10.17,1.01,11.12,14.02,0.75,13.27,0.0264323141088631,0.0036036075032983,0.0,0.0264323141088631,0.0036036075032983,0.97,18.1176,35.04,2.95,3.61,26.15,2.47,82.0,22.952,39.7,49382.0,80.8402,,5.2,,,1.0,29.3,-0.0366097456125609,-0.0273241042745542
1954-03-01,26.57,1.47,2.55,26.9,2.37,319.34,17.67,27391.76,30.65,2628.87,12.42,15.97,10.13,1.01,11.24,13.96,0.62,13.34,0.0255172514978559,0.0107335556431088,0.0,0.0255172514978559,0.0107335556431088,1.03,18.0101,35.04,2.86,3.51,26.94,2.37,,22.927,39.6,49157.0,80.2379,,5.7,,,1.0,29.3,-0.0309835455199673,-0.0280917348670151
1954-04-01,27.63,1.46,2.57,26.8,2.29,333.32,17.65,28717.01,31.04,2674.57,12.91,16.6,9.81,0.99,11.38,13.62,0.52,13.1,0.047247391886541,0.0123785842326399,-0.0037243990909823,0.0435229927955587,0.0086541851416576,0.97,17.9026,35.04,2.85,3.47,28.26,2.29,,22.7987,39.7,49179.0,79.4012,,5.9,,,1.0,29.4,-0.003502630551202,-0.0114614435190065
1954-05-01,28.73,1.46,2.6,26.9,2.37,345.3,17.51,29874.98,31.21,2700.16,13.31,17.12,9.54,1.0,11.28,13.31,0.67,12.64,0.0395317106701378,-0.0088261826282721,0.0037243990909822,0.0432561097611201,-0.0051017835372899,0.76,18.0101,35.04,2.88,3.47,29.19,2.37,82.9,22.6694,39.7,48965.0,79.7563,,5.9,,,1.0,29.4,0.0104712998672954,0.0
1954-06-01,28.96,1.45,2.62,26.9,2.38,348.06,17.43,30239.8,31.49,2735.78,13.36,17.18,9.44,1.01,11.29,13.09,0.68,12.41,0.0121375967374638,0.0008861320916577,0.0,0.0121375967374638,0.0008861320916577,0.64,18.0639,35.04,2.9,3.49,29.21,2.38,,22.5139,39.7,48895.0,79.8726,,5.6,,,0.0,29.2,0.0069204428445737,0.005747142255568
1954-07-01,30.13,1.46,2.62,26.9,2.3,362.13,17.51,31588.25,31.53,2750.3,13.83,17.78,9.2,1.0,11.39,13.0,0.58,12.42,0.043626278469041,0.0088183992975202,0.0,0.043626278469041,0.0088183992975202,0.72,18.0907,35.04,2.89,3.5,30.88,2.3,,22.439,39.7,48835.0,79.3984,,5.8,,,0.0,29.3,-0.0034542348680874,0.0028612322810321
1954-08-01,30.73,1.46,2.63,26.9,2.36,369.34,17.59,32345.14,31.57,2764.73,14.04,18.05,9.04,1.0,11.36,12.63,0.68,11.95,0.0236785618198297,-0.0026373641660856,0.0,0.0236785618198297,-0.0026373641660856,0.92,18.0639,35.04,2.87,3.49,29.83,2.36,,22.4422,39.8,48826.0,78.8093,,6.0,,,0.0,29.3,-0.006944472352811,-0.0028612322810321
1954-09-01,31.45,1.47,2.63,26.8,2.38,379.4,17.73,33355.92,31.73,2789.38,14.36,18.45,8.82,1.0,11.4,12.47,0.64,11.83,0.0307714900310354,0.0035149421074445,-0.0037243990909823,0.0270470909400531,-0.0002094569835377,1.01,18.0908,35.04,2.89,3.47,32.31,2.38,,22.4805,39.9,48886.0,79.1621,,6.1,,,0.0,29.2,0.0069444723528109,-0.0057471422555679
1954-10-01,32.18,1.49,2.68,26.8,2.43,388.21,18.01,34262.15,32.29,2849.86,14.62,18.78,8.65,1.0,11.37,12.39,0.7,11.68,0.0268059784740657,-0.0026350476380052,0.0,0.0268059784740657,-0.0026350476380052,0.98,18.3058,35.04,2.87,3.46,31.68,2.43,,22.5787,39.7,48942.0,79.7465,,5.7,,,0.0,29.1,-0.006944472352811,-0.0028860048891349
1954-11-01,33.44,1.52,2.72,26.8,2.48,403.41,18.3,35738.24,32.85,2910.5,15.12,19.41,8.37,1.0,11.35,11.98,0.76,11.22,0.0421800176479818,-0.0017605638350329,0.0,0.0421800176479818,-0.0017605638350329,0.93,18.6015,35.04,2.89,3.45,34.24,2.48,87.0,22.6956,40.1,49180.0,80.9104,,5.3,,,0.0,29.2,0.0069444723528109,-0.0028943580263644
1954-12-01,34.97,1.54,2.77,26.7,2.51,423.44,18.65,37651.03,33.54,2982.37,15.79,20.26,7.96,0.99,11.38,11.23,0.74,10.49,0.0521390471346147,0.0026396847707732,-0.0037383221106072,0.0484007250240075,-0.0010986373398339,1.15,18.8434,35.04,2.9,3.45,35.98,2.51,,22.5382,40.1,49331.0,81.7984,,5.0,,,0.0,29.0,0.0034542348680873,0.0
1955-01-01,35.6,1.55,2.83,26.7,2.61,431.07,18.73,38468.1,34.31,3061.6,15.99,20.5,7.78,1.0,11.31,11.3,0.83,10.47,0.0214690153007139,-0.0061701385701557,0.0,0.0214690153007139,-0.0061701385701557,1.22,19.2735,35.03,2.93,3.45,36.63,2.61,,22.8036,40.4,49496.0,83.491,,4.9,,,0.0,29.2,0.0102916860365477,0.0
1955-02-01,36.79,1.55,2.9,26.7,2.65,445.48,18.81,39893.85,35.08,3141.05,16.44,21.06,7.57,1.0,11.29,11.01,0.87,10.14,0.0363928502672699,-0.0017699119664585,0.0,0.0363928502672699,-0.0017699119664585,1.17,19.5154,35.03,2.93,3.47,36.76,2.65,95.9,22.9901,40.6,49644.0,84.1335,,4.7,,,0.0,29.3,0.0,0.0057803629154995
1955-03-01,36.5,1.56,2.96,26.7,2.68,441.97,18.89,39720.35,35.84,3221.16,16.22,20.76,7.62,1.0,11.29,11.06,0.87,10.18,-0.0043585258574782,0.0,0.0,-0.0043585258574782,0.0,1.28,19.9724,35.03,3.02,3.48,36.58,2.68,,23.1876,40.7,49962.0,85.769,,4.6,,,0.0,29.2,0.0302544083578023,0.0028776998276149
1955-04-01,37.76,1.56,3.05,26.7,2.75,457.23,18.93,41233.29,36.89,3326.91,16.69,21.33,7.38,1.0,11.24,10.78,0.92,9.86,0.0373822889801902,-0.0044385336960255,0.0,0.0373822889801902,-0.0044385336960255,1.59,20.2143,35.03,3.01,3.49,37.96,2.75,,23.3723,40.8,50248.0,86.7049,,4.7,,,0.0,29.3,-0.003316752625994,0.0028694424279529
1955-05-01,37.6,1.57,3.13,26.7,2.76,455.29,18.97,41201.14,37.94,3433.42,16.52,21.1,7.37,1.0,11.26,10.98,0.94,10.04,-0.0007800139245231,0.0017777782459993,0.0,-0.0007800139245231,0.0017777782459993,1.45,20.5369,35.03,3.04,3.5,37.91,2.76,99.1,23.7085,41.1,50512.0,87.8619,,4.3,,,0.0,29.1,0.0099174366573461,0.0028612322810321
1955-06-01,39.78,1.57,3.22,26.7,2.78,481.69,19.01,43733.29,38.99,3540.0,17.37,22.16,6.94,0.99,11.27,9.74,0.9,8.84,0.0596436711121409,0.0008877053401405,0.0,0.0596436711121409,0.0008877053401405,1.41,20.5638,35.03,3.05,3.51,41.03,2.78,,24.1102,40.8,50790.0,87.6462,,4.2,,,0.0,29.3,0.0032840752011897,0.0028530689824064
1955-07-01,42.69,1.59,3.29,26.8,2.9,515.0,19.14,46902.18,39.73,3618.28,18.45,23.5,6.52,1.0,11.13,8.99,1.06,7.92,0.0699545592605877,-0.0125001627642313,0.0037383221106071,0.0736928813711949,-0.0087618406536242,1.6,20.7251,35.03,3.06,3.52,43.52,2.9,,24.5263,40.7,50987.0,87.6585,,4.0,,,0.0,29.3,0.0032733253449693,0.0028449521322313
1955-08-01,42.43,1.6,3.37,26.8,2.97,511.86,19.34,46763.32,40.61,3710.5,18.22,23.17,6.52,1.0,11.09,9.25,1.1,8.15,-0.0029650213094592,-0.0036003639251778,0.0,-0.0029650213094592,-0.0036003639251778,1.9,20.6982,35.03,3.11,3.56,43.18,2.97,,24.963,40.7,51111.0,87.3323,,4.2,,,0.0,29.4,0.0162078102268533,0.0112995552539334
1955-09-01,44.34,1.62,3.44,26.9,2.97,532.91,19.47,48834.95,41.34,3788.73,18.84,23.93,6.38,1.01,11.08,9.16,1.11,8.05,0.0433471101042168,-0.0009021200431379,0.0037243990909822,0.0470715091951991,0.0028222790478443,2.07,20.8326,35.03,3.13,3.59,43.67,2.97,,25.3672,40.7,51266.0,87.4582,,4.1,,,0.0,29.6,0.006410278360919,0.0083916576362483
1955-10-01,42.11,1.63,3.5,26.9,2.88,506.11,19.55,46528.19,42.07,3867.22,17.77,22.53,6.79,1.0,11.19,9.93,0.96,8.96,-0.0483878795777726,0.009878841004696,0.0,-0.0483878795777726,0.009878841004696,2.23,21.182,35.03,3.1,3.59,42.34,2.88,,25.7546,41.0,51429.0,88.3671,,4.3,,,0.0,29.6,-0.0096308930609611,0.0
1955-11-01,44.95,1.63,3.56,26.9,2.89,540.24,19.63,49816.55,42.79,3945.43,18.84,23.84,6.46,1.0,11.21,9.3,0.9,8.39,0.0682888926734177,0.0017857147602347,0.0,0.0682888926734177,0.0017857147602347,2.24,21.2358,35.03,3.1,3.58,45.51,2.89,99.7,26.4404,41.1,51592.0,88.2651,,4.2,,,0.0,29.5,0.0,-0.0027894020875785
1955-12-01,45.37,1.64,3.62,26.8,2.96,547.33,19.78,50621.67,43.67,4039.02,18.94,23.94,6.26,1.01,11.21,9.07,0.77,8.29,0.0160324873467523,0.0,-0.0037243990909823,0.0123080882557699,-0.0037243990909823,2.54,21.3164,35.03,3.15,3.62,45.48,2.96,,26.7161,40.9,51805.0,89.0259,,4.2,,,0.0,29.5,0.0160003413464411,0.0111112254250708
1956-01-01,44.15,1.67,3.64,26.8,2.9,532.61,20.15,49415.73,43.95,4077.87,18.29,23.08,6.51,1.01,11.3,9.54,0.74,8.8,-0.0241109509241882,0.0079964886342263,0.0,-0.0241109509241882,0.0079964886342263,2.41,21.4508,34.99,3.11,3.6,43.82,2.9,,27.1736,40.8,51975.0,88.2309,,4.0,,,0.0,29.7,-0.0127797266463989,-0.0055401803756153
1956-02-01,44.43,1.7,3.67,26.8,2.84,535.99,20.51,49887.69,44.23,4117.08,18.27,23.02,6.64,0.99,11.38,9.32,0.47,8.86,0.0095054843755963,0.00705470297989,0.0,0.0095054843755963,0.00705470297989,2.32,21.2627,34.99,3.08,3.58,45.34,2.84,,27.6564,40.7,52167.0,87.4422,,3.9,,,0.0,29.8,-0.0096931292056595,-0.0055710450494553
1956-03-01,47.49,1.73,3.69,26.8,2.96,572.9,20.87,53485.45,44.51,4155.85,19.37,24.37,6.09,0.98,11.29,8.1,0.52,7.58,0.0696353753597187,-0.0079400505366143,0.0,0.0696353753597187,-0.0079400505366143,2.25,21.2627,34.99,3.1,3.6,48.48,2.96,,28.5289,40.6,52294.0,86.9629,,4.2,,,0.0,29.9,0.0064725145056175,0.0055710450494554
1956-04-01,48.05,1.75,3.66,26.9,3.18,577.5,21.07,54078.92,43.99,4119.23,19.37,24.34,5.85,1.01,11.07,8.27,0.8,7.47,0.0110348068244965,-0.0196786314410249,0.0037243990909822,0.0147592059154788,-0.0159542323500427,2.6,21.424,34.99,3.24,3.68,48.38,3.18,,29.285,40.5,52375.0,87.7998,,4.0,,,0.0,30.1,0.0441712183131374,0.0219789067187751
1956-05-01,46.54,1.78,3.63,27.0,3.07,557.28,21.27,52351.47,43.47,4083.28,18.54,23.27,6.18,1.01,11.16,8.07,0.73,7.34,-0.032464443969566,0.0080972102326193,0.0037105793965357,-0.0287538645730303,0.011807789629155,2.61,21.2358,34.99,3.28,3.73,45.2,3.07,98.2,29.6299,40.4,52506.0,86.3431,,4.3,,,0.0,30.3,0.0122700925918141,0.0134954814748845
1956-06-01,46.27,1.8,3.6,27.2,3.0,549.97,21.4,51832.54,42.79,4032.79,18.16,22.77,6.33,0.99,11.17,8.08,0.71,7.38,-0.0099618797837186,0.0008956561279443,0.0073801072976224,-0.0025817724860961,0.0082757634255668,2.49,21.0476,34.99,3.26,3.76,46.97,3.0,,30.263,40.3,52586.0,85.3322,,4.3,,,0.0,30.3,-0.006116227017436,0.0080107237460789
1956-07-01,48.78,1.81,3.55,27.4,3.11,575.58,21.4,54413.47,41.93,3963.69,18.86,23.62,5.5,0.98,11.02,7.53,0.69,6.83,0.0485935961378337,-0.0135198093563409,0.0073260400920728,0.0559196362299066,-0.006193769264268,2.31,20.4025,34.99,3.28,3.8,49.39,3.11,,30.7252,40.3,51955.0,81.5224,,4.4,,,0.0,30.2,0.006116227017436,0.010582109330537
1956-08-01,48.49,1.83,3.51,27.3,3.33,574.25,21.63,54458.53,41.53,3938.3,18.67,23.37,5.08,1.0,10.88,6.81,0.64,6.17,0.0008277610877521,-0.0127855622969717,-0.0036563112031104,-0.0028285501153582,-0.0164418735000821,2.6,21.2358,34.99,3.43,3.93,47.51,3.33,99.9,31.0855,40.3,52631.0,84.9487,,4.1,,,0.0,30.4,0.0447168387817963,0.0336383591488297
1956-09-01,46.84,1.84,3.46,27.4,3.38,552.69,21.71,52585.03,40.83,3884.38,17.84,22.31,5.22,1.01,10.82,6.84,0.77,6.07,-0.0350080161166716,-0.0055299680094611,0.0036563112031104,-0.0313517049135611,-0.0018736568063507,2.84,21.7197,34.99,3.56,4.07,45.35,3.38,,31.4451,40.5,52604.0,85.9908,,3.9,,,0.0,30.6,0.0372002836860904,0.0350035735733337
1956-10-01,46.24,1.81,3.44,27.5,3.34,543.62,21.24,51891.07,40.48,3864.15,17.42,21.78,5.23,0.99,10.85,6.86,0.86,6.0,-0.0132847647662207,0.002768806568133,0.0036429912785012,-0.0096417734877195,0.0064117978466342,2.9,21.9078,34.99,3.59,4.17,45.58,3.34,,31.8895,40.6,52777.0,86.491,,3.9,,,0.0,30.6,0.0083916576362483,0.0242730363562063
1956-11-01,45.76,1.77,3.43,27.5,3.49,537.98,20.85,51518.25,40.29,3857.87,17.12,21.39,4.94,0.99,10.75,7.49,0.88,6.61,-0.0072105998826161,-0.0092593254127967,0.0,-0.0072105998826161,-0.0092593254127967,2.99,21.7197,34.99,3.69,4.24,45.08,3.49,100.2,32.2609,40.4,52821.0,85.8189,,4.3,,,0.0,30.7,0.0274742555522483,0.0166472334331564
1956-12-01,46.44,1.74,3.41,27.6,3.59,543.99,20.38,52257.04,39.94,3837.13,17.2,21.47,4.75,1.01,10.65,7.41,1.27,6.15,0.0142385047829437,-0.0093458624182376,0.0036297680505787,0.0178682728335224,-0.0057160943676589,3.21,22.0422,34.99,3.75,4.37,46.67,3.59,,32.473,40.6,52929.0,86.7793,,4.2,,,0.0,30.8,0.0161293819298837,0.0301997398636324
1957-01-01,45.43,1.74,3.41,27.6,3.46,532.16,20.34,51283.38,39.91,3845.6,16.72,20.86,5.05,1.01,10.8,8.05,1.37,6.68,-0.018807895534055,0.0139862419747398,0.0,-0.018807895534055,0.0139862419747398,3.11,21.9616,34.95,3.77,4.49,44.72,3.46,,32.687,40.4,52887.0,86.151,,4.2,,,0.0,31.0,0.0053191614776,0.0270896926466642
1957-02-01,43.47,1.73,3.4,27.7,3.34,507.37,20.23,49056.16,39.72,3840.68,15.84,19.76,5.54,1.0,10.9,8.93,1.28,7.65,-0.0444009588140888,0.009216655104924,0.0036166404701885,-0.0407843183439003,0.0128332955751125,3.1,22.1766,34.95,3.67,4.47,43.26,3.34,,32.6895,40.5,53097.0,86.9983,,3.9,,,0.0,31.0,-0.0268833393934405,-0.0044642931286856
1957-03-01,44.03,1.73,3.4,27.8,3.41,512.05,20.12,49671.5,39.54,3835.64,15.9,19.82,5.29,1.0,10.82,9.04,1.43,7.62,0.0124655637160623,-0.0073665158167625,0.0036036075032986,0.0160691712193609,-0.0037629083134639,3.08,22.1498,34.95,3.66,4.43,44.11,3.41,,33.0407,40.4,53156.0,86.4136,,3.7,,,0.0,31.0,-0.0027285146532039,-0.0089888245684332
1957-04-01,45.05,1.73,3.41,27.9,3.48,522.04,20.05,50802.08,39.48,3841.64,16.12,20.09,5.17,0.99,10.75,8.98,1.46,7.52,0.022505970649356,-0.0064905188446636,0.0035906681307285,0.0260966387800845,-0.002899850713935,3.07,21.8541,34.95,3.67,4.44,45.74,3.48,,33.3856,40.0,53238.0,84.9971,,3.9,,,0.0,31.1,0.0027285146532039,0.0022547923870893
1957-05-01,46.78,1.73,3.41,28.0,3.6,540.15,19.98,52726.56,39.41,3847.22,16.6,20.66,4.91,0.99,10.64,8.76,1.37,7.4,0.0371820147812492,-0.0102852706601734,0.0035778213478841,0.0407598361291333,-0.0067074493122893,3.06,21.7734,34.95,3.74,4.52,47.43,3.6,92.9,33.6362,40.0,53150.0,84.2139,,4.1,,,0.0,31.0,0.0188939493599618,0.0178576174000062
1957-06-01,47.55,1.73,3.42,28.1,3.8,547.09,19.9,53565.63,39.35,3852.67,16.73,20.81,4.65,0.99,10.46,8.45,1.42,7.03,0.0157883176473695,-0.0170620252767214,0.0035650661644961,0.0193533838118656,-0.0134969591122252,3.29,21.8272,34.95,3.91,4.63,47.37,3.8,,34.0596,40.0,53067.0,84.5773,,4.3,,,0.0,31.1,0.0444517625708337,0.0240448742540028
1957-07-01,48.51,1.74,3.44,28.3,3.93,554.19,19.88,54423.07,39.26,3855.58,16.87,20.96,4.46,1.0,10.31,8.46,1.47,6.99,0.0158805137906413,-0.0144441606079082,0.0070922283094918,0.0229727421001332,-0.0073519322984164,3.16,21.9616,34.95,3.99,4.73,47.91,3.93,,34.3749,40.0,53123.0,84.3174,,4.2,,,0.0,31.3,0.0202538569044975,0.021368334405699
1957-08-01,45.84,1.75,3.45,28.3,3.93,523.68,19.99,51591.23,39.45,3886.6,15.87,19.7,4.69,1.0,10.34,9.21,1.35,7.86,-0.0534364480452086,0.0029055710514144,0.0,-0.0534364480452086,0.0029055710514144,3.37,21.9616,34.95,4.1,4.82,45.22,3.93,,34.5961,40.0,53128.0,84.1625,,4.1,,,0.0,31.4,0.0271957428084898,0.0188487255586673
1957-09-01,43.98,1.76,3.47,28.3,3.92,502.44,20.11,49662.93,39.64,3918.38,15.16,18.81,4.77,1.0,10.38,9.77,1.31,8.46,-0.038092917254425,0.0038610086574595,0.0,-0.038092917254425,0.0038610086574595,3.53,21.7734,34.95,4.12,4.93,42.42,3.92,,34.5474,39.7,52934.0,83.1858,,4.4,,,1.0,31.3,0.0048661896511729,0.0225650599920897
1957-10-01,41.24,1.77,3.44,28.3,3.97,471.13,20.22,46735.44,39.26,3894.62,14.15,17.55,5.19,1.02,10.37,10.42,1.19,9.23,-0.0607560161720129,-0.0009638554963067,0.0,-0.0607560161720129,-0.0009638554963067,3.58,21.4508,34.95,4.1,4.99,41.06,3.97,,34.4197,39.4,52763.0,81.3949,,4.5,,,1.0,31.2,-0.004866189651173,0.0120969217088287
1957-11-01,40.35,1.78,3.4,28.4,3.72,459.34,20.26,45733.34,38.74,3857.39,13.74,17.04,5.65,1.05,10.59,10.3,0.8,9.51,-0.0216751909794614,0.0209931373718791,0.0035273405179684,-0.018147850461493,0.0245204778898475,3.31,20.9401,34.95,4.08,5.09,41.72,3.72,83.7,34.3325,39.2,52558.0,79.4105,,5.1,,,1.0,31.3,-0.0048899852941916,0.019841920799004
1957-12-01,40.33,1.79,3.37,28.4,3.21,459.12,20.38,45879.74,38.36,3833.74,13.67,16.95,6.06,1.01,11.08,10.58,0.4,10.18,0.0031960528915735,0.0452315217058227,0.0,0.0031960528915735,0.0452315217058227,3.04,20.5369,34.95,3.81,5.03,39.99,3.21,,33.8853,39.1,52384.0,77.5488,,5.2,,,1.0,31.4,-0.0684677992774607,-0.0118578464507835
1958-01-01,41.12,1.78,3.29,28.6,3.09,464.84,20.16,46619.21,37.23,3733.77,13.79,17.09,6.06,1.01,11.14,10.33,0.46,9.87,0.0159890626592559,0.0054005531800002,0.0070175726586465,0.0230066353179024,0.0124181258386468,2.44,20.1606,35.1,3.6,4.83,41.7,3.09,,34.6988,38.9,52076.0,75.6978,,5.8,,,1.0,31.5,-0.0566953436765452,-0.0405735164471665
1958-02-01,41.26,1.78,3.22,28.6,3.05,466.42,20.08,46945.79,36.36,3659.94,13.78,17.09,6.19,1.01,11.21,9.74,0.39,9.35,0.006980843825046,0.0062640025849306,0.0,0.006980843825046,0.0062640025849306,1.53,19.7305,35.1,3.59,4.66,40.84,3.05,78.5,34.8623,38.7,51576.0,73.7563,,6.4,,,1.0,31.5,-0.0027816429618769,-0.0358310195269268
1958-03-01,42.11,1.77,3.14,28.8,2.98,472.72,19.87,47746.85,35.25,3560.32,13.93,17.26,6.3,1.01,11.22,9.35,0.26,9.1,0.0169195643921942,0.0008916630104816,0.0069686693160932,0.0238882337082874,0.0078603323265748,1.3,19.4885,35.1,3.63,4.68,42.1,2.98,,34.7528,38.8,51299.0,72.7431,,6.7,,,1.0,31.7,0.0110804457765719,0.0042826617920007
1958-04-01,42.34,1.76,3.07,28.9,2.88,473.66,19.65,48006.93,34.34,3480.9,13.91,17.24,6.27,1.0,11.31,10.07,0.28,9.8,0.0054322793224947,0.0079893900334788,0.0034662079764861,0.0088984872989808,0.0114555980099649,1.13,19.166,35.1,3.6,4.67,43.44,2.88,,34.5718,38.9,51027.0,71.3327,,7.4,,,1.0,31.6,-0.008298802814695,-0.0021390382487494
1958-05-01,43.7,1.74,3.0,28.9,2.92,488.87,19.5,49713.68,33.56,3412.84,14.32,17.74,5.98,1.0,11.3,9.94,0.13,9.8,0.0349347712500669,-0.0008845644097342,0.0,0.0349347712500669,-0.0008845644097342,0.91,19.3541,35.1,3.57,4.62,44.09,2.92,80.9,34.4375,38.9,50914.0,71.9395,,7.4,,,0.0,31.7,-0.0083682496705166,-0.0107643665871584
1958-06-01,44.75,1.73,2.93,28.9,2.97,500.62,19.35,51072.18,32.78,3343.94,14.64,18.12,5.7,0.98,11.28,9.89,0.25,9.64,0.0269597795203322,-0.0017714796483821,0.0,0.0269597795203322,-0.0017714796483821,0.83,19.8649,35.1,3.57,4.55,45.24,2.97,,34.2718,39.1,50914.0,73.9457,,7.3,,,0.0,31.6,0.0,-0.0152674721307885
1958-07-01,45.98,1.73,2.91,29.0,3.2,512.6,19.29,52458.97,32.48,3323.84,14.96,18.51,5.23,0.97,11.05,9.54,0.62,8.93,0.0267914139818927,-0.0206008181061509,0.0034542348680876,0.0302456488499803,-0.0171465832380633,0.91,20.1606,35.1,3.67,4.53,47.19,3.2,,34.1831,39.3,51039.0,74.3421,,7.5,,,0.0,31.6,0.0276260662749313,-0.0044052934679162
1958-08-01,47.7,1.73,2.9,28.9,3.54,533.62,19.35,54774.69,32.41,3326.29,15.54,19.23,4.56,0.98,10.8,8.83,0.92,7.9,0.0431968857101969,-0.0228842938335878,-0.0034542348680875,0.0397426508421093,-0.0263385287016754,1.69,20.5638,35.1,3.85,4.67,47.75,3.54,,34.3612,39.5,51233.0,75.7329,,7.4,,,0.0,31.6,0.047881486233214,0.0304371321858632
1958-09-01,48.96,1.73,2.88,28.9,3.76,547.72,19.35,56387.12,32.22,3316.89,15.93,19.7,4.18,1.0,10.64,8.85,1.06,7.79,0.0290125376802507,-0.0149256502166757,0.0,0.0290125376802507,-0.0149256502166757,2.44,20.752,35.1,4.09,4.87,50.06,3.76,,34.5237,39.5,51506.0,76.2217,,7.1,,,0.0,31.6,0.0604718217550175,0.0419348654136925
1958-10-01,50.95,1.74,2.88,28.9,3.8,569.98,19.43,58845.67,32.26,3330.16,16.56,20.46,3.95,1.01,10.63,8.62,0.96,7.66,0.0426774904794109,-0.0009402915596417,0.0,0.0426774904794109,-0.0009402915596417,2.63,20.9939,35.1,4.11,4.92,51.33,3.8,,34.7518,39.6,51485.0,76.4104,,6.7,,,0.0,31.5,0.0048780584534329,0.0102145934097182
1958-11-01,52.5,1.74,2.89,29.0,3.74,585.29,19.44,60594.0,32.18,3331.71,16.99,20.97,3.97,0.99,10.68,8.46,0.84,7.62,0.0292776241635006,0.0046926411781922,0.0034542348680876,0.0327318590315882,0.0081468760462798,2.67,21.6121,35.1,4.09,4.87,52.48,3.74,90.8,34.9156,39.9,51944.0,79.0691,,6.2,,,0.0,31.6,-0.0048780584534329,-0.0102145934097182
1958-12-01,53.49,1.75,2.89,28.9,3.86,598.39,19.58,62119.15,32.33,3356.22,17.36,21.4,3.73,0.99,10.65,8.3,0.64,7.66,0.0248584367205773,-0.0028129413766146,-0.0034542348680875,0.0214042018524897,-0.0062671762447021,2.77,21.639,35.1,4.08,4.85,55.21,3.86,,34.9489,39.9,52085.0,79.0434,,6.2,,,0.0,31.6,-0.00244798163864,-0.0041152321451066
1959-01-01,55.62,1.76,2.96,29.0,4.02,620.08,19.58,64539.45,33.04,3438.54,17.98,22.14,3.45,1.01,10.51,7.42,0.79,6.63,0.0382223497475356,-0.0132327072665744,0.0034542348680876,0.0416765846156233,-0.0097784723984868,2.82,21.9616,35.1,4.12,4.87,55.45,4.02,,35.213,40.2,52478.0,80.1973,,6.0,,286.6,0.0,31.7,0.0097561749453646,0.0041152321451065
1959-02-01,54.77,1.76,3.04,28.9,3.96,612.71,19.73,63944.15,33.97,3545.32,17.76,21.84,3.63,1.0,10.63,7.44,0.56,6.88,-0.009266618617044,0.011353007464997,-0.0034542348680875,-0.0127208534851316,0.0078987725969094,2.7,22.3917,35.1,4.14,4.89,55.41,3.96,,35.2201,40.3,52688.0,81.4428,,5.9,,287.7,0.0,31.7,0.0048426244757879,0.0040983663922821
1959-03-01,56.16,1.77,3.11,28.9,3.99,628.26,19.8,65739.18,34.79,3640.47,18.2,22.36,3.46,0.99,10.64,6.84,0.44,6.41,0.0276850486547544,0.0009402915596417,0.0,0.0276850486547544,0.0009402915596417,2.8,22.7142,35.1,4.13,4.85,55.44,3.99,,35.1304,40.4,53014.0,82.4769,,5.6,,289.2,0.0,31.7,-0.0024183808642815,-0.0082135985373888
1959-04-01,57.1,1.78,3.21,29.0,4.12,636.58,19.81,66781.75,35.75,3750.39,18.43,22.61,3.26,0.99,10.53,6.86,0.64,6.22,0.0157347448445872,-0.0103921577676142,0.0034542348680876,0.0191889797126748,-0.0069379228995266,2.95,23.1981,35.1,4.23,4.86,57.59,4.12,,35.5581,40.5,53321.0,83.9922,,5.2,,290.1,0.0,31.8,0.0239245860852452,0.0020597329630107
1959-05-01,57.96,1.78,3.3,29.0,4.31,646.16,19.88,67961.38,36.83,3873.34,18.69,22.89,3.04,1.0,10.4,7.01,0.67,6.34,0.0175097630370702,-0.012422519998557,0.0,0.0175097630370702,-0.012422519998557,2.84,23.5476,35.1,4.37,4.96,58.68,4.31,95.3,36.3064,40.7,53550.0,84.9159,,5.1,,292.2,0.0,31.8,0.032561016049312,0.0203673028244337
1959-06-01,57.46,1.79,3.4,29.1,4.34,638.39,19.89,67317.88,37.77,3983.31,18.45,22.56,3.07,1.0,10.38,6.51,0.51,6.0,-0.009513725217647,-0.0019249284095843,0.0034423441909729,-0.006071381026674,0.0015174157813885,3.21,23.5744,35.1,4.46,5.04,58.47,4.34,,37.1404,40.6,53681.0,84.7686,,5.0,,294.1,0.0,31.7,0.0203857569244739,0.0160003413464411
1959-07-01,59.74,1.8,3.41,29.2,4.4,661.45,19.89,69924.15,37.76,3991.32,19.09,23.31,2.95,1.0,10.33,5.59,0.45,5.15,0.0379852056905299,-0.0048285946061954,0.0034305350967892,0.0414157407873191,-0.0013980595094062,3.2,23.0099,35.1,4.47,5.08,60.51,4.4,,37.6645,40.3,53804.0,82.9798,,5.1,,295.2,0.0,31.7,0.0022396425935046,0.0079051795071132
1959-08-01,59.4,1.8,3.42,29.2,4.43,657.68,19.97,69702.09,37.87,4013.15,18.96,23.11,2.91,0.98,10.34,5.54,0.46,5.08,-0.0031807801631235,0.0009675859487358,0.0,-0.0031807801631235,0.0009675859487358,3.38,22.2304,35.1,4.43,5.09,59.6,4.43,,38.089,40.4,53336.0,79.4676,,5.2,,296.4,0.0,31.6,-0.0089888245684332,0.0019665689720408
1959-09-01,57.05,1.81,3.43,29.3,4.68,629.51,19.97,66892.42,37.85,4021.75,18.12,22.07,2.9,1.02,10.14,6.01,0.34,5.67,-0.0411446456928189,-0.0195318709172458,0.0034188067487856,-0.0377258389440332,-0.0161130641684601,4.04,22.2035,35.1,4.52,5.18,56.88,4.68,,38.2605,40.4,53428.0,79.0489,,5.5,,296.7,0.0,31.7,0.0201124097870954,0.0175272257089603
1959-10-01,57.0,1.82,3.42,29.4,4.53,626.81,19.98,66783.38,37.57,4003.1,18.02,21.91,3.2,1.0,10.27,6.11,0.27,5.84,-0.0016314100859563,0.0127390257774297,0.0034071583216141,0.0017757482356577,0.0161461840990438,4.05,22.0422,35.1,4.57,5.28,57.52,4.53,,38.4113,40.1,53358.0,78.1537,,5.7,,296.5,0.0,31.6,0.0110012110619735,0.0191210414467785
1959-11-01,57.23,1.82,3.4,29.4,4.53,629.34,20.05,67230.88,37.43,3998.06,18.07,21.95,3.14,0.99,10.31,6.09,0.21,5.88,0.0066784185989556,0.0038872740884018,0.0,0.0066784185989556,0.0038872740884018,4.15,22.1766,35.1,4.56,5.26,58.28,4.53,93.8,38.6978,39.9,53634.0,78.5051,,5.8,,297.1,0.0,31.5,-0.0021905813798188,-0.0037950709685517
1959-12-01,59.06,1.83,3.39,29.4,4.69,649.47,20.12,69559.82,37.28,3992.68,18.62,22.59,2.9,1.0,10.21,5.13,-0.06,5.18,0.0340544359987616,-0.0097466658522943,0.0,0.0340544359987616,-0.0097466658522943,4.49,23.5475,35.1,4.58,5.28,59.89,4.69,,39.2932,40.3,54174.0,83.5682,,5.3,,297.8,0.0,31.5,0.004376374599799,0.0037950709685517
1960-01-01,58.03,1.87,3.39,29.3,4.72,640.32,20.6,68763.8,37.41,4017.05,18.34,22.22,2.96,1.02,10.26,5.16,-0.16,5.32,-0.0115096581122728,0.0048852075660491,-0.0034071583216141,-0.014916816433887,0.0014780492444349,4.35,24.1658,35.27,4.61,5.34,55.61,4.72,,39.6291,40.6,54274.0,85.5616,,5.2,,298.2,0.0,31.6,0.0065288588824636,0.0112995552539332
1960-02-01,55.78,1.9,3.39,29.4,4.49,613.4,20.93,66060.11,37.28,4014.77,17.55,21.23,3.47,1.02,10.46,5.19,0.04,5.15,-0.0401123585622358,0.0193056188941534,0.0034071583216141,-0.0367052002406217,0.0227127772157676,3.96,23.9508,35.27,4.56,5.34,56.12,4.49,100.0,39.7872,40.3,54513.0,84.6108,,4.8,,298.4,0.0,31.6,-0.0109052334822625,0.0
1960-03-01,55.02,1.94,3.39,29.4,4.25,605.04,21.33,65351.5,37.28,4026.56,17.29,20.9,3.76,1.0,10.7,5.45,-0.06,5.52,-0.0107846919791085,0.0226852828310834,0.0,-0.0107846919791085,0.0226852828310834,3.31,23.7357,35.27,4.49,5.25,55.34,4.25,,40.018,40.0,54454.0,83.2421,,5.4,,299.3,0.0,31.8,-0.0154699217721316,-0.016997576368571
1960-04-01,55.73,1.94,3.35,29.5,4.28,610.77,21.3,66162.14,36.68,3973.14,17.43,21.06,3.71,1.0,10.68,4.95,-0.28,5.23,0.0123280028855758,-0.0018709079358116,0.0033955890011383,0.0157235918867141,0.0015246810653267,3.23,23.5476,35.27,4.45,5.2,54.37,4.28,,40.5152,40.0,54813.0,82.2593,,5.2,,300.1,0.0,31.8,-0.008948605576014,-0.0095694510161506
1960-05-01,55.22,1.95,3.3,29.5,4.35,605.18,21.33,65749.26,36.2,3933.2,17.26,20.83,3.66,1.02,10.65,3.75,-0.59,4.33,-0.0062599797789289,-0.0028129413766146,0.0,-0.0062599797789289,-0.0028129413766146,3.29,23.5207,35.27,4.46,5.28,55.83,4.35,93.3,40.8926,40.1,54475.0,81.4711,,5.1,,300.9,1.0,31.7,0.0022446698538237,0.0152674721307883
1960-06-01,57.26,1.95,3.26,29.6,4.15,625.42,21.3,68140.74,35.61,3879.48,17.82,21.49,3.67,1.02,10.83,3.3,-0.69,3.98,0.035726855926294,0.0167601688574651,0.0033840979842404,0.0391109539105345,0.0201442668417055,2.46,23.225,35.27,4.45,5.26,56.92,4.15,,41.3564,39.9,54348.0,80.2236,,5.4,,302.3,1.0,31.7,-0.0022446698538238,-0.0037950709685517
1960-07-01,55.84,1.95,3.26,29.6,3.9,609.91,21.3,66644.29,35.64,3894.74,17.38,20.94,3.93,1.01,11.09,3.53,-0.65,4.18,-0.0222059006311233,0.0237237403493764,0.0,-0.0222059006311233,0.0237237403493764,2.3,23.1443,35.27,4.41,5.22,55.51,3.9,,41.3958,39.9,54306.0,79.7275,,5.5,,304.1,1.0,31.7,-0.0090294067193942,-0.007633624855071
1960-08-01,56.51,1.95,3.27,29.6,3.8,617.23,21.3,67637.87,35.68,3909.94,17.58,21.17,3.88,1.0,11.22,3.71,-0.75,4.46,0.0147986617552337,0.0116540987322746,0.0,0.0147986617552337,0.0116540987322746,2.3,23.1175,35.27,4.28,5.08,56.96,3.8,97.2,41.3249,39.7,54272.0,79.0505,,5.6,,306.9,1.0,31.6,-0.0299216798650491,-0.0271861403041567
1960-09-01,54.81,1.95,3.27,29.6,3.8,598.66,21.3,65797.6,35.72,3925.53,17.05,20.51,4.02,1.0,11.25,4.58,-0.67,5.25,-0.0275846697901518,0.0026702285558788,0.0,-0.0275846697901518,0.0026702285558788,2.48,22.8755,35.27,4.25,5.01,53.52,3.8,,41.4006,39.4,54227.0,77.9187,,5.5,,308.4,1.0,31.6,-0.00703402665738,-0.0138753464936171
1960-10-01,53.73,1.95,3.27,29.8,3.89,582.92,21.16,64261.97,35.48,3910.97,16.61,19.96,4.07,1.0,11.13,5.03,-0.51,5.54,-0.0236153535770069,-0.0107239633629756,0.0067340321813441,-0.0168813213956628,-0.0039899311816314,2.3,22.8487,35.27,4.3,5.11,53.39,3.89,,41.5247,39.7,54142.0,77.5287,,6.1,,309.5,1.0,31.7,0.0116960397631912,0.0197634891188397
1960-11-01,55.47,1.95,3.27,29.8,3.93,601.8,21.16,66537.39,35.48,3922.43,17.15,20.59,3.8,1.01,11.13,4.63,-0.16,4.79,0.0347960353694958,0.0,0.0,0.0347960353694958,0.0,2.37,22.5261,35.27,4.31,5.08,55.54,3.93,90.1,41.6827,39.3,53961.0,75.7724,,6.1,,310.9,1.0,31.7,0.0023228814161397,-0.0058881426252225
1960-12-01,56.8,1.95,3.27,29.8,3.84,616.23,21.16,68327.68,35.48,3933.65,17.56,21.07,3.63,1.0,11.25,5.03,0.06,4.96,0.0265509100460965,0.0107239633629756,0.0,0.0265509100460965,0.0107239633629756,2.25,22.096,35.27,4.35,5.1,58.11,3.84,,42.1051,38.4,53742.0,74.2557,,6.6,,312.4,1.0,31.7,0.0092379409849363,0.0039292781398895
1961-01-01,59.72,1.95,3.21,29.8,3.84,647.91,21.12,72035.44,34.83,3871.97,18.47,22.14,3.18,1.01,11.28,4.89,0.19,4.7,0.0528432647961323,0.0026631174194836,0.0,0.0528432647961323,0.0026631174194836,2.24,22.1229,35.25,4.32,5.1,61.78,3.84,,42.0358,39.3,53683.0,74.1095,,6.6,,314.1,1.0,31.8,-0.0069204428445736,0.0
1961-02-01,62.17,1.94,3.15,29.8,3.78,674.49,21.08,75186.02,34.17,3809.49,19.23,23.03,2.91,1.01,11.37,4.85,0.24,4.61,0.0428070892814797,0.0079470616925317,0.0,0.0428070892814797,0.0079470616925317,2.42,22.096,35.25,4.27,5.07,63.44,3.78,91.6,41.9503,39.4,53557.0,73.512,,6.9,,316.5,1.0,31.8,-0.0116415750154859,-0.0058997221271881
1961-03-01,64.12,1.94,3.09,29.8,3.74,695.65,21.05,77739.79,33.52,3746.35,19.84,23.73,2.75,1.0,11.45,4.76,0.5,4.26,0.0334019146902256,0.007011422237804,0.0,0.0334019146902256,0.007011422237804,2.39,22.2304,35.25,4.22,5.02,65.06,3.74,,42.0518,39.5,53659.0,73.8637,,6.9,,318.3,0.0,31.8,-0.0117786991926127,-0.0099108838994541
1961-04-01,65.83,1.94,3.07,29.8,3.78,714.2,21.05,80009.02,33.31,3731.24,20.38,24.35,2.58,1.01,11.45,4.81,0.43,4.39,0.0287721542097154,0.0,0.0,0.0287721542097154,0.0,2.29,22.6874,35.25,4.25,5.01,65.31,3.78,,42.2127,39.5,53627.0,75.3829,,7.0,,319.9,0.0,31.6,0.007083854888405,-0.0019940186068643
1961-05-01,66.5,1.94,3.05,29.8,3.71,721.47,21.05,81019.82,33.09,3715.95,20.6,24.58,2.56,0.99,11.55,4.51,-0.08,4.59,0.0125544377803377,0.0086957069675539,0.0,0.0125544377803377,0.0086957069675539,2.29,23.0368,35.25,4.27,5.01,66.56,3.71,92.5,42.1342,39.7,53786.0,76.356,,7.1,,322.2,0.0,31.5,0.0046948443042076,0.0
1961-06-01,65.62,1.94,3.03,29.8,3.88,711.92,21.05,80144.64,32.87,3700.67,20.33,24.24,2.45,1.0,11.42,4.38,-0.09,4.47,-0.0108608138891664,-0.0113192327399384,0.0,-0.0108608138891664,-0.0113192327399384,2.33,23.3594,35.25,4.33,5.03,64.64,3.88,,42.4519,40.0,53977.0,77.3241,,6.9,,324.3,0.0,31.3,0.0139537147738653,0.0039840690148745
1961-07-01,65.44,1.95,3.04,30.0,3.92,705.23,20.98,79588.78,32.73,3693.23,20.15,24.0,2.52,0.99,11.35,4.38,-0.14,4.52,-0.0069598740678392,-0.0061484603004524,0.0066889881507964,-0.0002708859170428,0.000540527850344,2.24,23.6282,35.25,4.41,5.09,66.76,3.92,,42.5813,40.0,54123.0,78.1087,,7.0,,325.6,0.0,31.5,0.0183071474443561,0.0118578464507834
1961-08-01,67.79,1.95,3.04,29.9,4.04,733.0,21.12,82921.25,32.91,3722.62,20.94,24.93,2.18,1.01,11.31,3.77,0.03,3.74,0.0410182340834088,-0.0035304537993825,-0.0033389012655147,0.0376793328178941,-0.0068693550648972,2.39,23.8432,35.25,4.45,5.11,68.07,4.04,99.2,42.6567,40.1,54298.0,78.9783,,6.6,,327.6,0.0,31.5,0.0090294067193941,0.0039215736531818
1961-09-01,67.26,1.96,3.05,30.0,3.98,724.85,21.12,82197.83,32.87,3727.38,20.71,24.63,2.25,1.01,11.37,4.11,0.35,3.76,-0.0087624595379093,0.0052910176344154,0.0033389012655146,-0.0054235582723946,0.00862991889993,2.28,23.8164,35.25,4.45,5.12,66.73,3.98,,42.7707,39.5,54388.0,78.1562,,6.7,,329.5,0.0,31.5,0.0,0.0019550348358032
1961-10-01,68.0,1.98,3.1,30.0,3.92,732.82,21.34,83303.82,33.37,3793.59,20.92,24.87,2.22,1.0,11.46,3.75,0.45,3.3,0.013365503777763,0.007884403524149,0.0,0.013365503777763,0.007884403524149,2.3,24.2733,35.25,4.42,5.13,68.62,3.92,,42.9778,40.3,54522.0,79.5528,,6.5,,331.1,0.0,31.5,-0.0067644000885421,0.0019512201312617
1961-11-01,71.08,2.0,3.14,30.0,3.94,766.02,21.55,87281.17,33.88,3859.78,21.86,25.96,1.92,0.99,11.48,2.81,0.58,2.23,0.0466403401032001,0.0017436796048268,0.0,0.0466403401032001,0.0017436796048268,2.48,24.6497,35.25,4.39,5.11,71.32,3.94,93.0,43.1337,40.7,54742.0,80.7658,,6.1,,333.4,0.0,31.5,-0.0068104690025268,-0.0039062549670649
1961-12-01,71.74,2.02,3.19,30.0,4.06,773.13,21.77,88298.3,34.38,3926.28,22.04,26.16,1.73,1.0,11.4,3.35,0.55,2.8,0.0115861083085773,-0.0069930354909706,0.0,0.0115861083085773,-0.0069930354909706,2.6,24.8647,35.25,4.42,5.1,71.55,4.06,,43.7997,40.4,54872.0,81.6041,,6.0,,335.5,0.0,31.6,0.0068104690025268,-0.0019588644853331
1962-01-01,69.07,2.03,3.25,30.0,4.08,744.35,21.84,85219.91,35.02,4009.91,21.2,25.14,1.89,1.01,11.42,4.17,0.57,3.6,-0.0354857628953616,0.0017528488274143,0.0,-0.0354857628953616,0.0017528488274143,2.72,24.6496,35.23,4.42,5.08,68.84,4.08,,43.9853,40.0,54891.0,80.2408,,5.8,4.083181818181818,337.5,0.0,31.7,0.0,-0.0039292781398894
1962-02-01,70.22,2.03,3.31,30.1,4.04,754.23,21.84,86559.34,35.55,4080.2,21.45,25.43,1.98,1.01,11.46,4.17,0.44,3.73,0.0155950983190675,0.0034965070587295,0.0033277900926747,0.0189228884117423,0.0068242971514042,2.73,25.0529,35.23,4.42,5.07,69.96,4.04,99.9,43.8688,40.4,55188.0,81.4267,,5.5,4.039444444444444,340.1,0.0,31.7,0.0,-0.0019704439872987
1962-03-01,70.29,2.04,3.37,30.1,3.93,754.99,21.91,86855.18,36.2,4164.2,21.44,25.4,2.09,1.01,11.6,4.38,0.35,4.03,0.0034119436711326,0.0121423868257253,0.0,0.0034119436711326,0.0121423868257253,2.72,25.1873,35.23,4.39,5.04,69.55,3.93,,44.1012,40.6,55275.0,81.8912,,5.6,3.930454545454545,343.1,0.0,31.7,-0.0068104690025268,-0.0059347355198145
1962-04-01,68.05,2.05,3.4,30.2,3.84,728.51,21.91,84018.9,36.43,4201.97,20.66,24.46,2.35,1.0,11.69,4.83,0.21,4.62,-0.0332003604366791,0.007728677371658,0.0033167526259938,-0.0298836078106853,0.0110454299976518,2.73,25.241,35.23,4.33,5.02,65.24,3.84,,44.5398,40.6,55602.0,81.7429,,5.6,3.843,345.5,0.0,31.6,-0.0137616850726813,-0.0039761483796395
1962-05-01,62.99,2.05,3.44,30.2,3.87,674.34,21.98,77982.76,36.79,4254.66,19.09,22.59,2.72,1.0,11.7,5.51,0.28,5.23,-0.0745539969158105,0.0008550663197334,0.0,-0.0745539969158105,0.0008550663197334,2.69,25.2141,35.23,4.28,5.0,59.63,3.87,95.4,44.8413,40.6,55628.0,81.3349,,5.5,3.873636363636364,347.5,0.0,31.5,-0.011614532420693,-0.0039920212695373
1962-06-01,55.63,2.06,3.47,30.2,3.91,595.54,22.05,69083.48,37.15,4309.18,16.83,19.92,3.35,1.0,11.7,6.83,0.32,6.51,-0.1211721482339512,0.0,0.0,-0.1211721482339512,0.0,2.73,25.1604,35.23,4.28,5.02,54.75,3.91,,45.5419,40.5,55644.0,80.9291,,5.5,3.909047619047619,349.3,0.0,31.5,0.0,0.0039920212695374
1962-07-01,56.97,2.07,3.49,30.3,4.01,607.88,22.05,70727.22,37.24,4332.77,17.14,20.29,3.1,1.01,11.6,6.47,0.41,6.07,0.0235148774936099,-0.0085837436913914,0.0033057881344996,0.0268206656281095,-0.0052779555568918,2.92,25.4023,35.23,4.34,5.05,58.23,4.01,,45.7268,40.5,55746.0,81.476,,5.4,4.014285714285714,350.8,0.0,31.6,0.013921338518608,0.0059583095836306
1962-08-01,58.52,2.07,3.51,30.3,3.98,624.42,22.12,72866.01,37.45,4370.47,17.57,20.8,2.98,1.0,11.67,6.52,0.3,6.22,0.029791769261393,0.0060163481861456,0.0,0.029791769261393,0.0060163481861456,2.82,25.4292,35.23,4.35,5.06,59.12,3.98,91.6,45.9234,40.5,55838.0,81.4168,,5.7,3.9756521739130433,352.8,0.0,31.6,0.0023014969882791,0.0019782400121057
1962-09-01,58.0,2.08,3.53,30.4,3.98,616.83,22.12,72196.09,37.54,4394.0,17.32,20.5,3.1,1.01,11.67,6.47,0.08,6.39,-0.0092363858321659,0.0,0.0032948958968524,-0.0059414899353134,0.0032948958968524,2.78,25.5905,35.23,4.32,5.03,56.27,3.98,,46.3736,40.5,55978.0,81.7875,,5.6,3.978947368421052,354.9,0.0,31.9,-0.0069204428445736,-0.0059464991877261
1962-10-01,56.17,2.1,3.58,30.4,3.93,597.37,22.3,70135.67,38.04,4465.95,16.74,19.82,3.35,1.0,11.75,6.77,0.06,6.71,-0.0289543801767609,0.0068317942917032,0.0,-0.0289543801767609,0.0068317942917032,2.74,25.6174,35.23,4.28,4.99,56.52,3.93,,46.8487,40.3,56041.0,81.3851,,5.4,3.925454545454545,357.2,0.0,31.7,-0.0093023926623135,-0.0079840743482205
1962-11-01,60.04,2.11,3.62,30.4,3.92,638.53,22.48,75187.77,38.53,4537.48,17.85,21.13,2.99,1.01,11.8,6.55,0.2,6.35,0.0695570756199698,0.0042462908814512,0.0,0.0695570756199698,0.0042462908814512,2.83,25.7249,35.23,4.25,4.96,62.26,3.92,95.0,47.1998,40.5,56056.0,81.8392,,5.7,3.9157894736842103,359.8,0.0,31.7,-0.00703402665738,-0.0060301690265911
1962-12-01,62.64,2.13,3.67,30.4,3.86,666.18,22.65,78666.02,39.03,4608.94,18.59,22.0,2.83,1.01,11.9,6.29,0.09,6.2,0.0452227112338362,0.0084388686458646,0.0,0.0452227112338362,0.0084388686458646,2.87,25.7249,35.23,4.24,4.92,63.1,3.86,,47.4376,40.3,56028.0,81.6791,,5.5,3.864500000000001,362.7,0.0,31.6,-0.002355713692459,-0.0080972102326193
1963-01-01,65.06,2.14,3.68,30.4,3.83,691.91,22.72,81928.77,39.17,4638.34,19.26,22.79,2.71,1.0,11.97,5.94,-0.01,5.95,0.0406389152404813,0.005865119452398,0.0,0.0406389152404813,0.005865119452398,2.91,25.913,35.09,4.21,4.91,66.2,3.83,,47.6623,40.5,56115.0,81.9446,,5.7,3.833636363636364,365.2,0.0,31.6,-0.0071006215495764,-0.0020345886977874
1963-02-01,65.92,2.14,3.7,30.4,3.92,701.06,22.79,83236.67,39.31,4667.76,19.47,23.03,2.6,1.0,11.92,5.34,-0.12,5.46,0.0158377846946264,-0.0041858579326781,0.0,0.0158377846946264,-0.0041858579326781,2.92,26.2088,35.09,4.19,4.89,64.29,3.92,98.4,47.8294,40.5,56230.0,82.3778,,5.9,3.921111111111111,367.9,0.0,31.5,-0.0047619137602435,-0.0040816383196486
1963-03-01,65.67,2.15,3.71,30.5,3.93,696.11,22.79,82874.62,39.33,4681.97,19.29,22.81,2.63,1.0,11.91,5.14,-0.2,5.34,-0.0043591326430265,-0.0008392782699949,0.00328407520119,-0.0010750574418365,0.002444796931195,2.89,26.37,35.09,4.19,4.88,66.57,3.93,,47.9739,40.5,56320.0,82.6243,,5.7,3.928571428571429,370.7,0.0,31.5,0.0,-0.0020470836217247
1963-04-01,68.76,2.17,3.75,30.5,3.97,728.87,22.97,87002.01,39.79,4749.09,20.15,23.82,2.37,1.01,11.91,4.39,-0.18,4.57,0.0486023585591675,0.0,0.0,0.0486023585591675,0.0,2.9,26.612,35.09,4.21,4.87,69.8,3.97,,48.3917,40.5,56580.0,83.4581,,5.7,3.970952380952381,373.3,0.0,31.4,0.0047619137602435,-0.0020512827705573
1963-05-01,70.14,2.18,3.8,30.5,3.93,743.49,23.14,88978.34,40.25,4816.39,20.51,24.23,2.29,1.0,11.98,3.81,-0.39,4.2,0.0224617474901683,0.0058602093200946,0.0,0.0224617474901683,0.0058602093200946,2.93,26.9345,35.09,4.22,4.85,70.8,3.93,91.7,48.649,40.5,56616.0,83.9513,,5.9,3.93,376.1,0.0,31.5,0.0023724803536303,-0.0041152321451066
1963-06-01,70.11,2.2,3.84,30.6,3.99,740.75,23.24,88881.44,40.57,4868.13,20.38,24.08,2.25,1.0,11.93,3.55,-0.39,3.93,-0.0010896225058555,-0.0041823565774786,0.0032733253449691,0.0021837028391135,-0.0009090312325095,2.99,27.0152,35.09,4.23,4.84,69.37,3.99,,49.2469,40.7,56659.0,83.9398,,5.6,3.993,378.4,0.0,31.6,0.0023668650102662,-0.0020639842208514
1963-07-01,69.07,2.2,3.88,30.7,4.02,727.38,23.2,87509.78,40.86,4915.85,19.97,23.58,2.36,1.0,11.9,3.81,-0.49,4.3,-0.0155527882741123,-0.0025178359923409,0.0032626456348163,-0.0122901426392959,0.0007448096424753,3.18,26.9076,35.09,4.26,4.84,69.13,4.02,,49.4664,40.6,56794.0,83.3448,,5.6,4.0204545454545455,381.1,0.0,31.7,0.0070671672230923,0.0
1963-08-01,70.98,2.21,3.92,30.7,4.0,747.5,23.24,90162.68,41.28,4979.4,20.47,24.16,2.21,1.0,11.96,3.14,-0.85,3.99,0.0298650356770159,0.0050293484050019,0.0,0.0298650356770159,0.0050293484050019,3.32,26.9614,35.09,4.29,4.83,72.5,4.0,96.4,49.4768,40.6,56910.0,83.5014,,5.4,4.002272727272727,383.6,0.0,31.6,0.0070175726586465,-0.0020682530640589
1963-09-01,72.85,2.21,3.96,30.7,4.08,767.19,23.27,92772.0,41.7,5042.93,20.96,24.73,2.02,1.0,11.92,3.03,-0.56,3.59,0.0285292759031425,-0.003350086885282,0.0,0.0285292759031425,-0.003350086885282,3.38,27.2302,35.09,4.31,4.84,71.7,4.08,,49.8225,40.6,57078.0,83.8227,,5.5,4.0775,386.0,0.0,31.6,0.0046511711757306,0.002068253064059
1963-10-01,73.03,2.23,3.98,30.8,4.11,766.59,23.44,92935.51,41.78,5064.81,20.89,24.63,2.0,1.0,11.89,3.35,-0.36,3.71,0.0017609416253822,-0.0025199509345131,0.0032520353863773,0.0050129770117595,0.0007320844518641,3.45,27.4184,35.09,4.32,4.83,74.01,4.11,,50.4111,40.7,57283.0,84.3071,,5.5,4.106086956521739,388.3,0.0,31.6,0.0023174981403627,-0.0020682530640589
1963-11-01,72.62,2.26,4.0,30.8,4.12,762.28,23.69,92653.07,41.99,5103.45,20.72,24.42,2.07,1.0,11.92,2.58,-0.35,2.93,-0.0030437241133012,0.0025199509345131,0.0,-0.0030437241133012,0.0025199509345131,3.52,27.5528,35.09,4.33,4.84,73.23,4.12,94.4,51.2382,40.7,57255.0,84.2946,,5.7,4.121764705882353,391.5,0.0,31.7,0.0023121397583793,0.002068253064059
1963-12-01,74.17,2.28,4.02,30.9,4.13,776.04,23.86,94566.03,42.06,5125.46,21.04,24.79,2.02,1.0,11.92,1.59,-0.36,1.95,0.0204362330217434,0.0,0.003241493924171,0.0236777269459144,0.003241493924171,3.52,27.499,35.09,4.35,4.85,75.02,4.13,,52.1741,40.6,57361.0,84.0095,,5.5,4.128571428571429,393.2,0.0,31.6,0.0046083030861941,0.0020639842208514
1964-01-01,76.45,2.3,4.07,30.9,4.17,799.89,24.03,97717.03,42.62,5206.46,21.63,25.47,1.85,1.01,11.92,1.34,-0.57,1.91,0.0327775323080257,0.0,0.0,0.0327775323080257,0.0,3.52,27.7409,35.1,4.39,4.83,77.04,4.17,,52.4186,40.1,57487.0,84.4621,,5.6,4.166818181818182,395.2,0.0,31.8,0.0091533819864872,-0.0041322372849103
1964-02-01,77.39,2.31,4.13,30.9,4.15,809.73,24.2,99164.93,43.18,5287.78,21.83,25.7,1.83,1.0,11.98,0.81,-0.67,1.48,0.0147085705909969,0.0050209310500996,0.0,0.0147085705909969,0.0050209310500996,3.53,27.9291,35.1,4.36,4.83,77.8,4.15,99.5,52.5482,40.7,57753.0,84.6673,,5.4,4.145555555555556,397.6,0.0,31.6,-0.0068571697261369,0.0
1964-03-01,78.8,2.33,4.18,30.9,4.22,824.48,24.38,101220.45,43.74,5369.31,22.17,26.08,1.69,1.0,11.95,0.93,-0.89,1.82,0.0205163879785715,-0.0025073143097837,0.0,0.0205163879785715,-0.0025073143097837,3.54,27.9291,35.1,4.38,4.83,78.98,4.22,,52.7139,40.6,57897.0,84.3575,,5.4,4.2195238095238095,399.8,0.0,31.6,0.0045766670274116,0.0
1964-04-01,79.94,2.35,4.23,30.9,4.23,836.41,24.55,102936.0,44.26,5446.83,22.42,26.37,1.66,1.01,11.98,0.22,-1.11,1.33,0.0168066243449323,0.0025073143097837,0.0,0.0168066243449323,0.0025073143097837,3.47,28.3861,35.1,4.4,4.85,79.46,4.23,,53.229,40.7,57922.0,85.5869,,5.3,4.232272727272727,401.7,0.0,31.6,0.0045558165358608,0.0041322372849103
1964-05-01,80.72,2.36,4.28,30.9,4.2,844.57,24.73,104193.98,44.78,5524.66,22.57,26.54,1.63,1.01,12.06,-0.3,-1.28,0.98,0.0121469182551477,0.006655598611736,0.0,0.0121469182551477,0.006655598611736,3.48,28.5474,35.1,4.41,4.85,80.37,4.2,98.5,53.7445,40.8,58089.0,85.5983,,5.1,4.2,404.2,0.0,31.5,0.002270148534539,0.0
1964-06-01,80.24,2.38,4.33,31.0,4.17,836.84,24.82,103495.47,45.16,5584.94,22.3,26.2,1.74,1.0,12.09,-0.27,-1.29,1.02,-0.0067265105062069,0.0024844733276619,0.0032310205814465,-0.0034954899247604,0.0057154939091085,3.48,28.628,35.1,4.41,4.85,81.69,4.17,,54.2937,40.8,58219.0,85.449,,5.2,4.170000000000001,407.1,0.0,31.5,0.0,0.0
1964-07-01,83.22,2.4,4.38,31.1,4.19,865.13,24.95,107251.14,45.5,5640.51,22.98,26.99,1.62,1.0,12.07,-1.89,-1.48,-0.41,0.0356453434906344,-0.0016556295172611,0.0032206147000421,0.0388659581906766,0.0015649851827809,3.46,28.8162,35.1,4.4,4.83,83.18,4.19,,54.7159,40.8,58412.0,85.861,,4.9,4.185909090909092,410.1,0.0,31.6,-0.002270148534539,-0.0041322372849103
1964-08-01,82.0,2.42,4.42,31.0,4.19,855.19,25.24,106280.48,46.13,5733.09,22.65,26.58,1.65,1.0,12.15,-2.3,-1.76,-0.54,-0.0090915498690024,0.0066061346771172,-0.0032206147000422,-0.0123121645690447,0.0033855199770749,3.5,29.0043,35.1,4.41,4.82,81.83,4.19,100.6,55.1046,40.9,58619.0,86.1105,,5.0,4.1938095238095245,413.4,0.0,31.6,0.002270148534539,-0.0020725396019723
1964-09-01,83.41,2.44,4.47,31.1,4.2,867.1,25.37,108023.07,46.47,5789.03,22.89,26.85,1.67,1.0,12.15,-3.6,-1.81,-1.79,0.0162631781704641,0.0,0.0032206147000421,0.0194837928705062,0.0032206147000421,3.53,29.1119,35.1,4.42,4.82,84.18,4.2,,55.7749,40.9,58903.0,86.1994,,5.1,4.203809523809523,416.9,0.0,31.7,0.002265006630852,0.0
1964-10-01,84.85,2.46,4.5,31.1,4.19,882.07,25.57,110153.48,46.75,5837.64,23.21,27.21,1.62,1.01,12.2,-3.65,-1.79,-1.87,0.0195298506074571,0.0041067819526532,0.0,0.0195298506074571,0.0041067819526532,3.57,28.7087,35.1,4.42,4.81,84.86,4.19,,56.2908,40.7,58793.0,84.6252,,5.1,4.188095238095238,419.1,0.0,31.7,0.0,-0.0020768439448392
1964-11-01,85.44,2.48,4.52,31.2,4.15,885.36,25.7,110831.35,46.87,5867.59,23.23,27.21,1.69,1.0,12.24,-3.43,-1.68,-1.75,0.0061350104996612,0.0032733253449693,0.0032102756302481,0.0093452861299094,0.0064836009752175,3.64,29.5957,35.1,4.43,4.81,84.42,4.15,99.9,56.8628,41.0,59218.0,86.8484,,4.8,4.152777777777778,422.0,0.0,31.7,0.0022598879674375,0.0
1964-12-01,83.96,2.5,4.55,31.2,4.18,870.02,25.91,109181.77,47.15,5916.83,22.75,26.65,1.78,1.0,12.25,-3.97,-1.54,-2.43,-0.0149955685482463,0.0008166599065559,0.0,-0.0149955685482463,0.0008166599065559,3.84,29.9452,35.1,4.44,4.81,84.75,4.18,,58.3481,41.2,59421.0,88.0025,,5.0,4.179545454545455,424.7,0.0,31.7,0.0022547923870893,0.0
1965-01-01,86.12,2.52,4.59,31.2,4.19,892.4,26.08,112263.36,47.6,5987.72,23.27,27.24,1.68,1.0,12.29,-3.48,-1.59,-1.89,0.0278334316019855,0.0032599865872075,0.0,0.0278334316019855,0.0032599865872075,3.81,30.2677,35.12,4.43,4.8,87.56,4.19,,59.241,41.3,59582.0,88.5986,,4.9,4.189500000000001,427.5,0.0,31.8,-0.0022547923870893,-0.0020811662038245
1965-02-01,86.75,2.53,4.64,31.2,4.21,898.93,26.25,113359.81,48.05,6058.93,23.37,27.34,1.64,1.0,12.31,-2.65,-1.55,-1.1,0.0097193797202193,0.0016260166184187,0.0,0.0097193797202193,0.0016260166184187,3.93,30.4559,35.12,4.41,4.78,87.43,4.21,102.0,60.0693,41.3,59800.0,88.7226,,5.1,4.211111111111111,430.4,0.0,31.9,-0.0045248945982895,-0.0041753714104805
1965-03-01,86.83,2.55,4.68,31.3,4.21,896.89,26.34,113378.64,48.34,6110.93,23.25,27.19,1.69,1.0,12.31,-2.21,-1.76,-0.46,0.0001660944585559,0.0,0.0032000027306708,0.0033660971892267,0.0032000027306708,3.93,30.8591,35.12,4.42,4.78,86.16,4.21,,61.1489,41.3,60003.0,89.2769,,4.7,4.210434782608695,433.2,0.0,31.9,0.002265006630852,0.0
1965-04-01,87.97,2.57,4.73,31.4,4.2,905.77,26.46,114780.14,48.74,6175.88,23.42,27.37,1.7,1.0,12.33,-2.23,-2.08,-0.15,0.0122854586408043,0.0016233769798907,0.0031897953681,0.0154752540089044,0.0048131723479908,3.93,30.9935,35.12,4.43,4.8,89.11,4.2,,62.1331,41.2,60259.0,89.2868,,4.8,4.203809523809523,435.4,0.0,32.0,0.0022598879674375,0.0041753714104805
1965-05-01,89.28,2.59,4.79,31.4,4.21,919.26,26.67,116770.99,49.29,6260.58,23.71,27.68,1.64,1.0,12.36,-1.81,-1.98,0.17,0.0171961938525389,0.0024301348532916,0.0,0.0171961938525389,0.0024301348532916,3.89,31.2354,35.12,4.44,4.81,88.42,4.21,105.4,62.925,41.3,60491.0,89.4494,,4.6,4.2115,437.1,0.0,32.1,0.0022547923870893,0.0020811662038244
1965-06-01,85.04,2.61,4.84,31.6,4.21,870.06,26.7,110804.13,49.52,6306.35,22.39,26.12,1.96,1.0,12.33,-1.09,-1.83,0.74,-0.0524506182699597,-0.0024301348532917,0.0063492276786587,-0.0461013905913009,0.0039190928253669,3.8,31.4774,35.12,4.46,4.85,84.12,4.21,,64.1511,41.2,60690.0,89.4582,,4.6,4.213181818181819,440.1,0.0,32.4,0.0044943895878392,0.008281620831722
1965-07-01,84.91,2.63,4.89,31.6,4.2,868.73,26.87,110919.95,50.0,6383.57,22.3,26.01,1.95,1.0,12.38,-1.17,-2.05,0.88,0.0010447219853996,0.004046950080197,0.0,0.0010447219853996,0.004046950080197,3.84,31.7731,35.12,4.48,4.88,85.25,4.2,,64.8904,41.2,60965.0,90.2974,,4.4,4.204761904761905,442.9,0.0,32.4,0.0044742803949211,0.0061665149156639
1965-08-01,86.49,2.64,4.93,31.6,4.25,884.89,27.04,113271.69,50.47,6460.94,22.67,26.42,1.82,1.0,12.37,-2.11,-2.22,0.12,0.0209804992315867,-0.0008080808520536,0.0,0.0209804992315867,-0.0008080808520536,3.84,31.9075,35.12,4.49,4.88,87.17,4.25,103.4,65.4792,41.1,61228.0,89.8508,,4.4,4.252272727272727,445.8,0.0,32.4,0.002229655327269,0.0
1965-09-01,89.38,2.66,4.98,31.6,4.29,914.46,27.21,117346.89,50.95,6538.24,23.37,27.22,1.61,1.0,12.38,-2.59,-2.23,-0.36,0.0353451508247804,0.0008080808520535,0.0,0.0353451508247804,0.0008080808520535,3.92,31.9881,35.12,4.52,4.91,89.96,4.29,,66.3883,41.1,61490.0,89.5586,,4.3,4.29047619047619,449.5,0.0,32.4,0.0066592920899767,0.0061287219413735
1965-10-01,91.39,2.68,5.05,31.7,4.35,932.08,27.33,119899.6,51.5,6625.37,23.78,27.67,1.51,1.0,12.32,-2.38,-1.98,-0.4,0.0215203058859667,-0.0048583091510764,0.0031595602903685,0.0246798661763352,-0.0016987488607078,4.03,32.3107,35.12,4.56,4.93,92.42,4.35,,67.05,41.2,61719.0,89.7893,,4.2,4.3495,452.6,0.0,32.5,0.0088106296821549,0.0040650462481693
1965-11-01,92.15,2.7,5.12,31.7,4.45,939.83,27.54,121191.87,52.22,6733.61,23.93,27.82,1.39,0.99,12.27,-2.36,-1.88,-0.47,0.0107202662629066,-0.0040666993825536,0.0,0.0107202662629066,-0.0040666993825536,4.09,32.4451,35.12,4.6,4.95,91.61,4.45,102.9,67.754,41.3,61996.0,89.6483,,4.1,4.448947368421052,455.7,0.0,32.6,0.0087336799687546,0.0040485885260003
1965-12-01,91.73,2.72,5.19,31.8,4.62,932.6,27.65,120557.3,52.77,6821.02,23.69,27.53,1.33,1.0,12.11,-2.46,-1.69,-0.76,-0.0052498335976491,-0.0131257011578192,0.0031496089028962,-0.0021002246947529,-0.009976092254923,4.38,32.8483,35.12,4.68,5.02,92.43,4.62,,69.1577,41.3,62322.0,90.5141,,4.0,4.615454545454546,459.2,0.0,32.8,0.0172418064345061,0.0140423571230387
1966-01-01,93.32,2.74,5.24,31.8,4.61,948.77,27.86,122947.07,53.27,6903.59,24.06,27.92,1.27,0.99,12.17,-1.77,-1.52,-0.26,0.0196287789729707,0.004942349434435,0.0,0.0196287789729707,0.004942349434435,4.59,33.1709,35.13,4.74,5.06,92.88,4.61,,69.9831,41.5,62529.0,90.8594,,4.0,4.612380952380953,462.0,0.0,32.9,0.0127390257774299,0.0079365495957363
1966-02-01,92.69,2.76,5.29,32.0,4.83,936.47,27.89,121654.95,53.45,6943.09,23.7,27.48,1.18,1.0,11.93,-1.3,-1.33,0.03,-0.01056517864546,-0.019917670889611,0.0062696130135953,-0.0042955656318646,-0.0136480578760156,4.65,33.3859,35.13,4.78,5.12,91.22,4.83,100.0,70.683,41.7,62796.0,90.9108,,3.8,4.832105263157895,464.6,0.0,33.2,0.0084034107963793,0.0117879557520423
1966-03-01,88.88,2.78,5.34,32.1,4.87,895.18,28.0,116594.06,53.78,7005.09,22.61,26.2,1.37,1.01,11.9,-0.82,-1.22,0.4,-0.0424904296847374,-0.0025178359923409,0.0031201273362436,-0.0393703023484937,0.0006022913439026,4.59,33.8429,35.13,4.92,5.32,89.23,4.87,,71.521,41.6,63192.0,91.5884,,3.8,4.8734782608695655,467.2,0.0,33.2,0.028867984000852,0.0383188643021366
1966-04-01,91.6,2.8,5.38,32.3,4.75,916.86,27.99,119721.99,53.85,7031.71,23.11,26.76,1.42,1.0,11.99,-1.01,-1.15,0.14,0.0264739757421216,0.0075345689219391,0.0062112000926404,0.0326851758347621,0.0137457690145796,4.62,33.8967,35.13,4.96,5.41,91.06,4.75,,72.3728,41.8,63437.0,91.5416,,3.8,4.75,469.3,0.0,33.2,0.0080972102326193,0.0167757895048372
1966-05-01,86.78,2.81,5.42,32.3,4.78,868.62,28.16,113728.63,54.25,7103.12,21.85,25.28,1.6,1.0,12.01,-0.61,-1.4,0.79,-0.0513571329148646,0.0016666670524692,0.0,-0.0513571329148646,0.0016666670524692,4.64,34.2192,35.13,4.98,5.48,86.13,4.78,95.7,73.3273,41.5,63712.0,91.6379,,3.9,4.7785714285714285,470.1,0.0,33.2,0.0040241502997255,0.0128560081015339
1966-06-01,86.06,2.83,5.46,32.4,4.81,858.75,28.24,112745.05,54.48,7153.01,21.56,24.93,1.59,0.99,11.99,-0.49,-1.35,0.86,-0.0086860970697406,-0.0016666670524692,0.0030911925696728,-0.0055949045000677,0.0014245255172036,4.5,34.3805,35.13,5.07,5.58,84.74,4.81,,75.3919,41.4,64111.0,91.5205,,3.8,4.814545454545455,471.2,0.0,33.3,0.0179109265665302,0.0180836754332953
1966-07-01,85.84,2.85,5.48,32.5,5.02,853.92,28.35,112421.0,54.48,7172.56,21.38,24.71,1.38,0.99,11.8,-0.25,-1.16,0.92,-0.0028783222312816,-0.0159734375678037,0.0030816665374081,0.0002033443061264,-0.0128917710303956,4.8,34.5687,35.13,5.16,5.68,83.6,5.02,,76.7826,41.2,64301.0,91.4046,,3.8,5.018,470.9,0.0,33.5,0.0175957618903794,0.0177624563398402
1966-08-01,80.65,2.87,5.49,32.7,5.22,797.39,28.38,105289.17,54.31,7171.58,19.91,23.01,1.62,1.01,11.6,0.3,-0.94,1.24,-0.065540187900982,-0.0170944333593001,0.0061349885675159,-0.059405199333466,-0.0109594447917842,4.96,34.5955,35.13,5.31,5.83,77.1,5.22,91.2,76.9939,41.4,64507.0,91.0801,,3.8,5.224347826086956,472.6,0.0,33.6,0.0286552557603759,0.0260657676293411
1966-09-01,77.81,2.89,5.51,32.7,5.18,769.31,28.57,101895.94,54.48,7215.61,19.16,22.14,1.82,1.02,11.68,0.84,-0.86,1.69,-0.0327584683961499,0.006872879287762,0.0,-0.0327584683961499,0.006872879287762,5.37,34.9181,35.13,5.49,6.09,76.56,5.18,,77.4883,41.2,64643.0,91.2464,,3.7,5.182380952380952,475.4,0.0,33.6,0.0333364202675919,0.0436310813594045
1966-10-01,77.13,2.88,5.52,32.9,5.01,757.95,28.33,100704.18,54.28,7211.49,18.83,21.75,2.11,0.99,11.82,0.59,-0.84,1.42,-0.0117647881546233,0.0119150345778712,0.0060975798681183,-0.005667208286505,0.0180126144459895,5.35,35.16,35.13,5.41,6.1,80.2,5.01,,78.0104,41.3,64854.0,91.618,,3.7,5.0115,475.7,0.0,33.4,-0.014679162663049,0.0016406894574597
1966-11-01,80.99,2.88,5.54,32.9,5.16,795.88,28.27,106056.95,54.41,7250.31,19.71,22.77,1.72,1.03,11.73,0.01,-0.63,0.65,0.0517889056913139,-0.007643349312568,0.0,0.0517889056913139,-0.007643349312568,5.32,34.9181,35.13,5.35,6.13,80.45,5.16,88.3,78.3726,41.2,65019.0,90.1293,,3.6,5.155263157894737,477.3,0.0,33.3,-0.0111525319504751,0.0049059787688544
1966-12-01,81.33,2.87,5.55,32.9,4.84,799.22,28.2,106815.37,54.54,7289.13,19.74,22.79,2.0,1.02,12.08,0.28,-0.6,0.88,0.0071256160408665,0.0294015298412846,0.0,0.0071256160408665,0.0294015298412846,4.96,34.9987,35.13,5.39,6.18,80.33,4.84,,78.976,40.9,65199.0,90.0246,,3.8,4.842857142857143,480.2,0.0,33.3,0.0074488240129906,0.0081235215214793
1967-01-01,84.45,2.88,5.52,32.9,4.58,829.88,28.3,111228.25,54.21,7265.95,20.43,23.59,2.09,1.0,12.37,-0.23,-1.08,0.85,0.0404825662854908,0.0237229938977276,0.0,0.0404825662854908,0.0237229938977276,4.72,35.1638,34.95,5.2,5.97,86.61,4.58,,79.274,41.1,65407.0,89.8425,89.3902,3.9,4.579047619047619,481.6,0.0,33.4,-0.035886759333524,-0.0345713440650886
1967-02-01,87.36,2.89,5.48,32.9,4.63,858.48,28.4,115378.18,53.88,7241.95,21.07,24.32,1.85,1.01,12.37,-0.93,-1.24,0.31,0.0366308584253837,0.0,0.0,0.0366308584253837,0.0,4.56,34.765,34.95,5.03,5.82,86.78,4.63,94.1,79.558,40.4,65429.0,88.3949,87.975,3.8,4.626666666666667,485.1,0.0,33.4,-0.0332386414757338,-0.0254466656611641
1967-03-01,89.42,2.9,5.45,33.0,4.54,876.06,28.41,118059.2,53.39,7195.51,21.44,24.74,1.85,1.0,12.47,-1.23,-1.38,0.14,0.0229709388340598,0.0080515732875487,0.0030349036951541,0.026005842529214,0.0110864769827028,4.26,34.5691,34.95,5.13,5.85,90.2,4.54,,80.1231,40.5,65530.0,87.5162,87.0835,3.8,4.541818181818182,489.7,0.0,33.3,0.0196856750710303,0.0051413995004186
1967-04-01,90.96,2.9,5.41,33.1,4.59,888.45,28.33,120047.71,52.84,7140.04,21.69,25.01,1.75,0.98,12.43,-1.6,-1.31,-0.29,0.0167030535259676,-0.0032128541693253,0.0030257209165371,0.0197287744425047,-0.0001871332527882,3.84,34.8951,34.95,5.11,5.83,94.01,4.59,,81.185,40.4,65466.0,87.6555,87.5089,3.8,4.593500000000001,492.1,0.0,33.1,-0.0039062549670649,-0.0034246608813639
1967-05-01,92.59,2.9,5.37,33.2,4.85,901.65,28.24,122148.88,52.29,7084.34,21.95,25.3,1.42,0.99,12.19,-1.81,-1.16,-0.65,0.0173513815072035,-0.0194969620294396,0.0030165935394257,0.0203679750466292,-0.0164803684900138,3.6,34.5907,34.95,5.24,5.96,89.08,4.85,95.9,81.6022,40.4,65620.0,86.6106,86.3566,3.8,4.847727272727273,497.2,0.0,33.3,0.0251220941173376,0.0220534807148574
1967-06-01,91.43,2.9,5.33,33.3,5.02,887.68,28.16,120574.2,51.75,7028.99,21.55,24.84,1.33,0.99,12.04,-1.66,-0.92,-0.74,-0.0129752975488069,-0.0123815036125051,0.0030075210639551,-0.0099677764848518,-0.00937398254855,3.54,34.5863,34.95,5.44,6.15,90.64,5.02,,82.6929,40.4,65750.0,86.0691,85.9603,3.9,5.0227272727272725,502.0,0.0,33.5,0.0374575625349004,0.0313816007411681
1967-07-01,93.01,2.91,5.32,33.4,5.16,900.32,28.14,122609.08,51.5,7013.01,21.8,25.12,1.1,1.0,11.92,-1.75,-0.85,-0.9,0.016735751691404,-0.0100167782434712,0.0029985029962566,0.0197342546876607,-0.0070182752472145,4.21,34.5076,34.95,5.58,6.26,94.75,5.16,,83.7351,40.5,65888.0,85.3074,85.3833,3.8,5.159000000000001,506.3,0.0,33.5,0.0254097155253682,0.0177281032935806
1967-08-01,94.49,2.91,5.31,33.5,5.28,911.91,28.12,124507.33,51.25,6996.87,22.03,25.37,0.96,1.0,11.83,-2.14,-0.79,-1.35,0.0153635069238065,-0.0075789836469082,0.0029895388483659,0.0183530457721725,-0.0045894447985423,4.27,35.1687,34.95,5.62,6.33,93.64,5.28,97.0,83.5123,40.6,66143.0,86.4918,86.6339,3.8,5.275652173913044,510.8,0.0,33.4,0.0071428875123802,0.0111200510440776
1967-09-01,95.81,2.92,5.3,33.6,5.3,921.9,28.1,126190.61,51.0,6980.59,22.22,25.58,0.93,0.99,11.83,-2.41,-0.72,-1.7,0.0134289519599652,0.0,0.0029806281381379,0.0164095800981032,0.0029806281381379,4.42,35.1116,34.95,5.65,6.4,96.71,5.3,,83.7365,40.6,66164.0,86.0644,86.1122,3.8,5.3020000000000005,514.7,0.0,33.4,0.00532388125275,0.0109977542095415
1967-10-01,95.66,2.92,5.31,33.7,5.48,917.72,28.01,125938.72,50.94,6990.74,22.07,25.4,0.81,0.98,11.68,-2.64,-0.69,-1.95,-0.0019981021946479,-0.0127607005902144,0.0029717703891574,0.0009736681945095,-0.0097889302010569,4.56,35.3976,34.95,5.82,6.52,93.3,5.48,,84.1043,40.6,66225.0,86.3701,86.4325,4.0,5.480952380952381,518.2,0.0,33.4,0.0296447165849968,0.0185763855729352
1967-11-01,92.66,2.92,5.32,33.8,5.75,886.31,27.93,121947.64,50.89,7001.53,21.26,24.46,0.71,1.01,11.46,-2.28,-0.53,-1.75,-0.032203667157842,-0.0190152661134874,0.0029629651306568,-0.0292407020271851,-0.0160523009828305,4.73,35.9038,34.95,6.07,6.72,94.0,5.75,92.9,84.5959,40.6,66703.0,87.5349,87.2856,3.9,5.7535,521.2,0.0,33.4,0.0420583433280605,0.0302137785964966
1967-12-01,95.3,2.92,5.33,33.9,5.7,908.88,27.85,125371.4,50.83,7011.85,21.75,25.02,0.68,1.02,11.53,-2.59,-0.63,-1.96,0.0276887597302728,0.0060896229943739,0.0029542118974316,0.0306429716277044,0.0090438348918055,4.97,36.2905,34.95,6.19,6.93,96.47,5.7,,86.1397,40.7,66900.0,88.0043,87.8417,3.8,5.699,524.8,0.0,33.7,0.0195764816250979,0.0307716586667536
1968-01-01,95.04,2.93,5.37,34.1,5.53,901.08,27.78,124615.38,50.88,7036.72,21.51,24.74,0.89,1.0,11.66,-2.93,-0.93,-2.0,-0.0060484982835687,0.0112118466413787,0.0058823699030666,-0.0001661283805021,0.0170942165444453,5.0,36.2514,35.5,6.17,6.84,92.24,5.53,,86.5509,40.4,66804.0,87.4092,87.3848,3.7,5.528636363636363,527.4,0.0,33.8,-0.0032362487792084,-0.0130720815673527
1968-02-01,90.75,2.94,5.4,34.2,5.56,857.89,27.79,118962.76,51.08,7083.14,20.42,23.49,1.14,0.99,11.66,-2.63,-0.97,-1.66,-0.0464215307691046,0.0,0.0029282597790883,-0.0434932709900162,0.0029282597790883,4.98,36.3813,36.0,6.1,6.8,89.36,5.56,97.2,86.5981,40.8,67215.0,87.4077,87.3505,3.8,5.563684210526316,530.4,0.0,34.0,-0.0114100667380308,-0.0058651194523981
1968-03-01,89.09,2.95,5.44,34.3,5.74,839.74,27.81,116767.52,51.28,7130.04,19.93,22.92,1.04,1.01,11.52,-2.5,-0.87,-1.63,-0.0186255534284269,-0.0120795256546012,0.0029197101033346,-0.0157058433250923,-0.0091598155512666,5.17,36.4949,37.0,6.11,6.85,90.2,5.74,,87.114,40.8,67295.0,87.1625,87.2771,3.7,5.74,533.2,0.0,34.1,0.0016380020042385,0.0073260400920728
1968-04-01,95.67,2.96,5.48,34.4,5.64,899.14,27.85,125349.94,51.53,7184.44,21.28,24.47,0.82,0.99,11.63,-2.81,-1.05,-1.76,0.0709243964141114,0.0095033112628279,0.0029112102074585,0.0738356066215699,0.0124145214702864,5.38,36.5477,37.86,6.21,6.97,97.46,5.64,,88.421,40.3,67556.0,86.8671,87.0597,3.5,5.6385,535.7,0.0,34.1,0.0162341227618833,0.0173665724982986
1968-05-01,97.87,2.98,5.53,34.5,5.87,917.15,27.89,128184.83,51.79,7238.53,21.63,24.87,0.54,1.02,11.45,-2.6,-1.05,-1.54,0.0223638608072715,-0.0155982365303245,0.0029027596579614,0.0252666204652329,-0.0126954768723631,5.66,36.9577,40.7,6.27,7.03,98.68,5.87,92.4,88.9726,40.9,67652.0,87.5822,87.6912,3.5,5.869545454545454,538.9,0.0,34.2,0.0096154586994419,0.0085714810501411
1968-06-01,100.5,2.99,5.57,34.7,5.72,936.37,27.86,131195.25,51.9,7271.22,22.0,25.3,0.67,1.02,11.57,-2.86,-1.27,-1.59,0.0232134648345987,0.0104258112053367,0.0057803629154995,0.0289938277500983,0.0162061741208362,5.52,37.0934,41.14,6.28,7.07,99.58,5.72,,89.9295,40.9,67905.0,87.3868,87.6698,3.7,5.718,542.6,0.0,34.2,0.001593625835278,0.0056737740859078
1968-07-01,100.3,3.0,5.6,34.9,5.5,929.15,27.82,130508.67,51.88,7286.63,21.75,25.01,0.97,1.01,11.75,-2.89,-1.54,-1.35,-0.0052470102487735,0.0154376993845827,0.0057471422555678,0.0005001320067942,0.0211848416401505,5.31,37.0366,39.46,6.24,6.98,97.74,5.5,,91.0358,40.8,68126.0,86.7454,87.1949,3.7,5.495454545454546,545.6,0.0,34.3,-0.006389798098771,-0.0128115631342002
1968-08-01,98.11,3.02,5.63,35.0,5.42,906.27,27.87,127620.51,52.01,7323.45,21.14,24.3,1.24,1.0,11.84,-2.03,-1.45,-0.58,-0.0223785666664821,0.0076303888656917,0.0028612322810321,-0.0195173343854499,0.0104916211467239,5.09,37.1399,39.19,6.02,6.82,98.86,5.42,92.4,91.2381,40.7,68330.0,86.7982,87.0994,3.5,5.420454545454546,549.4,0.0,34.2,-0.0358929230606067,-0.0231894449189104
1968-09-01,101.3,3.03,5.66,35.1,5.46,933.07,27.91,131722.13,52.13,7359.8,21.68,24.92,1.12,1.0,11.82,-2.37,-1.44,-0.93,0.0316335333714169,-0.0016906174779074,0.0028530689824064,0.0344866023538234,0.001162451504499,5.19,37.2806,40.18,5.97,6.79,102.67,5.46,,91.8452,40.9,68484.0,86.474,87.0919,3.4,5.46,553.6,0.0,34.4,-0.0083403319162189,-0.0044085302847659
1968-10-01,103.8,3.04,5.69,35.3,5.58,950.68,27.87,134536.11,52.14,7379.18,22.0,25.29,0.99,1.0,11.7,-2.94,-1.51,-1.43,0.0211380108026699,-0.0102041701742417,0.0056818334674308,0.0268198442701007,-0.0045223367068108,5.35,37.3546,39.21,6.09,6.84,103.41,5.58,,92.8125,41.0,68721.0,86.6475,86.9292,3.4,5.582608695652175,557.6,0.0,34.4,0.019901154317295,0.0073367900638543
1968-11-01,105.4,3.06,5.73,35.4,5.7,962.61,27.92,136553.2,52.3,7419.31,22.2,25.51,0.82,0.98,11.62,-3.66,-1.52,-2.15,0.0148816434393166,-0.0068610903799452,0.0028288562004776,0.0177104996397942,-0.0040322341794676,5.45,37.8378,39.78,6.19,7.01,108.37,5.7,91.7,94.47,40.9,68984.0,87.5062,87.7164,3.4,5.696111111111112,562.4,0.0,34.5,0.016287004974699,0.0245499694120396
1968-12-01,106.5,3.07,5.76,35.5,6.03,969.91,27.96,137920.17,52.46,7459.34,22.28,25.6,0.54,1.0,11.35,-3.62,-1.39,-2.23,0.0099607572287777,-0.0235100074963534,0.0028208763416414,0.0127816335704192,-0.0206891311547119,5.96,37.9573,41.08,6.45,7.23,103.86,6.03,,96.2065,40.7,69248.0,87.1445,87.6575,3.4,6.031904761904762,566.8,0.0,34.6,0.0411450441111762,0.0309013351241747
1969-01-01,102.0,3.08,5.78,35.6,6.04,926.32,27.97,132052.97,52.49,7483.0,21.19,24.36,0.75,0.99,11.37,-2.89,-1.48,-1.41,-0.0434719095425198,0.0017605638350329,0.0028129413766146,-0.0406589681659051,0.0045735052116476,6.14,38.1869,42.3,6.59,7.32,103.01,6.04,,97.1481,40.8,69439.0,87.3161,87.8611,3.4,6.041818181818181,569.3,0.0,34.8,0.0214732177067345,0.0123712918025468
1969-02-01,101.5,3.09,5.8,35.8,6.19,916.63,27.91,131003.05,52.38,7485.89,20.9,24.02,0.76,1.0,11.24,-3.03,-1.4,-1.62,-0.0079825245978436,-0.0114994632968995,0.0056022555486697,-0.0023802690491739,-0.0058972077482298,6.12,38.4313,42.6,6.66,7.3,98.13,6.19,98.2,98.2963,40.4,69699.0,87.6841,88.1058,3.4,6.1889473684210525,571.9,0.0,35.0,0.0105661360378819,-0.0027359798188748
1969-03-01,99.3,3.1,5.82,36.1,6.3,889.31,27.76,127429.15,52.12,7468.66,20.2,23.22,0.9,1.01,11.11,-2.63,-1.33,-1.3,-0.0276600814997348,-0.0116332408140064,0.0083449719321806,-0.0193151095675541,-0.0032882688818258,6.02,38.7326,43.16,6.85,7.51,101.51,6.3,,99.2383,40.8,69905.0,88.0152,88.4785,3.4,6.296,574.4,0.0,35.2,0.028129167721836,0.0283611176216978
1969-04-01,101.3,3.11,5.83,36.3,6.17,902.22,27.7,129610.22,51.9,7455.04,20.43,23.48,1.0,0.99,11.22,-2.67,-1.5,-1.17,0.016971114960602,0.0098522964430116,0.0055248759319698,0.0224959908925719,0.0153771723749814,6.11,38.5901,43.31,6.89,7.54,103.69,6.17,,100.7715,41.0,70072.0,87.3134,87.8384,3.4,6.173333333333333,575.7,0.0,35.3,0.0058224327514332,0.0039867162438213
1969-05-01,104.6,3.12,5.83,36.4,6.32,929.06,27.71,133796.55,51.81,7461.56,20.97,24.11,0.75,0.99,11.12,-3.29,-1.51,-1.78,0.0317887237745971,-0.008952611272114,0.00275103337189,0.0345397571464871,-0.006201577900224,6.04,38.4443,43.46,6.79,7.52,103.46,6.32,91.5,101.9454,40.7,70328.0,86.6316,87.195,3.4,6.323333333333333,576.5,0.0,35.5,-0.0146201434549624,-0.0026560440581162
1969-06-01,99.14,3.13,5.84,36.6,6.57,875.75,27.65,126451.37,51.59,7448.82,19.71,22.66,0.82,0.99,10.92,-2.62,-1.14,-1.47,-0.0564625552291826,-0.0181493185056772,0.0054794657646255,-0.0509830894645571,-0.0126698527410516,6.44,38.8198,41.44,6.98,7.7,97.71,6.57,,102.5404,40.7,70636.0,86.8283,87.7348,3.5,6.574285714285715,578.5,0.0,35.7,0.0275979752036764,0.0236541908978898
1969-07-01,94.71,3.14,5.86,36.8,6.72,832.07,27.56,120476.04,51.45,7449.99,18.68,21.48,0.97,1.01,10.8,-2.11,-1.1,-1.02,-0.0484069123936445,-0.0110498361865849,0.0054496047675644,-0.04295730762608,-0.0056002314190204,7.0,39.0248,41.76,7.08,7.84,91.83,6.72,,103.0557,40.6,70729.0,87.1293,87.8864,3.5,6.71952380952381,579.5,0.0,35.8,0.0142249909313472,0.0180185055026782
1969-08-01,94.18,3.14,5.87,37.0,6.69,822.94,27.47,119485.68,51.32,7451.46,18.43,21.19,1.13,0.97,10.82,-1.64,-1.19,-0.45,-0.008254363430427,0.0018501392881613,0.0054200674693393,-0.0028342959610877,0.0072702067575007,6.98,39.1145,41.09,6.97,7.86,95.51,6.69,86.4,103.3067,40.6,71008.0,86.9222,87.7781,3.5,6.691428571428572,580.1,0.0,35.7,-0.0156586829331958,0.0025477720787987
1969-09-01,94.51,3.15,5.89,37.1,7.16,823.6,27.45,119913.29,51.33,7473.17,18.4,21.16,0.66,1.01,10.49,-1.63,-1.11,-0.52,0.0035723667044695,-0.0309738510101297,0.0026990569691649,0.0062714236736345,-0.0282747940409647,7.09,39.1057,40.87,7.14,8.05,93.12,7.16,,103.8176,40.6,70914.0,86.479,87.4506,3.7,7.159523809523809,582.1,0.0,35.8,0.0240975515790605,0.0238854849893569
1969-10-01,95.52,3.15,5.85,37.3,7.1,827.94,27.33,120876.55,50.73,7407.14,18.45,21.22,0.73,1.0,10.55,-2.13,-1.77,-0.36,0.0080008785961208,0.0057034375138697,0.0053763570363802,0.013377235632501,0.0110797945502499,7.0,39.1171,40.44,7.33,8.22,97.12,7.1,,104.3372,40.5,71121.0,86.2439,87.1703,3.7,7.095454545454545,583.4,0.0,35.9,0.0262627395470672,0.0208981176376165
1969-11-01,96.21,3.16,5.82,37.5,7.14,829.47,27.22,121431.5,50.15,7341.51,18.44,21.22,0.75,0.97,10.52,-2.29,-1.96,-0.33,0.0045805409296135,-0.0028476526125118,0.0053476063265952,0.0099281472562087,0.0024999537140834,7.24,38.7484,37.4,7.35,8.25,93.81,7.14,79.7,105.1854,40.5,71086.0,85.029,86.0477,3.5,7.144117647058824,585.4,0.0,36.1,0.002724797326185,0.003642991278501
1969-12-01,91.11,3.16,5.78,37.7,7.65,781.33,27.1,114715.08,49.57,7277.5,17.33,19.95,0.64,1.0,10.16,-1.41,-1.48,0.06,-0.0568988288829352,-0.0348197651592279,0.0053191614776,-0.0515796674053352,-0.0295006036816279,7.82,38.6444,35.17,7.72,8.65,92.06,7.65,,106.5979,40.6,71241.0,84.2607,85.5187,3.5,7.654090909090908,587.9,0.0,36.3,0.0491140508119395,0.0473461205971984
1970-01-01,90.31,3.16,5.73,37.8,7.79,772.42,27.06,113738.03,49.01,7216.46,17.09,19.68,0.64,1.05,10.1,-1.15,-1.72,0.57,-0.0085536673776634,-0.0059230183031221,0.0026490081715768,-0.0059046592060866,-0.0032740101315453,7.87,37.9288,34.94,7.91,8.86,85.02,7.79,,106.2979,40.4,71176.0,82.1375,83.658,3.9,7.794761904761905,589.6,1.0,36.5,0.0243134177428777,0.0239874436732014
1970-02-01,87.16,3.17,5.68,38.0,7.24,741.56,26.94,109523.72,48.33,7137.39,16.37,18.87,1.47,1.02,10.5,-0.49,-3.08,2.59,-0.0377566747225034,0.0388398333162639,0.0052770571008438,-0.0324796176216596,0.0441168904171077,7.13,37.9038,34.99,7.93,8.78,89.5,7.24,78.1,105.6953,40.2,71305.0,81.9421,83.3417,4.2,7.238333333333333,586.3,1.0,36.7,0.0025252538671939,-0.0090703569699642
1970-03-01,88.65,3.17,5.63,38.2,7.07,750.29,26.83,111143.01,47.65,7058.49,16.53,19.06,1.63,0.98,10.63,-1.69,-3.43,1.75,0.0146766036412896,0.0123049351903788,0.0052493558861437,0.0199259595274333,0.0175542910765226,6.63,37.8546,35.09,7.84,8.63,89.63,7.07,,105.4128,40.1,71451.0,81.4505,82.9738,4.4,7.072857142857143,587.3,1.0,36.7,-0.0114142012844401,-0.0172319025516885
1970-04-01,85.95,3.17,5.59,38.5,7.39,721.77,26.65,107247.23,46.97,6979.28,15.87,18.31,1.61,0.97,10.38,-1.56,-2.5,0.94,-0.0356810204747062,-0.023799314616114,0.0078227256812088,-0.0278582947934973,-0.0159765889349051,6.51,37.7573,35.62,7.83,8.7,81.52,7.39,,105.6766,39.8,71348.0,80.9056,82.5031,4.6,7.390909090909091,588.4,1.0,36.8,-0.0012763243596046,0.0080785205652012
1970-05-01,76.06,3.18,5.56,38.6,7.91,637.06,26.61,94990.22,46.54,6939.64,13.98,16.15,1.97,1.01,10.04,0.03,-1.43,1.47,-0.1213627910360873,-0.0333037634741596,0.0025940351770467,-0.1187687558590405,-0.0307097282971128,6.84,37.7133,35.95,8.11,8.98,76.55,7.91,75.4,106.0118,39.8,71124.0,80.4638,82.1514,4.8,7.906190476190476,591.5,1.0,36.8,0.0351353581246098,0.0316768566535703
1970-06-01,75.59,3.18,5.52,38.8,7.84,629.86,26.5,94245.87,46.0,6882.36,13.8,15.96,2.15,1.03,10.11,0.67,-1.28,1.94,-0.0078669331933108,0.0069479187687969,0.0051679701584423,-0.0026989630348685,0.0121158889272392,6.68,37.5913,35.42,8.48,9.25,72.72,7.84,,106.8358,39.8,71029.0,79.9709,81.6327,4.9,7.841818181818183,595.2,1.0,36.9,0.0446125816764903,0.0296236692102255
1970-07-01,75.72,3.18,5.47,39.0,7.46,627.71,26.39,94252.87,45.32,6804.67,13.73,15.89,2.62,1.0,10.39,1.16,-1.76,2.91,7.427105351714684e-05,0.0273187720787561,0.0051413995004186,0.0052156705539357,0.0324601715791747,6.45,37.6836,35.32,8.44,9.4,78.05,7.46,,107.677,40.0,71053.0,79.9694,81.5808,5.0,7.457272727272727,599.1,1.0,37.1,-0.004728141195946,0.0160861377516244
1970-08-01,77.92,3.19,5.41,39.0,7.53,645.95,26.42,97321.88,44.88,6761.24,14.1,16.34,2.36,1.02,10.4,1.11,-2.26,3.37,0.0320425586506106,0.0009620010361908,0.0,0.0320425586506106,0.0009620010361908,6.41,37.6164,35.38,8.13,9.44,81.52,7.53,77.6,108.5407,39.8,70937.0,79.1792,81.1851,5.1,7.527142857142857,604.9,1.0,36.9,-0.0374213850481463,0.004246290881451
1970-09-01,82.58,3.19,5.36,39.2,7.39,681.08,26.31,102946.3,44.21,6681.91,14.84,17.22,2.2,1.01,10.51,0.74,-2.6,3.34,0.056183657607866,0.0105213787415327,0.0051151006667704,0.0612987582746364,0.0156364794083031,6.12,37.3571,36.19,8.09,9.39,84.3,7.39,,109.5289,39.6,70944.0,78.2697,80.3785,5.4,7.38952380952381,611.2,1.0,37.1,-0.004932192489319,-0.0053106869372377
1970-10-01,84.37,3.17,5.28,39.4,7.33,692.31,26.04,104971.86,43.35,6573.44,15.06,17.49,2.14,1.04,10.57,0.78,-2.78,3.56,0.0194848211877471,0.0056926149932864,0.0050890695074712,0.0245738906952183,0.0107816845007577,5.91,36.6098,37.52,8.03,9.33,83.25,7.33,,109.774,39.5,70521.0,76.2845,78.53,5.5,7.326666666666667,616.4,1.0,37.1,-0.00744420311173,-0.0064102783609191
1970-11-01,84.28,3.16,5.21,39.6,6.84,688.08,25.77,104655.92,42.51,6465.46,14.95,17.37,2.73,1.04,10.95,1.18,-3.63,4.81,-0.0030142974296528,0.0353196563803634,0.0050633019565468,0.002049004526894,0.0403829583369102,5.28,36.3881,37.44,8.05,9.38,87.2,6.84,72.4,110.1744,39.5,70409.0,75.585,77.8167,5.9,6.841111111111111,621.1,1.0,37.1,0.0024875634718019,0.0053447481588809
1970-12-01,90.05,3.14,5.13,39.8,6.39,731.5,25.51,111582.28,41.67,6356.66,15.87,18.45,2.85,1.02,11.32,0.32,-4.02,4.33,0.0640842391686553,0.0332316165125271,0.005037794029957,0.0691220331986123,0.0382694105424842,4.87,37.2237,37.44,7.64,9.12,92.15,6.39,,111.3578,39.5,70792.0,77.3384,79.3621,6.1,6.391363636363636,626.5,0.0,37.1,-0.052274488252043,-0.0281099589318934
1971-01-01,93.49,3.13,5.16,39.8,6.24,759.44,25.43,116168.04,41.92,6411.67,16.46,19.15,2.77,1.01,11.5,-0.17,-4.01,3.84,0.0402755075791716,0.0157759625941674,0.0,0.0402755075791716,0.0157759625941674,4.44,37.5101,37.88,7.36,8.74,95.88,6.24,,111.5479,39.9,70865.0,77.7741,79.7493,5.9,6.2385,632.9,0.0,37.3,-0.0373376704376441,-0.0425596144187957
1971-02-01,97.11,3.12,5.19,39.9,6.11,786.87,25.28,120685.99,42.05,6450.01,17.03,19.82,2.72,1.04,11.64,-0.96,-4.45,3.49,0.0381542849011881,0.0121004069340874,0.0025094116054257,0.0406636965066138,0.0146098185395131,3.7,37.4386,38.74,7.08,8.39,96.75,6.11,78.1,111.8951,39.7,70807.0,77.6129,79.395,5.9,6.112222222222222,641.0,0.0,37.7,-0.0387860250351565,-0.0408696691883292
1971-03-01,99.6,3.11,5.22,40.0,5.7,805.03,25.14,123792.33,42.19,6487.91,17.4,20.26,3.03,0.99,12.03,-0.88,-4.69,3.82,0.0254133551070007,0.0329560876832956,0.0025031302181184,0.0279164853251192,0.0354592179014141,3.38,37.398,38.87,7.21,8.46,100.31,5.7,,111.9877,39.8,70860.0,77.2542,79.1076,6.0,5.7034782608695656,649.9,0.0,37.8,0.0181950435912293,0.0083086531390172
1971-04-01,103.0,3.11,5.25,40.1,5.83,830.43,25.05,128019.9,42.35,6529.42,17.92,20.88,2.76,0.96,11.94,-1.15,-4.87,3.72,0.0335803170201347,-0.0075094220221314,0.0024968801985871,0.0360771972187218,-0.0050125418235443,3.86,37.608,39.01,7.25,8.45,103.95,5.83,,112.1496,39.9,71036.0,77.4626,79.3504,5.9,5.833809523809524,658.4,0.0,37.9,0.0055325175697256,-0.0011827322490496
1971-05-01,101.6,3.1,5.29,40.3,6.39,815.08,24.9,125972.96,42.41,6554.9,17.56,20.46,2.37,1.0,11.46,-1.23,-4.65,3.42,-0.0161184398392848,-0.0410313966778623,0.0049751346401137,-0.0111433051991711,-0.0360562620377486,4.14,37.7989,40.52,7.53,8.62,99.63,6.39,80.2,113.0615,40.0,71247.0,77.7867,79.5515,5.9,6.3925,666.7,0.0,38.1,0.0378935729452187,0.0199186433065192
1971-06-01,99.72,3.1,5.32,40.6,6.52,794.09,24.69,123046.29,42.36,6564.44,17.08,19.91,2.47,0.99,11.32,-1.0,-4.19,3.2,-0.0235066547091726,-0.0122916385115566,0.0074165976550498,-0.0160900570541227,-0.0048750408565067,4.75,37.9574,40.1,7.64,8.75,98.7,6.52,,114.1265,39.9,71254.0,77.7853,79.6838,5.9,6.522272727272727,673.0,0.0,38.2,0.0145025613666269,0.0149686156939213
1971-07-01,99.0,3.1,5.36,40.7,6.73,786.42,24.6,122175.36,42.55,6610.64,16.89,19.69,2.29,1.02,11.19,-1.24,-4.49,3.25,-0.0071032362922667,-0.011550550451203,0.0024600258408623,-0.0046432104514043,-0.0090905246103406,5.4,37.8472,40.95,7.64,8.76,95.58,6.73,,114.3772,40.0,71315.0,77.7208,79.2527,6.0,6.729523809523809,679.6,0.0,38.3,0.0,0.0011422045787769
1971-08-01,97.24,3.09,5.39,40.8,6.58,770.54,24.51,120026.57,42.74,6657.17,16.52,19.27,2.63,1.04,11.34,-1.06,-4.91,3.85,-0.0177442548052188,0.0133157759757721,0.0024539889615665,-0.0152902658436523,0.0157697649373387,4.94,37.6276,42.71,7.59,8.76,99.03,6.58,82.1,115.6802,39.8,71373.0,76.6074,78.595,6.1,6.582727272727272,685.5,0.0,38.5,-0.0065660117708905,0.0
1971-09-01,99.4,3.09,5.43,40.8,6.14,787.66,24.49,123010.57,43.03,6719.79,16.86,19.67,2.91,1.02,11.77,-2.25,-5.42,3.17,0.0245571516999096,0.0372176229725792,0.0,0.0245571516999096,0.0372176229725792,4.69,38.2391,42.03,7.44,8.59,98.34,6.14,,116.6745,39.7,71614.0,77.9618,79.6725,6.0,6.13952380952381,692.5,0.0,38.3,-0.0199607425625379,-0.0195971689521361
1971-10-01,97.29,3.08,5.52,40.9,5.93,769.05,24.37,120422.21,43.63,6832.47,16.43,19.18,3.3,1.01,11.99,-1.89,-5.41,3.52,-0.0212663023385214,0.0185190477672375,0.00244798163864,-0.0188183206998814,0.0209670294058775,4.46,38.5253,42.5,7.39,8.48,94.23,5.93,,117.268,39.9,71642.0,78.9224,80.0684,5.8,5.925789473684211,698.4,0.0,38.3,-0.0067431138848901,-0.0128882861923522
1971-11-01,92.78,3.08,5.61,40.9,5.81,733.4,24.32,115157.23,44.35,6963.05,15.64,18.27,3.73,1.0,12.16,-1.19,-4.59,3.4,-0.0447055723371588,0.014078907498598,0.0,-0.0447055723371588,0.014078907498598,4.22,38.6888,42.86,7.26,8.38,93.99,5.81,82.0,117.8104,40.0,71847.0,79.0161,80.208,6.0,5.8100000000000005,704.6,0.0,38.3,-0.0177479061234056,-0.0118625353098199
1971-12-01,99.17,3.07,5.7,41.1,5.93,780.1,24.15,122805.43,44.84,7058.5,16.6,19.41,3.29,1.0,12.05,-1.74,-4.6,2.86,0.0643028210125969,-0.0090872166013568,0.0048780584534329,0.0691808794660299,-0.0042091581479238,4.01,39.1355,43.48,7.25,8.38,102.09,5.93,,117.7961,40.2,72109.0,79.551,80.9324,6.0,5.926363636363636,710.3,0.0,38.6,-0.0013783599701212,0.0
1972-01-01,103.3,3.07,5.74,41.1,5.95,812.59,24.15,128236.55,45.13,7121.5,17.26,20.18,3.04,1.0,12.09,-2.67,-4.99,2.32,0.0432753722804567,0.0033140046900372,0.0,0.0432753722804567,0.0033140046900372,3.38,40.0728,45.75,7.19,8.23,103.94,5.95,,118.1645,40.2,72441.0,81.3684,82.6617,5.8,5.947619047619048,717.7,0.0,38.8,-0.008310297133628,-0.0180618998050133
1972-02-01,105.2,3.07,5.77,41.3,6.08,823.53,24.03,130278.84,45.19,7149.65,17.46,20.42,2.86,1.01,11.98,-3.04,-4.74,1.69,0.0158004712121555,-0.0091400719393979,0.0048543784647981,0.0206548496769536,-0.0042856934745998,3.2,40.4789,48.26,7.27,8.23,106.57,6.08,92.8,118.8982,40.4,72648.0,81.8317,83.3036,5.7,6.081,725.7,0.0,39.2,0.0110651198124726,0.0
1972-03-01,107.7,3.07,5.81,41.4,6.07,841.06,23.97,133368.72,45.37,7194.73,17.81,20.82,2.79,1.0,12.02,-3.53,-4.36,0.83,0.0234405467584234,0.0033333364197582,0.0024183808642816,0.025858927622705,0.0057517172840398,3.73,40.761,48.33,7.24,8.24,107.2,6.07,,119.691,40.4,72944.0,82.1903,83.6835,5.8,6.068636363636363,733.5,0.0,39.2,-0.0041350851478028,0.0012143292324017
1972-04-01,108.8,3.07,5.86,41.5,6.19,847.6,23.92,134722.28,45.68,7260.3,17.92,20.95,2.62,1.01,11.94,-3.15,-4.24,1.08,0.0100978511137838,-0.0066778211426054,0.0024125464053839,0.0125103975191677,-0.0042652747372215,3.71,41.1654,49.03,7.3,8.24,107.67,6.19,,121.2319,40.5,73162.0,82.8692,84.3072,5.7,6.1945,738.4,0.0,39.3,0.0082531417567204,0.0
1972-05-01,107.7,3.07,5.92,41.6,6.13,837.02,23.86,133355.65,45.98,7326.1,17.66,20.65,2.79,1.01,12.03,-3.09,-4.16,1.07,-0.0101958549070665,0.0075094220221315,0.002406740030565,-0.0077891148765014,0.0099161620526966,3.69,41.1693,54.62,7.3,8.23,109.53,6.13,88.6,122.692,40.5,73469.0,82.7981,84.1065,5.7,6.126363636363636,743.3,0.0,39.5,0.0,-0.0012143292324018
1972-06-01,108.0,3.07,5.97,41.7,6.11,837.34,23.8,133722.44,46.29,7391.88,17.64,20.63,2.84,1.01,12.08,-3.76,-4.55,0.8,0.0027466890346401,0.0041476625200813,0.0024009615375382,0.0051476505721784,0.0065486240576196,3.91,41.2778,62.09,7.23,8.2,107.14,6.11,,123.7672,40.6,73758.0,82.8697,84.1147,5.7,6.1068181818181815,749.7,0.0,39.7,-0.009635311983672,-0.0036518604187711
1972-07-01,107.2,3.07,6.03,41.9,6.11,827.17,23.71,132413.93,46.5,7444.17,17.4,20.35,2.93,1.0,12.08,-3.69,-4.32,0.63,-0.0098334590199491,0.0,0.0047846981233362,-0.0050487608966129,0.0047846981233362,3.98,41.2389,65.66,7.21,8.23,107.39,6.11,,124.6817,40.5,73709.0,82.6391,83.8181,5.6,6.113,759.5,0.0,40.0,-0.0027700848738157,0.0036518604187712
1972-08-01,111.0,3.08,6.08,42.0,6.21,854.45,23.68,137097.2,46.83,7513.58,17.94,20.98,2.68,0.98,12.02,-3.97,-3.72,-0.24,0.0347573138619153,-0.0049792633996074,0.0023837913552761,0.0371411052171915,-0.0025954720443312,4.02,41.805,67.03,7.19,8.19,111.09,6.21,95.2,126.0083,40.6,74141.0,83.5051,84.7411,5.6,6.210434782608695,768.7,0.0,40.1,-0.0027777795639022,-0.0048721168240005
1972-09-01,109.4,3.08,6.14,42.1,6.55,840.13,23.65,135116.33,47.15,7583.31,17.61,20.6,2.44,1.01,11.76,-2.74,-3.04,0.3,-0.0145540522222059,-0.0218679866365806,0.0023781224049674,-0.0121759298172385,-0.0194898642316132,4.66,42.1288,65.46,7.22,8.09,110.55,6.55,,126.9574,40.6,74264.0,83.9268,85.1601,5.5,6.5495,778.3,0.0,40.2,0.0041637811717795,-0.0122851667945776
1972-10-01,109.6,3.1,6.23,42.3,6.48,837.69,23.72,135041.22,47.64,7680.26,17.53,20.5,2.58,1.02,11.83,-1.94,-2.23,0.29,-0.000556045921613,0.0059347355198145,0.0047393453638963,0.0041832994422833,0.0106740808837108,4.74,42.6703,64.86,7.21,8.06,111.58,6.48,,129.0908,40.7,74674.0,84.8843,86.0048,5.6,6.4795,786.9,0.0,40.1,-0.0013860016078771,-0.0037151745518633
1972-11-01,115.1,3.13,6.33,42.4,6.28,877.65,23.84,141803.73,48.24,7794.49,18.34,21.44,2.56,1.0,12.04,-1.96,-2.08,0.12,0.0488638532394817,0.0175957618903794,0.0023612761856799,0.0512251294251616,0.0199570380760593,4.78,43.1755,62.91,7.12,7.99,116.67,6.28,90.7,131.5901,40.7,74973.0,85.689,86.7608,5.3,6.2805,793.9,0.0,40.3,-0.0125612258729733,-0.0087227967403536
1972-12-01,117.5,3.15,6.42,42.5,6.36,893.84,23.96,144742.57,48.84,7908.49,18.65,21.8,2.41,1.0,12.0,-1.99,-1.92,-0.07,0.0205128668500708,-0.0033277900926745,0.0023557136924592,0.02286858054253,-0.0009720764002153,5.07,43.6617,63.91,7.08,7.93,118.05,6.36,,133.1093,40.6,75268.0,86.5586,87.4648,5.2,6.3585,802.3,0.0,41.1,-0.005633817718256,-0.0075377241314267
1973-01-01,118.4,3.16,6.55,42.6,6.46,898.57,23.96,145832.14,49.68,8063.47,18.71,21.87,2.32,0.99,11.95,-1.71,-1.76,0.05,0.0074994489823573,-0.0041753714104807,0.0023501773449536,0.009849626327311,-0.001825194065527,5.41,43.9783,65.14,7.15,7.9,116.03,6.46,,135.4135,40.4,75617.0,86.9641,87.8201,4.9,6.464545454545455,810.3,0.0,41.6,0.0098384490002879,-0.0037902761737806
1973-02-01,114.2,3.16,6.67,42.9,6.64,860.64,23.84,139997.83,50.29,8180.84,17.89,20.91,2.45,1.0,11.78,-1.11,-1.7,0.59,-0.0408293117497589,-0.014328100154079,0.0070175726586465,-0.0338117390911124,-0.0073105274954324,5.6,44.6103,74.2,7.22,7.97,111.68,6.64,81.9,140.7983,40.9,76014.0,88.0709,88.7918,5.0,6.635555555555555,814.1,0.0,42.4,0.0097425961988184,0.0088217333291476
1973-03-01,112.4,3.17,6.8,43.3,6.71,839.25,23.67,136839.16,50.77,8278.53,17.41,20.35,2.6,1.01,11.67,-0.51,-1.4,0.89,-0.0228207009545928,-0.0093817319249759,0.0092808090744727,-0.01353989188012,-0.0001009228505031,6.09,44.6294,84.37,7.29,8.03,111.52,6.71,,144.9576,40.9,76284.0,87.9475,88.5335,4.9,6.709090909090909,815.3,0.0,43.4,0.0096485931158319,0.0075000351565465
1973-04-01,110.3,3.19,6.94,43.6,6.67,817.9,23.63,133679.67,51.49,8415.07,16.94,19.79,2.87,0.99,11.69,0.07,-1.33,1.4,-0.0233598058321813,0.0017123291855122,0.0069045153465444,-0.0164552904856368,0.0086168445320567,6.26,44.568,90.5,7.26,8.09,106.97,6.67,,147.5343,40.8,76455.0,87.5234,88.1132,5.0,6.6685,819.7,0.0,43.6,-0.004123717183862,0.00744420311173
1973-05-01,107.2,3.2,7.09,43.9,6.85,789.48,23.59,129356.04,52.19,8551.34,16.31,19.06,2.99,1.0,11.53,0.77,-1.15,1.92,-0.0328778131470147,-0.0137814412030094,0.006857169726137,-0.0260206434208776,-0.0069242714768723,6.36,44.8608,101.96,7.29,8.06,104.95,6.85,77.0,149.9659,40.7,76648.0,87.7869,88.3877,4.9,6.847272727272727,826.8,0.0,44.5,0.0041237171838621,-0.0037151745518633
1973-06-01,104.8,3.22,7.23,44.2,6.9,766.57,23.55,125923.28,52.88,8687.26,15.81,18.47,3.17,0.99,11.47,1.19,-1.34,2.52,-0.0268957699409215,-0.0052174031396881,0.0068104690025268,-0.0200853009383946,0.0015930658628387,7.19,44.9186,120.12,7.37,8.13,104.26,6.9,,152.8292,40.7,76887.0,87.5089,88.1945,4.9,6.9,833.3,0.0,45.5,0.0109141601806785,0.0086473670411823
1973-07-01,105.8,3.24,7.38,44.3,7.13,772.14,23.62,127161.23,53.88,8874.04,15.89,18.57,2.9,0.99,11.32,1.12,-1.47,2.59,0.0097829762344511,-0.0131638583662425,0.0022598879674372,0.0120428642018883,-0.0109039703988052,8.01,45.085,120.17,7.45,8.24,108.22,7.13,,155.3291,40.7,76913.0,87.5779,88.216,4.8,7.130952380952381,836.5,0.0,44.9,0.0107963261902228,0.0134394203616611
1973-08-01,103.8,3.25,7.54,45.1,7.4,744.1,23.32,122864.5,54.03,8920.9,15.28,17.85,3.07,1.03,10.98,1.19,-1.37,2.56,-0.0343736867287066,-0.0304956366936522,0.0178975694575428,-0.0164761172711638,-0.0125980672361094,8.67,45.0221,106.76,7.68,8.53,104.25,7.4,72.0,158.0681,40.6,77168.0,87.0644,87.793,4.8,7.404782608695652,838.8,0.0,47.5,0.0304055147681125,0.0345890175822073
1973-09-01,105.6,3.27,7.69,45.2,7.09,755.33,23.39,125040.4,55.0,9105.69,15.48,18.08,3.32,1.03,11.26,1.29,-1.46,2.76,0.01755476296422,0.0251811866301596,0.0022148403295528,0.0197696032937728,0.0273960269597124,8.29,45.3801,102.97,7.63,8.63,108.43,7.09,,158.5066,40.7,77276.0,87.4336,88.1943,4.8,7.090526315789473,839.3,0.0,46.7,-0.0065317018632151,0.0116551435917489
1973-10-01,109.8,3.31,7.85,45.6,6.79,778.48,23.44,129196.55,55.63,9232.81,15.91,18.59,3.5,1.01,11.47,1.0,-1.52,2.51,0.032698003121166,0.018478308429735,0.0088106296821549,0.0415086328033209,0.0272889381118899,7.22,45.7462,100.08,7.6,8.41,108.29,6.79,,159.1694,40.6,77607.0,87.985,88.6136,4.6,6.7942857142857145,842.6,0.0,46.3,-0.0039395980040803,-0.0258230311104799
1973-11-01,102.0,3.34,8.0,45.9,6.73,718.45,23.55,119559.9,56.37,9381.15,14.65,17.12,4.17,1.0,11.51,1.65,-1.56,3.21,-0.0775173871903445,0.0034812915925118,0.006557400546159,-0.0709599866441855,0.0100386921386709,7.83,45.9548,94.92,7.67,8.42,95.96,6.73,76.5,159.9353,40.6,77920.0,88.3043,88.732,4.8,6.7285,848.9,0.0,46.5,0.0091683680868795,0.0011883542693787
1973-12-01,94.78,3.38,8.16,46.2,6.74,663.26,23.65,110703.54,57.1,9530.92,13.49,15.77,4.78,0.99,11.49,2.41,-1.54,3.95,-0.0769616834921747,-0.0017391308731268,0.0065146810211938,-0.0704470024709808,0.004775550148067,7.45,45.8252,106.72,7.68,8.48,97.55,6.74,,161.2113,40.6,78031.0,88.0543,88.2077,4.9,6.743684210526316,855.5,1.0,47.4,0.001302931780416,0.0071006215495763
1974-01-01,96.11,3.4,8.23,46.6,6.99,666.8,23.59,111621.5,57.08,9554.4,13.53,15.82,4.59,1.01,11.25,2.42,-1.2,3.62,0.0082578661988039,-0.0211089632102351,0.0086207430439069,0.0168786092427108,-0.0124882201663282,7.77,45.5207,129.19,7.83,8.48,96.57,6.99,,163.0226,40.5,78100.0,87.0781,87.3558,5.1,6.988636363636363,859.7,1.0,49.0,0.0193429628431309,0.0
1974-02-01,93.45,3.42,8.29,47.2,6.96,640.1,23.43,107479.34,56.81,9538.38,12.96,15.15,5.09,0.99,11.2,2.22,-1.2,3.43,-0.0378150406707816,-0.0044543503493803,0.0127933514599095,-0.025021689210872,0.0083390011105292,7.12,45.3825,150.13,7.85,8.53,96.22,6.96,61.8,164.772,40.4,78254.0,86.4624,86.8371,5.2,6.957222222222223,864.2,1.0,50.0,0.0025510217916052,0.0058789116997758
1974-03-01,97.44,3.44,8.36,47.8,7.21,659.05,23.27,110987.19,56.54,9522.3,13.31,15.57,4.76,0.99,10.93,1.92,-1.15,3.08,0.0321161461961113,-0.0244024761126015,0.0126317469059005,0.0447478931020119,-0.011770729206701,7.96,45.3798,168.42,8.01,8.62,93.98,7.21,,168.8168,40.4,78296.0,86.1018,86.5891,5.1,7.209047619047618,870.1,1.0,50.6,0.0201772292859507,0.0104957231720138
1974-04-01,92.46,3.46,8.49,48.0,7.51,622.77,23.3,105203.06,57.16,9656.32,12.55,14.69,4.96,1.0,10.72,2.47,-1.08,3.55,-0.0535224019141633,-0.0194001465457911,0.0041753714104805,-0.0493470305036827,-0.0152247751353105,8.33,45.247,172.24,8.25,8.87,90.31,7.51,,174.9909,39.5,78382.0,85.4761,86.1068,5.1,7.512380952380952,872.9,1.0,51.0,0.0295224392663218,0.0285897116458864
1974-05-01,89.67,3.48,8.61,48.6,7.58,596.52,23.15,101094.82,57.3,9710.75,12.0,14.05,5.39,1.01,10.6,2.82,-1.33,4.15,-0.0398334990188568,-0.0112571545246345,0.0124225199985571,-0.0274109790202997,0.0011653654739225,8.23,45.6083,163.27,8.37,9.05,87.28,7.58,72.1,177.6309,40.3,78549.0,85.8811,86.5741,5.1,7.57590909090909,874.6,1.0,51.8,0.0144406841547942,0.0200899613903467
1974-06-01,89.79,3.5,8.74,49.0,7.54,592.44,23.09,100729.88,57.67,9804.87,11.89,13.93,5.56,0.99,10.61,2.64,-1.33,3.97,-0.0036164096637966,0.0009429515078703,0.0081967672041784,0.0045803575403818,0.0091397187120488,7.9,45.5216,154.1,8.47,9.27,86.0,7.54,,180.1082,40.2,78604.0,85.657,86.1998,5.4,7.535500000000001,877.8,1.0,52.0,0.0118766241625793,0.024018621865929
1974-07-01,79.31,3.53,8.86,49.4,7.81,519.05,23.1,88579.92,58.01,9899.29,10.39,12.19,6.55,0.99,10.4,3.83,-0.95,4.78,-0.1285372832941572,-0.0199911464785647,0.00813012608325,-0.1204071572109072,-0.0118610203953146,7.55,45.6136,142.98,8.72,9.48,79.31,7.81,,183.9873,40.1,78636.0,85.4222,86.1758,5.5,7.805000000000001,881.4,1.0,54.0,0.0290887292569252,0.0224009366891667
1974-08-01,76.03,3.56,8.99,50.0,8.04,491.62,23.02,84224.91,58.11,9955.3,9.82,11.53,7.04,1.01,10.18,5.24,-0.32,5.56,-0.0504144746305328,-0.0213807950249503,0.0120725812342692,-0.0383418933962635,-0.009308213790681,8.96,45.1303,154.64,9.0,9.77,72.15,8.04,64.4,186.3819,40.2,78619.0,84.441,85.0768,5.5,8.04409090909091,884.1,1.0,55.9,0.031605339415331,0.0301321497877609
1974-09-01,68.12,3.59,9.11,50.6,8.04,435.25,22.94,74895.0,58.21,10016.05,8.68,10.21,8.47,1.02,10.12,6.58,-0.1,6.68,-0.1174035881050232,-0.0059113472630572,0.0119285708652738,-0.1054750172397494,0.0060172236022165,8.06,45.1377,151.75,9.24,10.18,63.54,8.04,,187.9941,40.0,78610.0,84.253,84.9128,5.9,8.0375,887.9,1.0,55.9,0.0263173083173733,0.0411085450676853
1974-10-01,69.44,3.59,9.04,51.1,7.9,439.34,22.73,75925.26,57.17,9880.64,8.74,10.3,8.63,1.02,10.19,6.36,0.11,6.25,0.013662302737272,0.006893183375314,0.0098329209162388,0.0234952236535108,0.0167261042915528,7.46,44.995,158.78,9.27,10.48,73.9,7.9,,189.2302,40.0,78630.0,83.4837,84.4745,6.0,7.896818181818181,893.3,1.0,56.9,0.003241493924171,0.0290436677705195
1974-11-01,71.74,3.6,8.96,51.5,7.68,450.37,22.58,78156.0,56.27,9764.96,8.95,10.55,8.63,1.02,10.33,6.19,0.42,5.77,0.0289573939943105,0.0136454358969137,0.0077973104600317,0.0367547044543423,0.0214427463569455,7.47,43.5148,181.66,8.89,10.6,69.97,7.68,59.5,190.4047,39.5,78265.0,80.8232,81.5419,6.6,7.681111111111111,898.6,1.0,57.4,-0.0418563300519504,0.0113853222251252
1974-12-01,67.07,3.6,8.89,51.9,7.43,417.8,22.43,72829.5,55.38,9653.41,8.29,9.79,9.85,1.0,10.49,6.87,0.39,6.47,-0.0705857364487671,0.0153701392766587,0.0077369825021524,-0.0628487539466147,0.0231071217788111,7.15,41.9503,183.78,8.89,10.63,68.56,7.43,,191.2761,39.3,77652.0,77.0017,78.4687,7.2,7.433809523809523,902.1,1.0,57.3,0.0,0.0028261912358352
1975-01-01,72.56,3.62,8.74,52.1,7.5,450.27,22.48,78815.1,54.26,9497.06,8.92,10.55,8.97,1.01,10.47,6.49,0.57,5.93,0.0789835099682144,-0.0019083975257602,0.0038461585874783,0.0828296685556927,0.001937761061718,6.26,41.3689,176.27,8.83,10.81,76.98,7.5,,191.5869,39.2,77293.0,75.2829,77.2476,8.1,7.501363636363636,906.3,1.0,57.4,-0.0067720349099445,0.0167914392972602
1975-02-01,80.1,3.65,8.6,52.5,7.39,493.27,22.46,86669.77,52.94,9301.77,9.76,11.56,8.2,0.98,10.53,6.03,0.47,5.56,0.0950005465269336,0.0057143012634384,0.0076482208382568,0.1026487673651904,0.0133625221016952,5.5,40.4252,179.6,8.62,10.65,81.59,7.39,57.6,190.3805,38.9,76918.0,73.0755,75.358,8.1,7.392222222222222,914.1,1.0,57.2,-0.024069929940267,-0.0149117394956827
1975-03-01,83.78,3.67,8.45,52.7,7.73,513.97,22.51,90637.23,51.84,9141.62,10.16,12.04,7.46,0.97,10.31,5.47,0.54,4.93,0.0447599063951663,-0.0211140281170154,0.0038022859497387,0.048562192344905,-0.0173117421672767,5.49,39.9804,178.16,8.67,10.48,83.36,7.73,,188.1191,38.8,76648.0,71.9652,74.4065,8.6,7.728,925.0,1.0,56.9,0.0057837061168487,-0.0160912132625379
1975-04-01,84.72,3.68,8.29,52.9,8.23,517.78,22.51,91638.46,50.64,8963.38,10.23,12.13,6.9,1.02,9.99,5.41,1.16,4.25,0.0109859967615842,-0.0315297053684064,0.0037878833169369,0.0147738800785211,-0.0277418220514695,5.61,40.0572,169.84,8.95,10.58,87.3,8.23,,187.4109,39.0,76460.0,71.8504,74.4307,8.8,8.226818181818182,935.1,0.0,57.5,0.0317847414943135,0.0094967475372572
1975-05-01,90.1,3.7,8.12,53.2,8.06,547.55,22.47,97239.57,49.37,8767.03,10.82,12.84,6.6,1.02,10.12,5.03,1.44,3.59,0.0593266748342094,0.0129290711988571,0.005655057483345,0.0649817323175545,0.0185841286822022,5.23,39.9402,167.39,8.9,10.69,91.15,8.06,72.8,186.074,39.0,76624.0,71.6374,74.0959,9.0,8.05952380952381,947.9,0.0,57.9,-0.0056022555486696,0.0103432986068005
1975-06-01,92.4,3.71,7.96,53.6,7.86,557.34,22.38,99308.8,48.01,8555.17,11.01,13.07,6.65,0.99,10.25,5.04,1.8,3.24,0.0210564600773674,0.0127640417250977,0.0074906717291576,0.0285471318065251,0.0202547134542553,5.34,40.1927,164.24,8.77,10.62,95.19,7.86,,184.638,39.2,76521.0,72.1233,74.4461,8.8,7.860952380952382,963.0,0.0,58.0,-0.0147144703540025,-0.006569709223161
1975-07-01,92.49,3.71,7.89,54.2,8.06,551.71,22.13,98633.71,47.08,8417.65,10.9,12.95,6.66,0.98,10.06,5.33,1.96,3.37,-0.0068210978784884,-0.0187105409128239,0.0111318403688441,0.0043107424903557,-0.0075787005439797,6.13,40.6115,165.17,8.84,10.55,88.75,8.06,,183.651,39.4,76770.0,73.0294,75.1022,8.6,8.061363636363636,975.1,0.0,58.7,0.0079500702654605,-0.0066131558917171
1975-08-01,85.71,3.71,7.83,54.3,8.4,510.32,22.09,91564.11,46.6,8361.24,10.09,12.0,7.07,1.0,9.88,5.9,2.2,3.7,-0.0743737069139408,-0.0180546529118167,0.001843318494289,-0.0725303884196517,-0.0162113344175276,6.44,41.0114,163.0,8.95,10.59,86.88,8.4,75.7,182.9282,39.7,77153.0,73.6483,75.7189,8.4,8.397619047619047,983.1,0.0,59.0,0.0123666556372118,0.0037842996912394
1975-09-01,84.67,3.71,7.76,54.6,8.43,501.36,21.97,90284.55,45.95,8274.57,9.92,11.81,7.27,1.03,9.88,5.81,2.24,3.58,-0.0140730332357685,0.0,0.0055096558109697,-0.0085633774247988,0.0055096558109697,6.42,41.5422,144.17,8.95,10.61,83.87,8.43,,182.822,39.8,77228.0,74.7531,76.5718,8.4,8.426666666666668,991.5,0.0,59.4,0.0,0.0018867930125766
1975-10-01,88.57,3.7,7.83,54.9,8.14,521.59,21.79,94254.06,46.09,8328.95,10.33,12.3,7.19,1.01,10.09,5.48,2.15,3.32,0.0430275528846377,0.0210323226057411,0.0054794657646255,0.0485070186492632,0.0265117883703667,5.96,41.7224,142.79,8.86,10.62,89.04,8.14,,182.7142,39.9,77540.0,75.0165,76.773,8.4,8.137727272727274,997.8,0.0,59.8,-0.0101067676697743,0.0009420631879009
1975-11-01,90.07,3.69,7.89,55.3,8.05,526.58,21.57,95481.88,46.15,8367.6,10.44,12.44,7.25,1.01,10.14,5.97,2.45,3.52,0.012942588940803,0.0049431637975195,0.0072595600128041,0.0202021489536071,0.0122027238103236,5.48,41.7797,142.42,8.78,10.56,91.24,8.05,75.6,182.6189,39.9,77685.0,74.9958,76.744,8.3,8.052941176470588,1006.9,0.0,59.5,-0.0090703569699642,-0.0056657375356771
1975-12-01,88.7,3.68,7.96,55.5,8.0,516.7,21.44,94014.64,46.37,8436.94,10.25,12.23,7.48,1.02,10.21,6.65,2.77,3.88,-0.0154859764403047,0.006879634013537,0.0036101122240997,-0.0118758642162049,0.0104897462376368,5.44,42.3462,139.3,8.79,10.56,90.19,8.0,,183.3586,40.2,78017.0,75.9362,77.6451,8.2,7.996818181818182,1016.2,0.0,59.7,0.0011383040500602,0.0
1976-01-01,96.86,3.68,8.19,55.6,7.74,563.22,21.42,102803.66,47.64,8696.1,11.19,13.34,6.95,1.0,10.44,5.76,2.64,3.12,0.0893704406762182,0.0222769502779182,0.0018001805041478,0.0911706211803661,0.0240771307820661,4.87,42.9082,131.05,8.6,10.41,100.86,7.74,,182.6481,40.3,78503.0,76.6799,78.5312,7.9,7.742380952380953,1026.6,0.0,59.9,-0.0218525084376234,-0.0143063956512379
1976-02-01,100.6,3.69,8.43,55.8,7.79,582.88,21.36,106715.37,48.82,8938.92,11.59,13.83,6.56,1.01,10.43,5.98,3.08,2.9,0.0373442411683257,-0.0009583134418115,0.0035906681307285,0.0409349092990542,0.0026323546889169,4.88,43.3407,131.06,8.55,10.24,99.71,7.79,84.6,182.0444,40.4,78816.0,77.6593,79.1705,7.7,7.792777777777778,1040.3,0.0,59.9,-0.005830920310793,-0.0164652630155158
1976-03-01,101.1,3.69,8.66,55.9,7.73,584.72,21.34,107379.52,50.09,9197.89,11.63,13.88,6.57,1.02,10.53,6.6,3.74,2.86,0.0062042782098122,0.0095420571332029,0.0017905107737882,0.0079947889836005,0.0113325679069912,5.0,43.4281,132.76,8.52,10.12,102.77,7.73,,179.4877,40.2,79048.0,77.7378,79.174,7.6,7.734347826086956,1050.0,0.0,60.0,-0.0035149421074446,-0.0117879557520423
1976-04-01,101.9,3.71,8.86,56.1,7.56,587.25,21.4,108170.86,51.04,9401.7,11.69,13.95,6.67,0.98,10.68,6.83,4.02,2.81,0.0073425391806943,0.0141445073861647,0.0035714323675971,0.0109139715482915,0.0177159397537619,4.86,43.6518,127.94,8.4,9.94,101.64,7.56,,177.4755,39.6,79292.0,78.031,79.4214,7.7,7.564285714285714,1060.8,0.0,60.6,-0.0141846349919563,-0.0179466431908368
1976-05-01,101.2,3.74,9.05,56.5,7.9,579.09,21.38,106995.44,51.8,9571.79,11.53,13.76,6.52,1.01,10.42,6.97,4.01,2.96,-0.0109257973276081,-0.0246457972068278,0.0071048256237445,-0.0038209717038635,-0.0175409715830832,5.2,43.8315,126.92,8.58,9.86,100.18,7.9,83.3,178.4326,40.3,79312.0,78.2498,79.5834,7.4,7.895,1072.1,0.0,60.8,0.0212022076506029,-0.0080808520539386
1976-06-01,101.8,3.76,9.25,56.8,7.86,579.44,21.4,107390.86,52.65,9758.01,11.54,13.78,6.58,1.01,10.47,7.2,3.91,3.29,0.0036888593011376,0.0047869885572246,0.0052956875747102,0.0089845468758478,0.0100826761319349,5.41,43.8775,125.71,8.62,9.89,104.28,7.86,,179.102,40.2,79376.0,78.1547,79.4974,7.6,7.861363636363635,1077.6,0.0,61.2,0.0046511711757306,0.0030379770200768
1976-07-01,104.2,3.79,9.35,57.1,7.83,589.99,21.46,109676.57,52.94,9841.42,11.76,14.03,6.47,1.01,10.5,6.78,4.3,2.47,0.0210606859389823,0.0028612322810321,0.005267790934859,0.0263284768738413,0.0081290232158912,5.23,44.1248,117.73,8.56,9.82,103.44,7.83,,179.1423,40.3,79547.0,78.55,79.7719,7.8,7.831904761904762,1086.3,0.0,61.6,-0.0069848945219508,-0.0071030232682463
1976-08-01,103.3,3.82,9.45,57.4,7.77,581.84,21.52,108494.31,53.23,9925.18,11.6,13.84,6.64,1.02,10.56,7.12,4.39,2.73,-0.0108380327624233,0.0056980211146377,0.0052401866635562,-0.0055978460988671,0.010938207778194,5.14,44.4262,109.93,8.45,9.64,102.91,7.77,89.7,179.7949,40.2,79704.0,78.8635,80.1388,7.8,7.768636363636364,1098.7,0.0,61.4,-0.0129337487845683,-0.0185000137439202
1976-09-01,105.5,3.85,9.55,57.6,7.59,592.16,21.61,110755.99,53.6,10025.78,11.81,14.09,6.71,1.02,10.72,6.58,4.04,2.54,0.0206317640323928,0.0150378773645405,0.0034782643763247,0.0241100284087176,0.0185161417408652,5.08,44.5711,114.15,8.38,9.4,105.24,7.59,,181.1732,40.2,79892.0,78.8909,80.2183,7.6,7.594285714285713,1110.8,0.0,61.8,-0.0083185268750906,-0.025211419346496
1976-10-01,101.9,3.92,9.67,57.9,7.41,568.99,21.87,106763.23,54.0,10131.51,11.35,13.54,7.22,1.01,10.87,6.95,3.97,2.99,-0.0367159143857162,0.0138955454904619,0.0051948168771039,-0.0315210975086122,0.0190903623675658,4.92,44.56,116.15,8.32,9.29,102.9,7.41,,182.4383,40.0,79911.0,78.6084,80.012,7.7,7.411,1125.0,0.0,61.9,-0.0071856596608744,-0.0117711364502111
1976-11-01,101.2,3.98,9.79,58.0,7.29,564.11,22.2,106194.2,54.57,10273.13,11.25,13.43,7.43,1.04,11.01,7.37,4.02,3.36,-0.0053440854752536,0.0127972496014706,0.0017256259674698,-0.0036184595077837,0.0145228755689405,4.75,45.2454,130.46,8.25,9.23,102.1,7.29,87.0,183.9005,40.1,80240.0,79.4494,81.0488,7.8,7.291052631578947,1138.2,0.0,62.0,-0.0084490544865276,-0.0064795043109861
1976-12-01,104.7,4.05,9.91,58.2,6.87,581.61,22.5,109842.31,55.05,10396.73,11.6,13.85,7.62,0.98,11.37,7.18,3.84,3.35,0.0337762984480516,0.0321743570278561,0.0034423441909729,0.0372186426390245,0.035616701218829,4.35,45.731,133.93,7.98,9.12,107.46,6.87,,185.2478,39.9,80448.0,80.0906,81.719,7.8,6.869090909090909,1152.0,0.0,62.5,-0.0332747888848722,-0.0119892444285208
1977-01-01,103.8,4.1,9.97,58.5,7.21,573.66,22.64,108695.98,55.08,10436.77,11.44,13.66,7.46,0.99,11.1,7.92,4.1,3.82,-0.0104909809059305,-0.0240331994441562,0.0051413995004186,-0.0053495814055119,-0.0188917999437375,4.62,45.4156,132.26,7.96,9.08,102.03,7.21,,185.7874,39.4,80690.0,79.5496,80.9557,7.5,7.213333333333333,1165.2,0.0,62.8,-0.0025094116054258,-0.0043956114730379
1977-02-01,101.0,4.14,10.02,59.1,7.39,552.52,22.67,105048.06,54.83,10425.03,11.01,13.15,7.72,1.0,10.92,8.93,4.18,4.76,-0.0341368511985871,-0.0163491380015294,0.0102041701742416,-0.0239326810243454,-0.0061449678272877,4.67,46.1358,136.24,8.04,9.12,99.82,7.39,87.1,187.4113,40.2,80988.0,80.7991,82.0259,7.6,7.3910526315789475,1177.6,0.0,63.5,0.0100000833345831,0.0043956114730379
1977-03-01,100.6,4.19,10.08,59.5,7.46,546.63,22.77,104289.34,54.77,10449.67,10.9,13.02,7.79,1.01,10.86,9.43,4.25,5.18,-0.0072488081179583,-0.0055096558109696,0.0067453881395314,-0.0005034199784268,0.0012357323285617,4.6,46.7158,148.23,8.1,9.12,98.42,7.46,,189.1547,40.3,81391.0,81.7424,82.8357,7.4,7.460000000000001,1188.5,0.0,64.1,0.0074349784875182,0.0
1977-04-01,99.05,4.25,10.19,60.0,7.37,533.72,22.88,102190.62,54.93,10516.5,10.64,12.71,8.16,1.0,10.9,9.5,3.66,5.85,-0.0203292588704798,0.0036764747293086,0.0083682496705165,-0.0119610091999632,0.0120447243998252,4.54,47.1719,149.17,8.04,9.07,98.44,7.37,,190.2948,40.4,81728.0,82.3975,83.4184,7.2,7.3705,1199.6,0.0,64.9,-0.007434978487518,-0.0054975399591947
1977-05-01,98.76,4.3,10.31,60.3,7.46,529.51,23.07,101752.64,55.26,10619.02,10.55,12.61,8.17,1.02,10.84,9.53,3.33,6.2,-0.0042951228035087,-0.0055197932235979,0.0049875415110389,0.0006924187075301,-0.0005322517125589,4.96,47.541,146.61,8.05,9.01,96.12,7.46,90.2,191.7797,40.5,82088.0,82.8156,83.8383,7.0,7.456666666666667,1209.0,0.0,65.2,0.0012430082395972,-0.0066371925067987
1977-06-01,99.29,4.36,10.42,60.7,7.28,528.85,23.22,101996.45,55.5,10704.03,10.53,12.6,8.4,1.0,10.98,9.95,3.39,6.56,0.0023932388249719,0.0128324400698845,0.006611594332313,0.0090048331572849,0.0194440344021975,5.02,47.9063,140.78,7.95,8.91,100.48,7.28,,193.5548,40.5,82488.0,83.3042,84.2431,7.2,7.275454545454545,1217.8,0.0,65.0,-0.0125001627642314,-0.0111608301375285
1977-07-01,100.2,4.41,10.52,61.0,7.33,531.07,23.36,102800.41,55.74,10789.63,10.57,12.65,8.34,1.0,10.95,10.17,3.42,6.75,0.0078513325829276,-0.0027359798188748,0.0049301661078585,0.0127814986907862,0.0021941862889837,5.19,47.9714,143.39,7.94,8.87,98.85,7.33,,195.1835,40.4,82834.0,83.0558,84.1164,6.9,7.330000000000001,1226.7,0.0,65.1,-0.0012586534071961,-0.0044994451612299
1977-08-01,97.75,4.45,10.61,61.2,7.4,516.39,23.53,100338.59,56.07,10894.36,10.27,12.3,8.55,1.01,10.93,11.07,3.25,7.82,-0.0242389746050299,-0.0018281540740625,0.0032733253449691,-0.0209656492600608,0.0014451712709065,5.49,48.0157,144.94,7.98,8.82,96.77,7.4,89.0,197.4881,40.4,83075.0,83.2478,83.9516,7.0,7.396521739130435,1237.0,0.0,65.0,0.0050251362026729,-0.0056529263027881
1977-09-01,96.23,4.5,10.71,61.4,7.34,506.7,23.69,98840.26,56.39,11000.51,10.07,12.07,8.81,0.99,11.01,10.84,2.75,8.09,-0.0150453551040183,0.0072926485461413,0.0032626456348163,-0.0117827094692019,0.0105552941809577,5.81,48.2097,149.53,7.92,8.8,96.53,7.34,,198.9991,40.4,83532.0,83.0451,84.0465,6.8,7.343809523809524,1246.2,0.0,65.3,-0.0075472056353829,-0.002270148534539
1977-10-01,93.74,4.56,10.77,61.6,7.52,491.99,23.92,96358.87,56.53,11070.89,9.77,11.72,8.94,1.0,10.9,9.7,2.84,6.86,-0.0254255608106182,-0.0100411614994905,0.0032520353863773,-0.0221735254242409,-0.0067891261131131,6.16,48.2839,158.95,8.04,8.89,92.34,7.52,,201.2545,40.6,83800.0,82.9588,83.9313,6.8,7.5235,1254.0,0.0,65.6,0.0150378773645405,0.0101753280416524
1977-11-01,94.28,4.61,10.83,61.9,7.58,492.43,24.1,96837.53,56.57,11123.79,9.77,11.72,8.9,1.0,10.87,8.21,3.38,4.83,0.0049551749350205,-0.00275608810198,0.0048583091510763,0.0098134840860969,0.0021022210490962,6.1,48.3755,162.1,8.08,8.95,94.83,7.58,84.4,202.9397,40.5,84173.0,82.925,83.8462,6.8,7.577368421052632,1262.4,0.0,65.8,0.004962789342129,0.0067264827609505
1977-12-01,93.82,4.67,10.89,62.1,7.69,488.44,24.31,96453.13,56.7,11195.64,9.68,11.63,8.88,0.99,10.82,8.1,3.41,4.69,-0.0039774348824388,-0.0046104277147824,0.0032258092488827,-0.000751625633556,-0.0013846184658997,6.07,48.4573,160.45,8.19,8.99,95.1,7.69,,204.6774,40.4,84410.0,83.5776,83.7459,6.4,7.685238095238095,1270.3,0.0,66.2,0.0135220253319739,0.0044593161967648
1978-01-01,90.25,4.71,10.9,62.5,7.96,466.85,24.38,92590.34,56.38,11182.66,9.24,11.12,9.11,1.0,10.62,8.97,3.87,5.1,-0.0408723743168425,-0.0186572576045428,0.0064205678029227,-0.0344518065139197,-0.01223668980162,6.44,47.7512,173.18,8.41,9.17,89.25,7.96,83.7,207.2931,39.5,84594.0,82.0672,82.2914,6.4,7.956190476190477,1279.7,0.0,66.8,0.0265075761198787,0.0198244377848445
1978-02-01,88.98,4.76,10.91,62.9,8.03,457.36,24.45,91110.97,56.08,11171.28,9.05,10.89,9.31,1.01,10.57,9.48,4.28,5.19,-0.0161066024156401,-0.0047192159316464,0.0063796069640389,-0.0097269954516011,0.0016603910323925,6.45,48.0098,178.14,8.47,9.2,87.04,8.03,84.3,210.259,39.9,84948.0,82.1542,82.5033,6.3,8.033333333333333,1285.5,0.0,67.5,0.0071090346791063,0.0032661977866211
1978-03-01,88.82,4.8,10.92,63.4,8.04,452.93,24.48,90636.24,55.69,11143.3,8.95,10.79,9.47,1.0,10.55,9.84,4.22,5.62,-0.0052240810701315,-0.0018939399600707,0.0079176977367853,0.0026936166666537,0.0060237577767145,6.29,48.9358,183.61,8.47,9.22,89.21,8.04,78.8,213.6058,40.5,85460.0,83.3773,83.8599,6.3,8.03590909090909,1292.2,0.0,68.1,0.0,0.0021715535135079
1978-04-01,92.71,4.84,11.02,63.9,8.15,469.07,24.47,94273.6,55.77,11209.21,9.26,11.18,9.03,0.99,10.46,9.25,4.08,5.17,0.0393470597915273,-0.0085674012852986,0.0078554999403088,0.0472025597318361,-0.0007119013449898,6.29,49.9074,175.28,8.56,9.32,96.83,8.15,81.6,216.9979,40.4,86162.0,84.4017,85.2903,6.1,8.154,1300.4,0.0,69.0,0.0105696814896876,0.0107875911289973
1978-05-01,97.41,4.87,11.13,64.5,8.35,488.26,24.43,98540.56,55.77,11255.84,9.63,11.64,8.49,1.0,10.3,8.49,4.04,4.45,0.0442670472092632,-0.0154145634011867,0.0093458624182375,0.0536129096275008,-0.0060687009829491,6.41,50.1513,176.31,8.69,9.49,97.24,8.35,82.9,220.4005,40.4,86509.0,84.559,85.4734,6.0,8.345714285714285,1310.5,0.0,69.5,0.0150727491236498,0.0180759839243366
1978-06-01,97.66,4.91,11.23,65.2,8.46,484.26,24.35,98142.27,55.69,11285.46,9.55,11.55,8.52,1.0,10.18,9.12,4.3,4.82,-0.0040500794546615,-0.0117188841132134,0.0107942451308806,0.006744165676219,-0.0009246389823328,6.73,50.4751,183.75,8.76,9.6,95.53,8.46,80.0,223.4759,40.6,86950.0,84.916,85.7913,5.9,8.462272727272728,1318.5,0.0,70.0,0.0080229656709994,0.0115244858519539
1978-07-01,97.19,4.95,11.34,65.7,8.64,478.26,24.34,97337.75,55.82,11360.54,9.43,11.41,8.5,1.02,10.05,9.13,4.37,4.76,-0.0082312713333806,-0.0128523766172918,0.0076394565579576,-0.000591814775423,-0.0052129200593342,7.01,50.4371,188.73,8.88,9.6,100.68,8.64,82.4,226.2258,40.6,87204.0,84.5872,85.4956,6.2,8.64,1324.1,0.0,70.4,0.0136056520557786,0.0
1978-08-01,103.9,4.98,11.46,66.0,8.41,508.96,24.41,103998.98,56.12,11467.61,10.02,12.14,8.11,1.01,10.23,8.18,4.09,4.09,0.0661942021179602,0.0177519454584503,0.0045558165358606,0.0707500186538209,0.0223077619943109,7.08,50.6393,206.3,8.69,9.48,103.29,8.41,78.4,228.3623,40.5,87483.0,84.7497,85.6075,5.9,8.410869565217391,1333.5,0.0,70.4,-0.0216286177267782,-0.01257878220686
1978-09-01,103.9,5.02,11.57,66.5,8.42,505.13,24.41,103632.62,56.25,11540.22,9.94,12.05,8.24,0.99,10.22,8.35,4.3,4.06,-0.0035289462702605,-0.0009779951879767,0.0075472056353829,0.0040182593651223,0.0065692104474061,7.85,50.7631,212.08,8.69,9.42,102.54,8.42,80.4,230.5011,40.5,87621.0,84.8665,85.5854,6.0,8.416500000000001,1345.0,0.0,71.0,0.0,-0.0063492276786587
1978-10-01,100.6,5.04,11.82,67.1,8.64,484.72,24.27,99858.77,56.97,11736.18,9.53,11.57,8.48,1.0,10.05,9.13,4.64,4.49,-0.037095257378245,-0.0167739502704735,0.0089820963158275,-0.0281131610624175,-0.007791853954646,7.99,51.1523,227.44,8.89,9.59,93.15,8.64,79.3,232.9249,40.5,87956.0,85.1995,86.0076,5.8,8.642380952380952,1352.3,0.0,71.8,0.0227541102485125,0.017885800307075
1978-11-01,94.71,5.05,12.08,67.4,8.81,454.31,24.24,94009.86,57.93,11987.42,8.93,10.84,9.04,0.99,9.97,9.56,4.68,4.87,-0.0603572173663892,-0.0079920505313378,0.0044609739406254,-0.0558962434257637,-0.0035310765907123,8.64,51.5456,206.2,9.03,9.83,94.7,8.81,75.0,235.8062,40.6,88391.0,85.7249,86.4334,5.9,8.805,1359.1,0.0,72.1,0.0156253179030808,0.0247180452637283
1978-12-01,96.11,5.07,12.33,67.7,9.01,458.98,24.21,95394.29,58.88,12238.18,9.01,10.95,8.75,1.0,9.87,9.63,4.75,4.88,0.0146190530274132,-0.0100807305283568,0.0044411619999678,0.0190602150273811,-0.005639568528389,9.08,51.806,207.85,9.16,9.94,96.11,9.01,66.1,237.2394,40.5,88671.0,86.0798,86.6336,6.0,9.006499999999999,1366.0,0.0,72.7,0.0142938112571449,0.0111280865094074
1979-01-01,99.71,5.11,12.65,68.3,9.1,471.99,24.2,98517.29,59.9,12501.94,9.26,11.26,8.43,1.01,9.8,9.6,4.87,4.73,0.0322133423553658,-0.0071174677688638,0.008823586658515,0.0410369290138808,0.0017061188896511,9.35,51.525,227.28,9.25,10.13,99.93,9.1,72.1,239.757,40.4,88808.0,85.2099,85.9296,5.9,9.099545454545456,1371.6,0.0,73.8,0.0097773728382949,0.0189342975921094
1979-02-01,98.23,5.16,12.98,69.1,9.1,459.6,24.13,96351.02,60.72,12728.48,9.0,10.96,8.8,1.01,9.76,10.16,4.89,5.27,-0.0222340845607772,-0.0040899852515251,0.0116449641968798,-0.0105891203638973,0.0075549789453546,9.32,51.778,245.67,9.26,10.08,96.28,9.1,73.9,243.8766,40.5,89055.0,85.2128,86.1169,5.9,9.098333333333333,1377.8,0.0,74.9,0.0010804971337541,-0.0049480556173695
1979-03-01,100.1,5.2,13.3,69.8,9.12,463.65,24.09,97621.36,61.6,12970.67,9.07,11.05,8.72,1.0,9.72,9.93,4.82,5.11,0.0130983407252811,-0.0041067819526533,0.0100792789947026,0.0231776197199837,0.0059724970420493,9.48,51.9382,242.05,9.37,10.26,101.59,9.12,68.4,247.8933,40.6,89479.0,85.3672,86.1486,5.8,9.117272727272727,1387.8,0.0,75.8,0.0118090475922428,0.0176995770994008
1979-04-01,102.1,5.25,13.53,70.6,9.18,467.56,24.03,98865.11,61.94,13098.13,9.13,11.13,8.65,1.0,9.65,10.11,5.04,5.07,0.0126600738671482,-0.0072277031214531,0.0113961347308695,0.0240562085980178,0.0041684316094164,9.46,51.3251,239.11,9.38,10.33,101.76,9.18,66.0,253.7609,39.3,89417.0,83.674,84.9029,5.8,9.182,1402.1,0.0,76.9,0.0010666667678026,0.0067994433889236
1979-05-01,99.73,5.29,13.75,71.5,9.25,450.95,23.94,95776.39,62.19,13208.08,8.79,10.73,9.11,1.03,9.55,10.84,5.38,5.46,-0.0317401921371711,-0.0104167608582556,0.0126673052007656,-0.0190728869364055,0.00225054434251,9.61,51.7782,257.59,9.5,10.47,99.08,9.25,68.1,258.7349,40.2,89789.0,84.5852,85.4247,5.6,9.252380952380951,1410.2,0.0,77.5,0.0127120355883617,0.0134617417508983
1979-06-01,101.7,5.34,13.98,72.3,8.91,454.77,23.88,97010.22,62.51,13335.33,8.85,10.81,9.43,1.0,9.73,11.04,5.64,5.41,0.0128001301147288,0.0186727417052746,0.011126679464757,0.0239268095794859,0.0297994211700317,9.06,51.7865,279.07,9.29,10.38,102.91,8.91,65.8,263.4815,40.2,90108.0,84.4358,85.2142,5.7,8.913809523809524,1423.0,0.0,78.0,-0.0223532457807481,-0.0086331471447028
1979-07-01,102.7,5.4,14.2,73.1,8.95,454.22,23.87,97316.29,62.79,13452.48,8.83,10.78,9.48,1.0,9.67,11.29,5.93,5.35,0.0031500617501081,-0.0061855867327107,0.0110042375910137,0.0141542993411219,0.004818650858303,9.24,51.7029,294.74,9.2,10.29,103.81,8.95,60.4,267.8631,40.2,90217.0,84.2723,84.861,5.7,8.95,1434.8,0.0,79.2,-0.0097350687707524,-0.0087083278917845
1979-08-01,107.4,5.45,14.41,73.8,9.03,470.5,23.89,101231.15,63.14,13585.43,9.13,11.16,9.07,0.99,9.6,11.34,6.0,5.34,0.0394401202866565,-0.0072652109914124,0.009530364850694,0.0489704851373506,0.0022651538592816,9.52,51.3658,300.82,9.23,10.35,109.32,9.03,64.5,270.6452,40.1,90300.0,82.9951,84.1027,6.0,9.029565217391305,1446.6,0.0,79.6,0.0032555644597662,0.0058139698654198
1979-09-01,108.6,5.51,14.63,74.6,9.33,470.66,23.88,101692.65,63.4,13699.48,9.11,11.14,8.88,0.95,9.39,11.31,6.22,5.09,0.0045485132415531,-0.0221178052536188,0.0107817756032884,0.0153302888448415,-0.0113360296503304,10.26,51.3623,354.95,9.44,10.54,109.32,9.33,66.7,274.3761,40.1,90327.0,82.8572,83.9007,5.9,9.334736842105263,1454.1,0.0,80.9,0.0224969316426483,0.0181910234018381
1979-10-01,104.5,5.56,14.71,75.2,10.3,449.27,23.89,97502.83,63.23,13721.96,8.68,10.62,8.48,0.99,8.82,11.75,7.03,4.72,-0.0420736258327897,-0.0626234232014716,0.0080107237460789,-0.0340629020867107,-0.0546126994553926,11.7,51.7175,391.66,10.13,11.4,101.82,10.3,62.1,276.1506,40.2,90481.0,83.0737,84.2922,6.0,10.299090909090909,1460.4,0.0,82.1,0.0705453381031827,0.0784358122872336
1979-11-01,103.7,5.6,14.78,75.9,10.65,441.72,23.87,96295.7,62.97,13727.76,8.52,10.43,8.39,1.02,8.63,11.66,7.41,4.25,-0.0124577375452117,-0.0217773649233633,0.0092654534457901,-0.0031922840994215,-0.0125119114775731,11.79,51.6341,391.99,10.76,11.99,106.16,10.65,63.3,277.2382,40.1,90573.0,82.6126,83.9769,5.9,10.65315789473684,1465.9,0.0,82.6,0.0603342364730463,0.0504596136389731
1979-12-01,107.8,5.65,14.86,76.7,10.39,454.4,23.82,99491.51,62.64,13714.69,8.75,10.72,8.41,0.98,8.75,11.58,7.34,4.24,0.0326486482124772,0.0138091952741863,0.0104850239716261,0.0431336721841034,0.0242942192458124,12.04,51.6694,455.08,10.74,12.06,107.94,10.39,61.0,279.7257,40.1,90672.0,82.6455,83.8639,6.0,10.386,1473.7,0.0,83.4,-0.0018604656529196,0.0058212222596165
1980-01-01,110.9,5.7,15.0,77.8,10.8,460.85,23.69,101337.64,62.35,13709.64,8.85,10.85,7.98,0.92,8.49,11.01,7.36,3.66,0.0183855979441555,-0.030164700046267,0.0142397228111354,0.0326253207552909,-0.0159249772351316,12.0,51.944,675.31,11.09,12.42,114.16,10.8,67.0,281.8501,40.0,90800.0,82.8789,84.1462,6.3,10.802272727272728,1482.7,0.0,85.2,0.032068712281557,0.0294138852062931
1980-02-01,115.3,5.75,15.15,78.9,12.41,472.46,23.56,104321.12,62.07,13704.43,9.05,11.11,6.21,0.99,7.68,10.36,8.27,2.09,0.0290159224820165,-0.1002694531636751,0.0140397966674828,0.0430557191494994,-0.0862296564961923,12.86,51.9633,665.32,12.38,13.57,113.66,12.41,66.9,285.6731,40.1,90883.0,82.6129,84.02,6.3,12.414736842105263,1494.6,1.0,86.9,0.1100384658941744,0.088553397341445
1980-03-01,104.7,5.8,15.29,80.1,12.75,422.6,23.41,93742.03,61.71,13689.74,8.08,9.92,7.31,1.09,7.5,11.78,8.46,3.32,-0.1069271864136806,-0.023716526617316,0.0150946262224848,-0.0918325601911957,-0.0086219003948311,15.2,51.7454,553.58,12.96,14.45,102.09,12.75,56.5,289.3844,39.9,90994.0,81.74,83.516,6.3,12.74904761904762,1499.8,1.0,87.5,0.0457854236676786,0.0628329407116632
1980-04-01,103.0,5.85,15.17,81.0,11.47,411.12,23.34,91626.67,60.56,13497.85,7.84,9.64,9.0,1.09,8.05,12.04,7.61,4.44,-0.0228242613960573,0.0707690708882073,0.0111733005981252,-0.011650960797932,0.0819423714863326,13.2,50.7197,517.41,12.04,14.19,106.29,11.47,52.7,290.6018,39.8,90849.0,79.9156,81.7161,6.9,11.473333333333333,1502.2,1.0,87.8,-0.0736332510434537,-0.0181569233864898
1980-05-01,107.7,5.89,15.06,81.8,10.18,425.67,23.29,95303.3,59.51,13323.61,8.1,9.97,9.96,1.03,8.69,12.0,6.86,5.14,0.0393420510454776,0.0765008478468284,0.0098280889362624,0.04917013998174,0.0863289367830909,8.58,49.4766,513.8,10.99,13.17,111.24,10.18,51.7,287.8784,39.3,90420.0,77.4097,79.5737,7.5,10.181428571428572,1512.3,1.0,88.3,-0.0912486714651449,-0.0745959754167615
1980-06-01,114.6,5.94,14.94,82.7,9.78,448.01,23.22,100738.74,58.41,13132.96,8.51,10.48,9.83,0.98,8.89,11.67,6.84,4.83,0.0554659952416091,0.0227541102485125,0.0109423584209442,0.0664083536625534,0.0336964686694567,7.07,48.8383,600.72,10.58,12.71,114.24,9.78,58.7,287.0378,39.2,90101.0,76.0282,78.4079,7.6,9.778095238095238,1529.2,1.0,88.7,-0.0380203419853767,-0.0355524305538268
1980-07-01,119.8,5.98,14.84,82.7,10.25,468.34,23.39,105748.08,58.01,13099.35,8.88,10.95,8.82,0.96,8.7,11.1,7.11,3.99,0.0485292289388177,-0.0216040238652753,0.0,0.0485292289388177,-0.0216040238652753,8.06,48.4907,643.27,11.07,12.65,121.67,10.25,62.3,288.0583,39.1,89840.0,75.1189,77.7106,7.8,10.247727272727271,1545.5,1.0,90.3,0.0452733202903922,-0.0047318700278334
1980-08-01,123.5,6.03,14.74,83.3,11.1,479.33,23.39,108669.0,57.21,12969.89,9.07,11.19,7.81,0.99,8.27,9.8,7.43,2.37,0.0272469031275116,-0.050688516624938,0.0072289471431512,0.0344758502706629,-0.0434595694817867,9.13,48.6456,627.15,11.64,13.15,122.38,11.1,67.3,291.4491,39.5,90099.0,75.4695,77.8165,7.7,11.101904761904764,1561.5,0.0,91.5,0.0502086955827462,0.0387645434502443
1980-09-01,126.5,6.07,14.64,84.0,11.51,486.88,23.36,110822.54,56.35,12825.63,9.2,11.35,7.28,1.0,8.08,9.01,7.57,1.43,0.0196236183663681,-0.0232426365025958,0.0083682496705165,0.0279918680368846,-0.0148743868320792,10.27,49.4578,673.63,12.02,13.7,125.46,11.51,73.7,294.7925,39.6,90213.0,76.5621,78.9666,7.5,11.508571428571427,1574.0,0.0,91.7,0.0321244868037696,0.0409740742103056
1980-10-01,130.2,6.1,14.7,84.8,11.75,496.39,23.26,113429.04,56.04,12806.51,9.36,11.56,6.9,0.96,7.97,8.43,7.86,0.58,0.0232472599385819,-0.0137073797308803,0.0094787439545437,0.0327260038931257,-0.0042286357763366,11.62,50.0861,661.15,12.31,14.23,127.47,11.75,75.0,299.9573,39.8,90490.0,77.7499,79.8138,7.5,11.751363636363635,1584.8,0.0,92.8,0.0238400110893006,0.0379565792676818
1980-11-01,135.7,6.13,14.76,85.5,12.68,513.13,23.18,117694.1,55.81,12801.51,9.65,11.93,5.68,1.0,7.57,8.33,8.71,-0.38,0.0369114424015003,-0.0514914253527662,0.008220833144857,0.0451322755463574,-0.0432705922079091,13.73,50.9209,624.77,12.97,14.64,140.52,12.68,76.7,307.3743,39.9,90747.0,78.9331,80.9797,7.5,12.68470588235294,1595.8,0.0,93.2,0.0522270581319904,0.0284050964314046
1980-12-01,133.5,6.16,14.82,86.3,12.84,500.13,23.08,115153.77,55.52,12783.36,9.39,11.61,5.86,1.03,7.51,9.05,9.09,-0.04,-0.0218205199319303,-0.007957601673314,0.0093132221466676,-0.0125072977852626,0.0013556204733535,15.49,51.257,538.26,13.21,15.14,135.76,12.84,64.5,312.0383,40.1,90943.0,79.0663,81.3443,7.2,12.844090909090909,1599.8,0.0,93.8,0.0183351202058814,0.0335827394761373
1981-01-01,133.0,6.2,14.74,87.0,12.57,494.25,23.04,114241.51,54.78,12661.05,9.26,11.45,6.36,0.98,7.64,9.0,8.9,0.1,-0.0079536493441928,0.0171621374023858,0.0080785205652014,0.0001248712210086,0.0252406579675873,15.02,50.9328,557.39,12.81,15.03,129.55,12.57,71.4,312.4522,40.1,91033.0,78.5238,80.6568,7.5,12.568571428571428,1606.9,0.0,95.2,-0.030748002625591,-0.0072920442444196
1981-02-01,128.4,6.24,14.66,87.9,13.19,472.27,22.95,109603.13,53.92,12513.88,8.83,10.93,6.35,1.01,7.38,10.64,9.51,1.13,-0.0414487837907422,-0.034623964566048,0.0102916860365477,-0.0311570977541945,-0.0243322785295002,14.79,50.7237,499.76,13.35,15.37,131.27,13.19,66.9,313.117,39.8,91105.0,77.9256,80.1474,7.4,13.194444444444445,1618.7,0.0,96.1,0.0412902689376154,0.0223693537856213
1981-03-01,133.2,6.28,14.58,88.5,13.12,486.6,22.94,113373.28,53.26,12409.78,9.08,11.25,6.16,0.98,7.44,10.59,9.28,1.3,0.0338198049268748,0.0080972102326195,0.0068027473227524,0.0406225522496272,0.0148999575553719,13.36,50.9806,499.11,13.33,15.34,136.0,13.12,66.5,314.3933,40.0,91210.0,77.9687,80.3697,7.4,13.115909090909092,1636.6,0.0,97.0,-0.0014992506556411,-0.0019537616113943
1981-04-01,134.4,6.32,14.72,89.1,13.68,487.68,22.92,114069.35,53.42,12496.11,9.09,11.27,5.64,0.99,7.25,10.75,9.68,1.07,0.0061208593409468,-0.0258693799784171,0.0067567824628796,0.0128776418038265,-0.0191125975155374,13.69,50.7661,495.8,13.88,15.56,132.81,13.68,72.4,318.5024,40.1,91283.0,78.1977,79.8469,7.2,13.67952380952381,1659.2,0.0,98.0,0.0404318208880412,0.0142397228111354
1981-05-01,131.7,6.35,14.87,89.8,14.1,474.16,22.87,111352.31,53.52,12569.79,8.82,10.94,5.58,1.05,7.12,10.96,9.91,1.06,-0.0241074578825248,-0.0180937434426989,0.0078256408313903,-0.0162818170511345,-0.0102681026113085,16.3,51.0552,479.7,14.32,15.95,132.59,14.1,76.3,324.08,40.2,91296.0,78.3713,80.1126,7.5,14.0995,1664.2,0.0,98.3,0.031208206453841,0.0247553104806079
1981-06-01,132.3,6.39,15.01,90.6,13.47,472.11,22.8,111318.14,53.56,12629.52,8.77,10.89,6.3,0.97,7.38,10.97,9.4,1.58,-0.0003069109553442,0.0358659131884966,0.0088692377407797,0.0085623267854355,0.0447351509292764,14.73,51.3214,461.09,13.75,15.8,131.21,13.47,73.1,328.1726,40.0,91490.0,77.8094,80.3378,7.5,13.472272727272726,1670.3,0.0,98.5,-0.0406183374199192,-0.0094488891979323
1981-07-01,129.1,6.43,15.1,91.6,14.28,455.66,22.71,107885.93,53.28,12615.97,8.45,10.5,6.01,0.98,7.07,11.39,9.94,1.46,-0.0313177626859276,-0.0429131587038996,0.0109770586311509,-0.0203407040547766,-0.0319361000727486,14.95,51.6555,409.07,14.38,16.17,130.92,14.28,74.1,331.8571,39.9,91601.0,77.7628,80.6666,7.2,14.280909090909091,1681.9,0.0,99.0,0.0447995281803204,0.0231477335560944
1981-08-01,129.6,6.48,15.18,92.3,14.94,453.96,22.69,107930.01,53.18,12644.55,8.4,10.45,5.47,0.99,6.86,11.65,10.58,1.06,0.0004084962455782,-0.0301530381706875,0.0076128698287219,0.0080213660743001,-0.0225401683419656,15.51,51.5903,410.16,14.89,16.34,122.79,14.94,77.2,336.523,40.0,91565.0,77.5446,80.3719,7.4,14.937142857142858,1694.3,1.0,99.0,0.0348514944030168,0.0104584158428411
1981-09-01,118.3,6.52,15.27,93.2,15.32,410.37,22.62,98016.19,52.97,12651.79,7.58,9.45,6.48,1.02,6.74,12.65,10.98,1.66,-0.0963502923823827,-0.0176475168135782,0.0097035801827389,-0.0866467121996437,-0.0079439366308392,14.7,51.3429,443.75,15.49,16.92,116.18,15.32,73.1,338.1155,39.6,91477.0,77.0783,79.7957,7.6,15.323809523809524,1706.0,1.0,98.8,0.0395048077328596,0.0348802647462205
1981-10-01,119.8,6.56,15.3,93.4,15.15,414.69,22.7,99498.19,52.96,12707.2,7.65,9.54,6.53,1.11,6.87,12.48,10.92,1.56,0.0150067839368027,0.0191041813100423,0.0021436235432513,0.0171504074800541,0.0212478048532937,13.54,50.9463,437.76,15.4,17.11,121.89,15.15,70.3,341.1989,39.6,91380.0,76.1081,78.9918,7.9,15.14809523809524,1721.8,1.0,98.9,-0.0058271450091938,0.0111667337260246
1981-11-01,122.9,6.59,15.33,93.7,13.39,424.06,22.75,102200.92,52.89,12748.09,7.81,9.76,8.06,0.99,7.6,12.15,9.93,2.22,0.0268012266417179,0.1009841410580272,0.0032068440095795,0.0300080706512975,0.1041909850676068,10.86,50.3546,413.37,14.22,16.39,126.35,13.39,62.5,345.5088,39.4,91171.0,74.9664,77.892,8.3,13.392777777777775,1736.1,1.0,98.8,-0.0797180850444886,-0.0429916951483637
1981-12-01,123.8,6.63,15.36,94.0,13.72,425.8,22.8,103078.76,52.83,12789.09,7.83,9.8,7.67,0.97,7.52,12.15,10.35,1.8,0.0085526765341185,-0.0105821093305369,0.0031965930256272,0.0117492695597458,-0.0073855163049097,10.85,49.8086,410.09,14.23,16.55,122.55,13.72,64.3,350.3077,39.2,90895.0,73.5468,76.8713,8.5,13.724545454545456,1755.5,1.0,98.8,0.0007029877266662,0.0097147090673336
1982-01-01,117.3,6.66,15.18,94.3,14.59,402.16,22.83,97816.63,52.03,12655.87,7.39,9.25,7.6,1.02,7.25,13.53,10.87,2.66,-0.0523987527349003,-0.0365646690951649,0.0031864073694077,-0.0492123453654926,-0.0333782617257572,12.28,48.7877,384.14,15.18,17.1,120.4,14.59,71.0,354.8455,37.3,90565.0,71.5518,75.129,8.6,14.594,1770.4,1.0,99.7,0.0646263598657228,0.0326923616855423
1982-02-01,114.5,6.69,14.99,94.6,14.43,391.31,22.86,95642.34,51.24,12523.97,7.18,9.01,8.14,1.04,7.37,13.67,10.46,3.21,-0.0224789944441205,0.0164162373346619,0.0031762864184207,-0.0193027080256997,0.0195925237530826,13.48,49.7839,374.13,15.27,17.18,113.11,14.43,66.5,360.7137,39.6,90563.0,73.4248,76.4962,8.9,14.425555555555556,1774.5,1.0,99.8,0.0059113472630571,0.004667453047495
1982-03-01,110.8,6.72,14.81,94.5,13.86,379.07,22.99,93117.92,50.67,12446.54,6.95,8.73,9.13,1.01,7.69,13.8,9.85,3.96,-0.0267489620772326,0.0425030773163074,-0.0010576415581354,-0.0278066036353681,0.0414454357581719,12.68,49.4477,330.25,14.58,16.82,111.96,13.86,62.0,363.9746,39.1,90434.0,72.7311,75.821,9.0,13.861304347826088,1786.5,1.0,99.6,-0.0462393926500289,-0.0211772620113072
1982-04-01,116.3,6.75,14.6,94.9,13.87,396.21,23.0,97798.96,49.73,12274.65,7.26,9.14,8.53,1.03,7.75,13.26,9.87,3.39,0.0490472960735018,0.0077720598477028,0.0042238711161852,0.053271167189687,0.0119959309638881,12.7,48.9913,350.3,14.46,16.78,116.44,13.87,65.5,371.0565,39.1,90150.0,72.014,74.9732,9.3,13.871904761904762,1803.9,1.0,99.6,-0.0082645098498934,-0.0023809535057418
1982-05-01,116.4,6.78,14.38,95.8,13.62,392.83,22.88,97434.14,48.54,12039.73,7.19,9.07,8.98,0.98,7.87,13.52,9.82,3.69,-0.0037372804573409,0.0153652190640561,0.0094389793609325,0.0057016989035916,0.0248041984249887,12.09,48.6669,333.71,14.26,16.64,111.88,13.62,67.5,375.9823,39.1,90107.0,71.728,74.3382,9.4,13.6225,1815.4,1.0,99.8,-0.0139278017444688,-0.0083782656459975
1982-06-01,109.7,6.81,14.17,97.0,14.3,365.63,22.7,91158.99,47.23,11775.05,6.69,8.45,9.45,1.03,7.58,14.08,10.36,3.72,-0.0665715376847518,-0.0375448627750315,0.012448293526568,-0.0541232441581837,-0.0250965692484635,12.47,48.5415,314.98,14.81,16.92,109.61,14.3,65.7,380.5642,39.2,89865.0,71.5368,74.0174,9.6,14.299545454545454,1826.0,1.0,100.0,0.0378442132935575,0.0166869187850147
1982-07-01,109.4,6.82,13.97,97.5,13.95,362.76,22.63,90913.57,46.31,11606.6,6.64,8.4,9.93,1.06,7.77,14.31,10.45,3.85,-0.0026958499252677,0.0247569647252757,0.0051413995004186,0.0024455495751509,0.0298983642256944,11.35,48.3775,338.97,14.61,16.8,107.09,13.95,65.4,384.0437,39.2,89521.0,71.3197,73.6498,9.8,13.946190476190475,1831.5,1.0,100.4,-0.0135964025170993,-0.0071174677688639
1982-08-01,109.7,6.84,13.76,97.7,13.06,363.01,22.62,91448.74,45.54,11473.44,6.64,8.42,10.8,1.05,8.23,14.31,10.05,4.26,0.0058693217511404,0.0575158503094224,0.0020491810449356,0.0079185027960761,0.059565031354358,8.68,47.9382,364.23,13.71,16.32,119.51,13.06,65.4,385.8593,39.0,89363.0,70.5585,72.8767,9.8,13.055,1845.2,1.0,100.3,-0.063580732188385,-0.0289875368732523
1982-09-01,122.4,6.85,13.56,97.9,12.34,404.21,22.62,102302.23,44.78,11333.48,7.4,9.39,9.98,1.1,8.64,13.05,9.68,3.36,0.1121528746302895,0.0486165681269858,0.0020449904877276,0.1141978651180171,0.0506615586147135,7.92,47.8139,437.31,12.94,15.63,120.42,12.34,69.3,391.0385,39.0,89183.0,70.333,72.596,10.1,12.33904761904762,1858.4,1.0,100.0,-0.0578022045014686,-0.0431992051025756
1982-10-01,132.7,6.86,13.25,98.2,10.91,436.89,22.57,111048.27,43.63,11090.85,8.0,10.17,10.38,1.03,9.44,11.95,8.59,3.36,0.0820335002994067,0.088553397341445,0.0030596658239554,0.0850931661233622,0.0916130631654005,7.71,47.3575,422.15,12.12,14.73,133.72,10.91,73.4,392.3917,38.9,88907.0,69.3689,71.8246,10.4,10.9065,1869.7,1.0,100.2,-0.0654663084315861,-0.0593059139588463
1982-11-01,138.1,6.86,12.95,98.0,10.55,455.6,22.64,116282.64,42.71,10901.35,8.35,10.62,10.17,1.01,9.76,11.73,8.07,3.66,0.0460588076004399,0.0333364202675919,-0.0020387366898483,0.0440200709105916,0.0312976835777436,8.07,47.2078,414.89,11.68,14.3,138.53,10.55,72.1,391.9751,39.0,88786.0,68.9198,71.5313,10.8,10.550526315789474,1883.7,1.0,100.3,-0.0369790032410873,-0.0296266932086772
1982-12-01,139.4,6.87,12.64,97.6,10.54,461.77,22.76,118342.35,41.87,10730.61,8.47,10.78,9.94,1.01,9.89,11.9,8.07,3.83,0.0175579158362299,0.0132317452096197,-0.0040899852515251,0.0134679305847048,0.0091417599580946,7.94,46.8713,444.5,11.83,14.14,140.64,10.54,71.9,392.0419,39.0,88771.0,68.651,70.9671,10.8,10.54,1905.9,0.0,100.5,0.0127607005902144,-0.0112518767974349
1983-01-01,144.3,6.88,12.57,97.8,10.46,477.02,22.75,122737.61,41.54,10688.89,8.76,11.16,9.63,0.99,10.0,11.45,8.08,3.37,0.0364671296290713,0.0110609473594249,0.0020470836217248,0.0385142132507961,0.0131080309811497,7.86,47.7398,481.29,11.79,13.94,145.3,10.46,70.4,393.1864,39.3,88990.0,70.1756,72.2371,10.4,10.457142857142856,1959.4,0.0,100.2,-0.0033869634410159,-0.0142452551360489
1983-02-01,146.8,6.9,12.49,97.9,10.72,484.79,22.78,125224.84,41.26,10657.16,8.91,11.36,9.1,1.02,9.92,11.38,8.46,2.92,0.0200620168261062,-0.0080321716972642,0.0010219724956931,0.0210839893217994,-0.007010199201571,8.11,47.4484,491.09,12.01,13.95,148.06,10.72,74.6,393.3556,39.3,88917.0,70.0808,71.7603,10.4,10.724736842105264,1996.8,0.0,100.5,0.0184879215426126,0.0007171029349968
1983-03-01,151.9,6.91,12.42,97.9,10.51,501.63,22.82,130066.5,41.02,10634.8,9.23,11.78,8.82,1.02,10.14,11.15,8.46,2.69,0.0379350165831989,0.0219350768662557,0.0,0.0379350165831989,0.0219350768662557,8.35,47.8426,419.7,11.73,13.61,152.96,10.51,80.8,393.8048,39.6,89090.0,70.6911,72.3279,10.3,10.506521739130434,2015.2,0.0,100.4,-0.023589973426508,-0.0246746916039998
1983-04-01,157.7,6.92,12.48,98.6,10.4,517.09,22.69,134564.46,40.91,10646.29,9.53,12.17,8.59,1.01,10.22,10.6,8.41,2.19,0.0339974826148274,0.0078585866125213,0.0071247120721249,0.0411221946869523,0.0149832986846462,8.21,48.4483,432.88,11.51,13.29,164.43,10.4,89.1,392.4259,39.7,89364.0,71.5296,73.2201,10.2,10.4,2028.6,0.0,100.4,-0.0189334399315928,-0.0237929439382207
1983-05-01,164.1,6.93,12.53,99.2,10.38,534.82,22.59,139668.41,40.85,10667.31,9.87,12.61,8.24,0.98,10.26,10.25,8.35,1.9,0.0372277725356154,0.0039062549670649,0.0060667526822373,0.0432945252178527,0.0099730076493023,8.19,48.747,438.01,11.46,13.09,162.39,10.38,93.3,391.4906,40.0,89644.0,72.3293,73.6506,10.1,10.38,2043.1,0.0,100.8,-0.0043535114471976,-0.0151632928033453
1983-06-01,166.4,6.94,12.59,99.5,10.85,540.68,22.55,141689.71,40.91,10720.39,10.0,12.77,7.6,0.98,10.03,10.17,8.7,1.47,0.0143684125759584,-0.0226722377687793,0.0030196298737198,0.0173880424496783,-0.0196526078950595,8.79,49.0434,412.84,11.74,13.37,167.64,10.85,92.2,393.8395,40.1,90021.0,72.8725,74.0776,10.1,10.848636363636365,2053.5,0.0,101.0,0.0241391031133568,0.0211648111920431
1983-07-01,167.0,6.96,12.83,99.9,11.38,540.46,22.52,142123.13,41.51,10915.99,10.01,12.79,7.08,0.98,9.76,10.14,9.17,0.98,0.0030542686999777,-0.027288201548843,0.0040120414899608,0.0070663101899386,-0.0232761600588821,9.08,49.7739,402.91,12.15,13.39,162.56,11.38,92.8,397.7945,40.3,90437.0,73.8752,75.1574,9.4,11.377,2064.8,0.0,101.3,0.034327355386607,0.0014947685892295
1983-08-01,162.4,6.98,13.06,100.2,11.85,524.0,22.52,138288.1,42.15,11123.76,9.73,12.42,6.74,1.02,9.56,10.61,9.53,1.08,-0.0273546044137378,-0.0207046733616911,0.0029985029962566,-0.0243561014174812,-0.0177061703654345,9.34,50.364,416.2,12.51,13.64,164.4,11.85,90.9,401.5866,40.3,90129.0,74.4808,76.0182,9.5,11.846086956521738,2074.0,0.0,101.8,0.0291991546922623,0.0184984927122348
1983-09-01,167.2,7.0,13.3,100.7,11.65,536.81,22.47,142162.76,42.7,11308.4,9.98,12.75,6.71,1.02,9.72,10.43,9.64,0.79,0.0276334082633185,0.0165978914090378,0.0049776110737522,0.0326110193370707,0.02157550248279,9.0,51.0937,411.8,12.37,13.55,166.07,11.65,89.9,402.529,40.6,91247.0,75.7976,77.0799,9.2,11.653809523809525,2083.2,0.0,102.0,-0.0112541380744233,-0.0066201050896061
1983-10-01,167.7,7.03,13.54,101.0,11.54,536.81,22.5,142660.99,43.35,11521.17,10.0,12.77,6.73,1.0,9.85,10.48,9.53,0.96,0.0034985180005461,0.0132858367116497,0.0029747171167428,0.006473235117289,0.0162605538283925,8.64,51.4902,393.6,12.25,13.46,163.55,11.54,89.3,405.7486,40.6,91520.0,76.5312,77.6273,8.8,11.541,2099.2,0.0,102.2,-0.0097482494136604,-0.0066642231091281
1983-11-01,165.2,7.06,13.79,101.2,11.69,527.77,22.55,140756.03,44.04,11746.74,9.85,12.58,6.69,1.0,9.84,10.62,9.25,1.37,-0.0134430083820231,-0.0010157441198354,0.0019782400121057,-0.0114647683699174,0.0009624958922703,8.76,51.721,381.7,12.41,13.61,166.4,11.69,91.1,409.6174,40.6,91875.0,76.8517,77.9119,8.5,11.69,2112.3,0.0,102.1,0.0129766622257797,0.0110824924467929
1983-12-01,164.4,7.09,14.03,101.3,11.83,524.69,22.63,140439.04,44.78,11985.16,9.82,12.53,6.53,1.02,9.84,10.75,9.26,1.49,-0.0022545924028938,0.0,0.0009876544012724,-0.0012669380016214,0.0009876544012724,9.0,51.9769,388.34,12.57,13.75,164.93,11.83,94.2,413.9404,40.5,92230.0,76.9708,78.221,8.3,11.82952380952381,2123.5,0.0,102.3,0.0128104233856402,0.0102340074492056
1984-01-01,166.4,7.12,14.44,101.9,11.67,527.95,22.59,141814.43,45.81,12306.49,9.89,12.63,6.57,1.0,9.97,10.8,9.15,1.64,0.0097458563495519,0.0131248729095848,0.0059055289740415,0.0156513853235934,0.0190304018836264,8.9,53.0088,370.89,12.2,13.65,163.41,11.67,100.1,415.6054,40.6,92673.0,78.2461,79.6824,8.0,11.674285714285714,2138.2,0.0,102.9,-0.0298770708629452,-0.0072993024816114
1984-02-01,157.3,7.15,14.85,102.4,11.84,496.64,22.57,133909.69,46.89,12641.82,9.32,11.9,6.94,0.98,9.92,11.39,9.04,2.35,-0.0573537544499469,-0.0050276626769656,0.0048947723767282,-0.0524589820732187,-0.0001328903002374,9.09,53.2486,385.96,12.08,13.59,157.06,11.84,97.4,423.5808,41.1,93157.0,78.9769,79.9369,7.8,11.842105263157896,2158.2,0.0,103.2,-0.0098847592325419,-0.0044052934679163
1984-03-01,157.4,7.18,15.26,102.6,12.32,495.99,22.63,134241.99,48.09,13014.82,9.33,11.9,6.34,0.99,9.73,11.16,8.86,2.3,0.0024784492873724,-0.0193390250988676,0.0019512201312615,0.004429669418634,-0.0173878049676061,9.52,53.5028,394.26,12.57,13.99,159.18,12.32,101.0,430.9463,40.7,93429.0,79.1923,80.1983,7.8,12.319090909090908,2175.2,0.0,103.9,0.0397618300954871,0.0290085605143375
1984-04-01,157.6,7.22,15.57,103.1,12.63,494.21,22.65,134271.6,48.84,13268.1,9.31,11.88,6.06,0.97,9.61,10.77,8.65,2.12,0.0002205474972051,-0.0124096732157127,0.0048614582862449,0.0050820057834501,-0.0075482149294677,9.69,53.8233,381.37,12.81,14.31,160.05,12.63,96.1,437.8374,40.8,93792.0,79.4302,80.5448,7.7,12.6335,2191.7,0.0,104.0,0.0189130933064867,0.0226158048909697
1984-05-01,156.6,7.27,15.89,103.4,13.41,489.65,22.72,133546.95,49.67,13548.02,9.23,11.78,5.26,1.0,9.28,10.94,8.93,2.0,-0.0054115128949444,-0.0349426761840919,0.0029055710514146,-0.0025059418435298,-0.0320371051326773,9.83,54.1104,377.4,13.28,14.74,150.55,13.41,98.1,446.3183,40.7,94098.0,79.5019,80.8277,7.4,13.408636363636363,2204.1,0.0,104.1,0.0360330281396447,0.0296062931928309
1984-06-01,153.1,7.31,16.2,103.7,13.56,477.32,22.79,130702.46,50.51,13830.04,9.01,11.5,5.32,1.02,9.28,11.26,9.02,2.24,-0.0215296592245495,0.0,0.0028971531611527,-0.0186325060633967,0.0028971531611527,9.87,54.3075,377.7,13.55,15.05,153.18,13.56,95.5,450.9723,40.6,94479.0,79.6898,80.9628,7.2,13.562857142857142,2215.1,0.0,104.0,0.0201274032774222,0.0208131044336942
1984-07-01,151.1,7.33,16.32,104.1,13.36,469.27,22.78,129019.09,50.69,13935.09,8.87,11.32,5.65,1.05,9.45,11.32,8.71,2.61,-0.0129630642730297,0.0181531947075421,0.0038498603854414,-0.0091132038875882,0.0220030550929836,10.12,54.4587,347.71,13.44,15.15,150.66,13.36,96.6,455.8009,40.6,94789.0,79.8127,81.02,7.5,13.362380952380953,2223.5,0.0,104.2,-0.0081512122307065,0.0066225407604934
1984-08-01,164.4,7.36,16.44,104.5,12.72,508.62,22.76,140359.65,50.86,14035.96,9.62,12.27,5.32,1.02,9.85,10.68,8.32,2.36,0.0842476792148177,0.0414567136783461,0.0038350957839424,0.0880827749987602,0.0452918094622886,10.47,54.5239,347.7,12.87,14.63,166.68,12.72,99.1,458.7925,40.5,95032.0,79.7724,80.9418,7.5,12.716086956521735,2230.4,0.0,103.8,-0.0433363134869682,-0.0349263169233452
1984-09-01,166.1,7.38,16.56,105.0,12.52,511.44,22.72,141658.33,50.99,14123.19,9.69,12.35,5.38,1.03,10.02,10.64,8.0,2.63,0.0092099743419388,0.0171116404727213,0.0047732787526575,0.0139832530945964,0.0218849192253788,10.37,54.3696,340.2,12.66,14.35,166.1,12.52,100.9,461.9148,40.5,95344.0,79.266,80.5325,7.3,12.522631578947369,2244.4,0.0,103.4,-0.016451604892005,-0.0193242728264029
1984-10-01,164.8,7.43,16.59,105.3,12.16,505.99,22.81,140675.75,50.93,14158.66,9.6,12.23,5.76,1.04,10.31,10.66,7.55,3.1,-0.0069604347230857,0.0285312023721498,0.0028530689824064,-0.0041073657406793,0.0313842713545562,9.74,54.3474,341.0,12.63,13.94,166.09,12.16,96.3,466.3545,40.5,95629.0,79.4795,80.3146,7.4,12.160454545454543,2258.9,0.0,103.4,-0.0023724803536303,-0.0289875368732523
1984-11-01,166.3,7.48,16.61,105.3,11.57,510.59,22.97,142488.26,51.01,14234.52,9.69,12.35,6.16,1.01,10.77,10.46,6.98,3.48,0.0128020136070413,0.0436501931394285,0.0,0.0128020136070413,0.0436501931394285,8.61,54.529,342.0,12.29,13.48,163.58,11.57,95.7,470.9618,40.4,95982.0,79.4531,80.3938,7.2,11.572631578947368,2281.4,0.0,103.7,-0.0272890127844564,-0.0335552998482168
1984-12-01,164.5,7.53,16.64,105.3,11.5,505.07,23.12,141483.65,51.09,14311.78,9.6,12.22,6.25,1.02,10.92,10.42,7.01,3.41,-0.007075447645921,0.0138314791484617,0.0,-0.007075447645921,0.0138314791484617,8.06,54.5556,319.54,12.13,13.4,167.24,11.5,92.9,473.3524,40.5,96107.0,79.424,80.242,7.3,11.4995,2306.4,0.0,103.5,-0.0131042006219845,-0.0059523985272952
1985-01-01,171.6,7.57,16.56,105.5,11.38,525.87,23.21,147852.22,50.74,14265.41,10.0,12.73,5.93,1.0,11.08,10.16,6.9,3.26,0.0440290986999234,0.0145457110023787,0.0018975337761914,0.0459266324761148,0.0164432447785701,7.76,54.527,302.79,12.08,13.26,179.63,11.38,96.0,472.9868,40.3,96372.0,79.0412,80.0074,7.3,11.384285714285712,2332.4,0.0,103.4,-0.0041305304492899,-0.0105027221991492
1985-02-01,180.9,7.62,16.47,106.0,11.51,551.75,23.23,155674.28,50.24,14176.17,10.49,13.36,5.3,0.99,11.04,9.96,7.19,2.77,0.0515526143238608,-0.0036166404701885,0.0047281411959458,0.0562807555198067,0.0011115007257573,8.27,54.6871,299.1,12.13,13.23,181.18,11.51,93.7,476.2564,40.1,96503.0,78.5025,80.0484,7.2,11.508888888888889,2354.1,0.0,103.3,0.0041305304492899,-0.0022650066308521
1985-03-01,179.4,7.66,16.39,106.4,11.86,545.12,23.28,154350.32,49.8,14101.46,10.37,13.2,5.06,1.04,10.88,10.3,7.58,2.72,-0.0085410515714906,-0.0145987994211525,0.0037664827954768,-0.0047745687760137,-0.0108323166256756,8.52,54.7673,313.5,12.56,13.69,180.66,11.86,93.7,480.0977,40.4,96842.0,78.8855,79.9728,7.2,11.855238095238096,2366.2,0.0,103.1,0.0348354380840939,0.0341786611734932
1985-04-01,180.6,7.69,16.13,106.9,11.43,546.2,23.25,155204.53,48.78,13861.84,10.4,13.22,5.48,1.04,11.22,10.55,7.39,3.16,0.0055189713112269,0.0307716586667536,0.0046882411234555,0.0102072124346824,0.0354598997902092,7.95,54.6467,326.8,12.23,13.51,179.83,11.43,94.6,478.6879,40.5,97038.0,78.3797,79.6074,7.3,11.434761904761904,2375.4,0.0,103.3,-0.0266252113409716,-0.01323548732825
1985-05-01,184.9,7.71,15.87,107.3,10.85,557.12,23.24,158857.85,47.82,13634.8,10.61,13.49,5.84,1.05,11.67,10.63,7.33,3.31,0.023265981716673,0.0393235462039143,0.003734831605653,0.0270008133223261,0.0430583778095673,7.48,54.7396,316.0,11.72,13.15,189.55,10.85,91.8,480.7952,40.4,97312.0,78.3475,79.5562,7.2,10.84681818181818,2389.5,0.0,103.5,-0.0425951655502143,-0.0270083933483338
1985-06-01,188.9,7.74,15.61,107.6,10.16,567.59,23.26,162394.59,46.9,13419.69,10.81,13.74,6.31,1.0,12.25,10.72,7.21,3.51,0.0220193371806561,0.0485044906922713,0.0027919980910311,0.0248113352716872,0.0512964887833024,6.95,54.711,316.5,10.94,12.4,191.85,10.16,96.5,482.3543,40.5,97459.0,78.1769,79.3321,7.4,10.156,2412.6,0.0,103.3,-0.0688709871550315,-0.0587252860127824
1985-07-01,192.5,7.77,15.48,107.8,10.31,577.33,23.31,165738.28,46.44,13330.78,11.0,13.98,5.9,1.01,12.21,10.88,7.21,3.67,0.0203808033022238,-0.0032706488681226,0.0018570107472126,0.0222378140494365,-0.0014136381209099,7.08,54.4365,317.2,10.97,12.43,190.92,10.31,94.0,486.9483,40.4,97648.0,77.688,78.7591,7.4,10.306818181818182,2429.5,0.0,103.2,0.0027384772933037,0.0024164329116285
1985-08-01,188.3,7.81,15.36,108.0,10.33,563.69,23.37,162381.02,45.97,13242.89,10.74,13.65,6.1,1.01,12.28,11.13,7.01,4.12,-0.0204643686906955,0.0057166345963829,0.0018535686493228,-0.0186108000413727,0.0075702032457058,7.14,54.6121,330.4,11.05,12.5,188.63,10.33,92.4,489.7272,40.6,97840.0,77.9005,78.8441,7.1,10.331818181818182,2444.0,0.0,102.7,0.0072661536766229,0.0056157387856357
1985-09-01,184.1,7.84,15.23,108.3,10.37,549.59,23.4,158881.21,45.47,13143.73,10.47,13.31,6.27,1.02,12.32,11.76,7.24,4.52,-0.021788732897803,0.0032520353863773,0.0027739268827252,-0.0190148060150778,0.0060259622691025,7.1,54.8147,323.35,11.07,12.48,182.08,10.37,92.1,494.239,40.6,98045.0,77.7866,78.975,7.1,10.373157894736842,2456.4,0.0,102.1,0.0018083187567836,-0.0016012813669737
1985-10-01,186.2,7.86,15.02,108.7,10.24,553.81,23.38,160665.41,44.68,12963.08,10.55,13.41,6.31,1.04,12.48,11.7,7.25,4.45,0.0111671876966013,0.012903404835908,0.0036866401202187,0.0148538278168201,0.0165900449561267,7.16,54.6228,325.85,11.02,12.36,189.82,10.24,88.4,493.1745,40.7,98233.0,77.484,78.5461,7.1,10.23681818181818,2468.0,0.0,102.9,-0.0045269429957771,-0.0096619109117369
1985-11-01,197.5,7.88,14.82,109.0,9.78,585.8,23.37,170511.8,43.95,12792.01,11.16,14.19,6.2,1.04,12.92,11.3,7.03,4.28,0.0594804987647988,0.034649135413174,0.0027560881019799,0.0622365868667788,0.037405223515154,7.24,54.8123,321.5,10.55,11.99,202.17,9.78,90.9,497.1682,40.7,98443.0,77.8779,78.6751,7.0,9.781578947368422,2477.8,0.0,103.4,-0.0435859438026928,-0.0303924829901217
1985-12-01,207.3,7.9,14.61,109.3,9.26,613.18,23.37,179048.22,43.22,12618.88,11.69,14.85,6.31,1.01,13.42,11.14,6.86,4.28,0.0488506524979259,0.0379696331890799,0.002748512953349,0.051599165451275,0.040718146142429,7.1,55.3553,321.9,10.16,11.58,211.28,9.26,93.9,498.9813,40.9,98609.0,78.0314,79.3194,7.0,9.25904761904762,2492.1,0.0,103.6,-0.0376674177717397,-0.0347934968945736
1986-01-01,208.2,7.94,14.58,109.6,9.19,614.16,23.42,179903.27,43.01,12598.41,11.72,14.88,6.37,1.04,13.55,11.04,6.79,4.25,0.004764162518298,0.0096404157821741,0.0027409793314222,0.0075051418497203,0.0123813951135964,7.07,55.6453,347.48,10.05,11.44,211.78,9.19,95.6,500.4754,40.7,98732.0,78.8535,79.6087,6.7,9.193809523809524,2502.1,0.0,103.2,-0.010885807645251,-0.0121634861931973
1986-02-01,219.4,7.98,14.55,109.3,8.7,648.98,23.6,190677.61,43.04,12645.21,12.39,15.73,6.33,1.07,14.13,10.99,6.23,4.76,0.0581647786133859,0.0419136493707262,-0.0027409793314222,0.0554237992819636,0.0391726700393039,7.06,55.2634,338.89,9.67,11.11,226.92,8.7,95.9,501.4284,40.7,98847.0,78.3228,78.9467,7.2,8.704210526315789,2512.9,0.0,101.7,-0.0385443250398819,-0.0292703823001132
1986-03-01,232.3,8.02,14.52,108.8,7.78,690.29,23.83,203400.13,43.15,12713.6,13.19,16.73,6.69,1.04,15.2,10.2,5.09,5.11,0.064591026579418,0.0729952311557945,-0.0045850607606505,0.0600059658187674,0.0684101703951439,6.56,54.8728,345.7,9.0,10.5,238.9,7.78,95.1,505.219,40.7,98934.0,77.9655,78.2817,7.2,7.778499999999999,2533.1,0.0,100.3,-0.0718037321289835,-0.0564703464880608
1986-04-01,238.0,8.05,14.58,108.6,7.3,708.53,23.96,209363.0,43.41,12828.59,13.55,17.18,6.91,0.98,15.84,9.86,4.49,5.37,0.0288944647550522,0.0412429585340492,-0.0018399269220071,0.027054537833045,0.039403031612042,6.06,54.935,340.44,8.79,10.19,235.52,7.3,96.2,507.336,40.5,99121.0,78.2537,78.2697,7.1,7.29909090909091,2557.8,0.0,99.6,-0.0236098656391338,-0.0299684099288443
1986-05-01,238.5,8.07,14.65,108.9,7.71,708.06,23.97,209815.06,43.48,12885.11,13.56,17.18,6.45,1.0,15.44,10.07,4.62,5.46,0.0021568885320712,-0.0255768417896497,0.0027586224390798,0.004915510971151,-0.0228182193505698,6.15,55.0399,342.4,9.09,10.29,247.35,7.71,94.8,507.9494,40.7,99248.0,78.2858,78.3224,7.2,7.70952380952381,2584.8,0.0,100.0,0.0335601964923019,0.0097657026113248
1986-06-01,245.3,8.1,14.71,109.5,7.8,724.26,23.92,215205.32,43.43,12905.3,13.89,17.58,6.18,1.04,15.36,9.93,4.6,5.33,0.0253660731355681,-0.005194816877104,0.0054945193176407,0.0308605924532089,0.0002997024405367,6.21,54.826,342.7,9.13,10.34,250.84,7.8,99.3,511.2815,40.7,99155.0,77.8686,77.9238,7.2,7.7995238095238095,2605.0,0.0,99.9,0.0043907864174897,0.0048473192343249
1986-07-01,240.2,8.14,14.76,109.5,7.3,709.2,24.04,211326.37,43.57,12982.85,13.62,17.23,6.77,1.02,16.0,9.72,4.24,5.48,-0.0181888334722021,0.0408219945202552,0.0,-0.0181888334722021,0.0408219945202552,5.83,55.167,348.34,8.88,10.16,236.12,7.3,97.7,512.8867,40.6,99473.0,78.2063,78.3151,7.0,7.303181818181818,2626.6,0.0,99.4,-0.0277641376027983,-0.0175614269299471
1986-08-01,245.0,8.19,14.8,109.7,7.17,722.06,24.13,215755.52,43.63,13036.3,13.89,17.55,6.72,0.99,16.22,9.8,4.31,5.49,0.0207421991048063,0.0136563264474855,0.0018248180246291,0.0225670171294354,0.0154811444721146,5.53,55.0726,376.66,8.72,10.18,252.93,7.17,94.9,514.9309,40.7,99588.0,78.289,78.0871,6.9,7.1657142857142855,2646.5,0.0,99.3,-0.0181823190831904,0.0019665689720408
1986-09-01,238.3,8.23,14.85,110.2,7.45,699.12,24.15,209504.34,43.57,13055.56,13.47,17.01,6.68,1.01,15.93,10.31,4.38,5.93,-0.0294014596661882,-0.0180409247653096,0.0045475294376295,-0.0248539302285587,-0.0134933953276801,5.21,55.2237,417.73,8.89,10.2,231.32,7.45,91.9,517.5387,40.7,99934.0,78.3858,78.204,7.0,7.447619047619048,2667.8,0.0,99.4,0.019307811604925,0.0019627091678486
1986-10-01,237.4,8.25,14.73,110.3,7.43,695.85,24.17,209127.51,43.17,12972.86,13.43,16.94,6.68,1.02,16.03,10.74,4.57,6.18,-0.0018002935121981,0.0062578426995044,0.0009070295406426,-0.0008932639715555,0.0071648722401471,5.18,55.4589,423.51,8.86,10.24,243.98,7.43,95.6,517.528,40.6,100121.0,78.5421,78.4345,7.0,7.426363636363636,2687.4,0.0,99.7,-0.0033802849088237,0.0039138993211363
1986-11-01,245.1,8.26,14.6,110.4,7.25,717.77,24.2,216320.98,42.77,12888.62,13.87,17.49,6.61,1.02,16.32,10.89,4.67,6.23,0.0338191615439066,0.0179293829144993,0.0009062075835383,0.0347253691274449,0.0188355904980376,5.35,55.6763,397.56,8.68,10.07,249.22,7.25,91.4,523.9441,40.7,100308.0,78.6724,78.6327,6.9,7.250555555555555,2701.3,0.0,99.8,-0.0205252359447306,-0.0167409128808908
1986-12-01,248.6,8.28,14.48,110.5,7.11,727.36,24.23,219819.89,42.37,12803.67,14.09,17.74,6.61,1.01,16.57,10.85,4.49,6.36,0.0160452060614221,0.0152024819025106,0.0009053871148125,0.0169505931762346,0.0161078690173231,5.53,56.2078,390.92,8.49,9.97,242.17,7.11,89.1,539.3086,40.8,100509.0,79.2764,79.2674,6.6,7.112727272727272,2728.0,0.0,99.7,-0.0221325283490027,-0.0099801227567239
1987-01-01,264.5,8.3,14.69,111.2,7.08,769.01,24.13,233014.65,42.7,12938.44,14.92,18.78,6.26,0.99,16.59,10.52,4.28,6.24,0.0582927978943942,0.0012062727638815,0.0063148608586744,0.0646076587530686,0.007521133622556,5.43,55.9911,408.26,8.36,9.72,274.08,7.08,90.4,548.8817,40.8,100678.0,78.8108,78.8411,6.6,7.0845,2743.9,0.0,100.5,-0.0154305732266458,-0.0253949655013992
1987-02-01,280.9,8.32,14.89,111.6,7.25,813.77,24.1,247184.08,43.15,13105.68,15.82,19.89,5.63,1.01,16.43,10.31,4.52,5.78,0.0590319950895873,-0.0096911721531763,0.0035906681307285,0.0626226632203159,-0.0061005040224478,5.59,56.7373,401.12,8.38,9.65,284.2,7.25,90.2,547.3783,41.2,100919.0,79.8043,79.7613,6.6,7.2505263157894735,2747.5,0.0,101.0,0.0023894873973814,-0.0072277031214531
1987-03-01,292.5,8.34,15.1,112.1,7.25,843.59,24.05,256852.56,43.55,13259.74,16.43,20.63,5.37,0.95,16.46,9.79,4.33,5.46,0.0383689015551776,0.001824263199747,0.0044702801309037,0.0428391816860813,0.0062945433306507,5.59,56.8136,408.91,8.36,9.61,291.7,7.25,90.8,548.1938,41.0,101164.0,79.6594,79.732,6.6,7.248636363636364,2753.7,0.0,101.2,-0.0023894873973815,-0.0041536923686935
1987-04-01,289.3,8.4,14.87,112.7,8.02,829.92,24.1,253301.48,42.67,13022.57,16.2,20.3,4.66,0.97,15.61,9.55,4.78,4.77,-0.01392182390574,-0.0530214607215831,0.0053380909676163,-0.0085837329381236,-0.0476833697539667,5.64,57.185,438.35,8.85,10.04,288.36,8.02,92.8,549.3757,40.8,101499.0,79.936,80.1127,6.3,8.022857142857143,2767.7,0.0,101.9,0.056959031923228,0.043772891281382
1987-05-01,289.1,8.46,14.65,113.1,8.61,826.41,24.18,252846.23,41.87,12809.97,16.16,20.23,4.07,1.02,15.05,10.54,5.37,5.18,-0.0017988824754928,-0.0365337433324558,0.0035429620763441,0.0017440796008512,-0.0329907812561117,5.66,57.5424,460.23,9.33,10.51,290.1,8.61,91.1,551.5846,41.0,101728.0,80.2905,80.4695,6.3,8.613,2772.9,0.0,102.6,0.0528175558394143,0.0457500706252765
1987-06-01,301.4,8.52,14.42,113.5,8.4,858.54,24.27,263293.56,41.08,12596.86,16.83,21.04,4.0,1.0,15.31,10.66,5.4,5.26,0.0404880900217607,0.0171282184747076,0.0035304537993826,0.0440185438211434,0.0206586722740902,5.67,57.8502,449.59,9.32,10.52,304.0,8.4,91.5,554.5518,40.9,101900.0,80.4265,80.7548,6.2,8.402272727272727,2774.6,0.0,103.0,-0.0010723861617525,0.0009510224207039
1987-07-01,310.1,8.57,14.9,113.8,8.45,880.99,24.34,270801.46,42.33,13011.74,17.31,21.61,3.76,0.99,15.33,10.95,5.64,5.31,0.0281163250454875,0.0013054832141302,0.0026396847707732,0.0307560098162608,0.0039451679849035,5.69,58.2421,450.52,9.42,10.61,318.66,8.45,93.7,553.2904,41.0,102247.0,80.856,81.1593,6.1,8.44681818181818,2779.0,0.0,103.5,0.0106724598907717,0.0085187453163279
1987-08-01,329.4,8.61,15.38,114.4,8.76,930.91,24.34,286770.44,43.47,13389.59,18.33,22.85,3.15,0.96,15.04,10.33,5.81,4.53,0.0572961026168741,-0.019098374362029,0.005258557253467,0.0625546598703411,-0.0138398171085619,6.04,58.6784,461.15,9.67,10.8,329.8,8.76,94.4,553.955,40.9,102420.0,81.1151,81.6305,6.0,8.76047619047619,2788.2,0.0,103.8,0.0261932208769313,0.0177491815042824
1987-09-01,318.7,8.66,15.86,115.0,9.42,895.98,24.35,276632.59,44.59,13766.53,17.68,22.01,2.71,1.0,14.44,10.84,6.34,4.49,-0.0359917992113009,-0.0407111850570135,0.0052310494175525,-0.0307607497937484,-0.035480135639461,6.4,58.9088,460.38,10.18,11.31,321.83,9.42,93.6,561.1577,40.8,102647.0,81.53,81.8226,5.9,9.421904761904765,2799.5,0.0,103.7,0.0513967016571737,0.0461411559978551
1987-10-01,280.2,8.71,16.41,115.3,9.52,785.69,24.42,243210.04,46.0,14240.81,15.53,19.31,3.39,1.05,14.42,12.43,6.52,5.9,-0.1287648037273175,-0.0013860016078771,0.0026052989117631,-0.1261595048155544,0.001219297303886,6.13,59.7008,465.35,10.52,11.62,251.79,9.52,89.3,563.0739,41.1,103138.0,82.5556,82.8037,6.0,9.52,2814.8,0.0,104.1,0.0328531961871871,0.027040461295736
1987-11-01,245.0,8.76,16.95,115.4,8.86,686.39,24.54,213105.69,47.5,14746.3,13.59,16.89,4.92,1.0,15.15,13.8,6.18,7.62,-0.1321371923072241,0.0493844000985751,0.0008669267989858,-0.1312702655082382,0.0502513268975609,5.69,59.9956,467.57,10.01,11.23,230.3,8.86,83.1,562.6052,41.0,103372.0,82.8781,83.1057,5.8,8.860526315789473,2818.9,0.0,104.2,-0.0496936139824345,-0.0341389826734132
1987-12-01,241.0,8.81,17.5,115.4,8.99,675.19,24.68,210265.0,49.03,15268.21,13.39,16.62,4.87,1.03,15.13,14.26,6.31,7.95,-0.0134195998806627,-0.0013210041551135,0.0,-0.0134195998806627,-0.0013210041551135,5.77,60.3246,486.24,10.11,11.29,247.08,8.99,86.8,565.2319,41.0,103661.0,83.314,83.4671,5.7,8.987727272727271,2826.4,0.0,104.2,0.0099404397052507,0.0053286094112187
1988-01-01,250.5,8.86,17.86,115.7,8.67,699.98,24.75,218629.03,49.92,15590.56,13.9,17.24,4.88,1.04,15.53,13.82,6.28,7.54,0.0390077266126354,0.026094109360331,0.0025962801256316,0.0416040067382671,0.0286903894859627,5.81,60.309,476.58,9.88,11.07,257.07,8.67,90.8,567.18,41.1,103753.0,83.0311,83.3646,5.7,8.66578947368421,2847.4,0.0,104.6,-0.0230125212726034,-0.0196786314410249
1988-02-01,258.1,8.9,18.23,116.0,8.21,719.35,24.81,225325.38,50.8,15912.2,14.3,17.71,5.1,1.0,16.08,14.17,5.92,8.25,0.0301691243345707,0.0348026265902245,0.0025895569067336,0.0327586812413044,0.0373921834969582,5.66,60.6122,442.07,9.4,10.62,267.82,8.21,91.6,568.4762,41.1,104214.0,83.2306,83.7161,5.7,8.212,2870.4,0.0,104.8,-0.0498028224838182,-0.0414997309067528
1988-03-01,265.7,8.95,18.59,116.5,8.37,737.36,24.84,231613.1,51.59,16205.07,14.67,18.15,4.72,0.98,15.95,14.42,5.97,8.45,0.0275228162449826,-0.0081174345199666,0.0043010818993907,0.0318238981443733,-0.0038163526205759,5.7,60.7452,443.61,9.39,10.57,258.89,8.37,94.6,571.2544,40.9,104489.0,83.3868,83.8432,5.7,8.373478260869565,2890.7,0.0,104.9,-0.0010643960557867,-0.0047192159316464
1988-04-01,262.6,9.04,19.62,117.1,8.72,725.02,24.97,228391.46,54.16,17061.26,14.43,17.84,4.45,0.98,15.61,14.95,6.24,8.71,-0.0140072205990313,-0.0215470947035129,0.0051369975979163,-0.008870223001115,-0.0164100971055965,5.91,61.108,451.55,9.67,10.9,261.33,8.72,91.2,577.398,41.0,104732.0,84.0971,84.2967,5.4,8.7185,2910.7,0.0,105.8,0.0293830162450312,0.0307429893529517
1988-05-01,256.1,9.14,20.64,117.5,9.09,704.67,25.14,222639.9,56.8,17946.2,14.03,17.33,4.22,1.02,15.3,15.19,6.48,8.72,-0.0255054184779572,-0.0200589061289508,0.0034100629805419,-0.0220953554974152,-0.0166488431484088,6.26,60.9843,451.07,9.9,11.04,262.16,9.09,94.8,583.868,41.0,104962.0,83.837,84.084,5.6,9.08904761904762,2926.0,0.0,106.5,0.0235064476753413,0.012762251613851
1988-06-01,270.7,9.23,21.67,118.0,8.92,741.68,25.29,235001.04,59.37,18812.24,14.77,18.21,3.96,1.0,15.52,14.57,6.48,8.09,0.0540342716043343,0.0142766863566828,0.004246290881451,0.0582805624857853,0.0185229772381338,6.46,61.1615,451.33,9.86,11.0,273.5,8.92,94.7,588.9893,41.1,105326.0,83.9766,84.288,5.4,8.921363636363637,2938.4,0.0,107.2,-0.0040485885260003,-0.0036297680505786
1988-07-01,269.1,9.31,22.02,118.5,9.06,734.19,25.39,233296.78,60.09,19093.14,14.61,17.99,3.86,0.99,15.43,15.14,6.61,8.53,-0.0072785627058552,-0.0058158483800031,0.0042283361095211,-0.0030502265963341,-0.001587512270482,6.73,61.171,437.63,9.96,11.11,272.02,9.06,93.4,593.791,41.1,105550.0,83.8802,84.2603,5.4,9.056,2947.2,0.0,107.9,0.0100909029819629,0.009950330853168
1988-08-01,263.7,9.38,22.38,119.0,9.26,716.43,25.49,228329.73,60.79,19375.3,14.24,17.52,3.83,1.03,15.28,14.55,6.85,7.7,-0.0215206085127297,-0.009768882636695,0.0042105325363434,-0.0173100759763862,-0.0055583501003515,7.06,61.4771,431.28,10.11,11.21,261.52,9.26,97.4,594.3887,40.9,105674.0,83.9632,84.6355,5.6,9.260434782608696,2952.0,0.0,108.0,0.0149479614358731,0.00896063343253
1988-09-01,268.0,9.46,22.73,119.8,8.98,723.25,25.53,231181.4,61.34,19607.29,14.37,17.65,4.04,1.02,15.57,13.82,7.11,6.7,0.0124119152872756,0.0188012021075325,0.0067001925698195,0.0191121078570952,0.0255013946773521,7.24,61.2785,413.46,9.82,10.9,271.91,8.98,97.3,595.3106,41.0,106013.0,84.1706,84.308,5.4,8.977142857142857,2956.9,0.0,108.1,-0.0291039106660054,-0.0280434478489706
1988-10-01,277.4,9.55,23.07,120.2,8.8,746.13,25.69,239177.91,62.06,19894.1,14.81,18.17,3.95,1.0,15.82,13.55,7.2,6.35,0.0340049845786995,0.0159289764936008,0.0033333364197582,0.0373383209984577,0.019262312913359,7.35,61.5488,406.78,9.51,10.41,278.97,8.8,94.1,599.0389,41.1,106276.0,84.4663,84.6144,5.4,8.7955,2965.3,0.0,108.2,-0.0320772458090755,-0.0459959066082204
1988-11-01,271.0,9.64,23.42,120.3,8.96,728.31,25.91,234157.58,62.93,20233.2,14.45,17.69,3.93,1.0,15.76,14.98,7.03,7.95,-0.0212133607972481,-0.0037998779097747,0.0008316008795259,-0.0203817599177221,-0.0029682770302487,7.76,61.7049,420.17,9.45,10.48,273.7,8.96,93.0,601.1266,41.1,106617.0,84.6922,84.7506,5.3,8.9625,2980.2,0.0,108.3,-0.0063291350516476,0.0067017962660186
1988-12-01,276.5,9.75,23.75,120.5,9.11,741.86,26.16,239214.2,63.72,20547.33,14.7,17.98,3.63,1.01,15.69,15.2,7.27,7.94,0.0213650773465434,-0.0044515176847918,0.0016611299500765,0.0230262072966199,-0.0027903877347153,8.07,61.9851,419.05,9.57,10.65,277.72,9.11,91.9,604.8488,40.9,106898.0,85.0001,85.0433,5.3,9.105714285714283,2988.2,0.0,109.0,0.0126184639592116,0.0160912132625379
1989-01-01,285.4,9.81,24.16,121.1,9.09,761.94,26.2,246394.69,64.5,20858.08,15.09,18.43,3.43,1.0,15.76,15.4,7.18,8.22,0.0295752962395111,0.0044515176847918,0.0049668976283368,0.034542193867848,0.0094184153131286,8.27,62.1677,404.01,9.62,10.65,297.47,9.09,97.9,606.3592,41.1,107161.0,85.5472,85.1871,5.4,9.0915,2991.7,0.0,110.5,0.005211059212752,0.0
1989-02-01,294.0,9.9,24.56,121.6,9.17,781.67,26.31,253484.75,65.3,21175.46,15.47,18.86,3.11,1.0,15.73,15.05,6.99,8.06,0.0283689823282804,-0.0019053673595465,0.00412031897302,0.0324893013013005,0.0022149516134735,8.53,61.8916,387.51,9.64,10.61,288.86,9.17,95.4,617.125,41.2,107427.0,84.5811,84.6881,5.2,9.168947368421051,2992.2,0.0,110.8,0.0020768439448392,-0.0037629395295423
1989-03-01,292.7,10.01,24.96,122.3,9.36,773.76,26.46,251634.56,65.98,21458.14,15.3,18.62,2.95,1.02,15.57,15.44,6.93,8.51,-0.007325787147314,-0.0102237312242795,0.0057400731610599,-0.0015857139862541,-0.0044836580632195,8.82,62.0508,390.15,9.8,10.67,294.87,9.36,94.3,616.3839,41.1,107621.0,84.3546,84.7698,5.0,9.357727272727272,2999.7,0.0,111.5,0.0164612770540719,0.0056391126877702
1989-04-01,302.3,10.09,25.05,123.1,9.18,793.95,26.49,258916.67,65.78,21452.23,15.69,19.06,2.91,1.03,15.77,15.5,6.8,8.7,0.0285283961957579,0.01276341512904,0.0065199904972811,0.0350483866930391,0.0192834056263212,8.65,62.0289,384.4,9.79,10.61,309.64,9.18,91.5,619.1666,41.1,107791.0,84.3002,84.59,5.2,9.1755,3006.0,0.0,112.3,-0.0010209291341073,-0.0056391126877702
1989-05-01,313.9,10.19,25.13,123.8,8.86,819.75,26.62,268055.2,65.64,21462.61,16.19,19.63,2.96,1.05,16.13,15.09,6.31,8.78,0.0346866569719694,0.0225714911621704,0.0056703270600879,0.0403569840320573,0.0282418182222584,8.43,61.6871,371.05,9.57,10.46,320.52,8.86,90.7,624.3541,41.0,107913.0,83.4798,83.9611,5.2,8.85909090909091,3011.6,0.0,113.2,-0.0227282510775559,-0.0142384939891147
1989-06-01,323.7,10.37,25.22,124.1,8.28,843.3,27.02,276491.86,65.7,21541.94,16.64,20.15,3.28,1.02,16.84,14.67,5.61,9.05,0.0309884516565314,0.0430761166770631,0.0024203319600656,0.0334087836165971,0.0454964486371288,8.15,61.6857,367.6,9.1,10.03,317.98,8.28,90.6,624.2126,40.9,108027.0,83.4007,83.784,5.3,8.277272727272727,3027.9,0.0,112.9,-0.0503587919420586,-0.0419778566629328
1989-07-01,331.9,10.42,24.71,124.4,8.02,862.58,27.09,283552.45,64.22,21110.52,17.01,20.56,3.32,1.0,17.21,14.85,5.49,9.36,0.0252157337664251,0.0217336014092675,0.0024144880945175,0.0276302218609426,0.024148089503785,7.88,61.0896,375.04,8.93,9.87,346.08,8.02,92.0,630.8649,40.9,108069.0,82.203,82.7913,5.2,8.0185,3052.4,0.0,112.8,-0.0188580186343967,-0.0160807485284539
1989-08-01,346.6,10.55,24.2,124.6,8.11,899.34,27.37,296385.48,62.79,20693.97,17.73,21.39,2.91,1.0,17.19,13.88,5.41,8.47,0.0442637894936086,-0.0011627908286901,0.0016064260482735,0.0458702155418821,0.0004436352195833,7.9,61.6847,365.14,8.96,9.88,351.45,8.11,89.6,635.119,40.9,108120.0,82.756,83.4055,5.2,8.112608695652174,3074.4,0.0,112.0,0.0033538320984314,0.0010126583143864
1989-09-01,347.3,10.73,23.69,125.0,8.19,898.27,27.75,296795.89,61.27,20245.02,17.71,21.33,2.75,1.02,17.16,13.74,5.44,8.29,0.0013837591207134,-0.0017467253349417,0.0032051309489483,0.0045888900696617,0.0014584056140065,7.75,61.4794,361.75,9.01,9.91,349.15,8.19,95.8,637.0275,40.8,108369.0,82.3396,82.9302,5.3,8.1905,3092.5,0.0,112.4,0.0055648446334072,0.0030318365821201
1989-10-01,347.4,10.8,23.43,125.6,8.01,894.24,27.79,296228.34,60.3,19975.97,17.64,21.21,2.92,1.02,17.4,13.59,5.18,8.41,-0.001914087636113,0.013889112160667,0.004788516731797,0.002874429095684,0.0186776288924641,7.64,61.4014,366.88,8.92,9.81,340.36,8.01,93.9,639.3536,40.8,108476.0,81.9143,82.6235,5.3,8.007619047619048,3114.1,0.0,112.8,-0.0100391250283285,-0.0101420747646248
1989-11-01,340.2,10.92,23.16,125.9,7.87,873.62,28.05,290172.0,59.48,19757.03,17.24,20.7,3.12,1.01,17.65,14.61,5.14,9.46,-0.020656725239877,0.0142655771588224,0.0023856870162033,-0.0182710382236737,0.0166512641750258,7.69,61.6081,394.26,8.89,9.81,345.99,7.87,90.9,639.7143,40.7,108752.0,81.8681,82.6971,5.4,7.874285714285714,3133.3,0.0,112.7,-0.0033688970661047,0.0
1989-12-01,348.6,11.06,22.87,126.1,7.84,893.77,28.36,297650.04,58.64,19527.41,17.65,21.15,2.92,0.98,17.77,14.63,4.93,9.7,0.0254445833729537,0.0067758587872542,0.0015873019205724,0.0270318852935261,0.0083631607078266,7.63,61.9588,409.39,8.86,9.82,353.4,7.84,90.5,637.9449,40.5,108836.0,81.6703,82.9629,5.4,7.836,3152.5,0.0,113.0,-0.0033802849088237,0.0010188487891028
1990-01-01,339.97,11.14,22.49,127.4,8.21,862.75,28.27,288103.87,57.07,19058.91,17.05,20.41,2.71,0.99,17.26,14.96,4.97,9.99,-0.0325973591493298,-0.0291199565112779,0.0102565001671892,-0.0223408589821405,-0.0188634563440886,7.64,61.6352,410.11,8.99,9.94,329.08,8.21,93.0,635.7875,40.5,109196.0,81.4034,82.328,5.4,8.206666666666667,3166.8,0.0,114.9,0.0145660838665394,0.0121458983021081
1990-02-01,330.45,11.23,22.08,128.0,8.47,834.66,28.36,279512.93,55.77,18676.49,16.51,19.74,2.55,1.0,17.0,14.95,5.23,9.72,-0.0302725221302658,-0.0151783415990658,0.0046985207815541,-0.0255740013487116,-0.0104798208175117,7.74,62.1951,416.81,9.22,10.14,331.89,8.47,89.5,636.5317,40.6,109436.0,82.2789,82.8759,5.3,8.473157894736843,3179.2,0.0,114.4,0.0252621890849736,0.0199209774945545
1990-03-01,338.46,11.32,21.67,128.7,8.59,850.24,28.44,285524.69,54.44,18280.8,16.83,20.1,2.21,0.99,16.89,15.05,5.47,9.59,0.021279952510974,-0.0064916132365073,0.0054538506824637,0.0267338031934377,-0.0010377625540436,7.9,62.4916,393.06,9.37,10.21,339.94,8.59,91.3,638.2437,40.6,109640.0,82.461,83.0757,5.2,8.588636363636363,3190.1,0.0,114.2,0.0161380586818282,0.006879634013537
1990-04-01,338.18,11.44,21.53,128.9,8.79,848.22,28.69,285648.58,54.01,18188.41,16.81,20.06,1.91,1.01,16.76,15.21,5.8,9.4,0.0004338088228215,-0.0077266357657716,0.0015527953430608,0.0019866041658823,-0.0061738404227108,7.77,62.3511,374.24,9.46,10.3,330.8,8.79,93.9,640.9802,40.4,109674.0,81.9214,82.7018,5.4,8.7855,3201.6,0.0,114.1,0.0095592868134561,0.0087762630590159
1990-05-01,350.25,11.55,21.4,129.2,8.76,876.45,28.91,295968.07,53.54,18080.63,17.39,20.72,1.67,1.03,16.88,14.45,5.42,9.04,0.035489262844263,0.0071343941138738,0.0023246814033595,0.0378139442476225,0.0094590755172334,7.74,62.5353,369.05,9.47,10.41,361.23,8.76,90.6,639.811,40.6,109828.0,81.9677,82.7671,5.4,8.758181818181818,3200.6,0.0,114.6,0.0010565241341998,0.0106229873912874
1990-06-01,360.39,11.66,21.26,129.9,8.48,896.96,29.02,303712.14,52.91,17916.48,17.82,21.21,1.75,1.01,17.23,14.46,5.47,8.99,0.0258287680271161,0.0205225613720272,0.0054033323280524,0.0312321003551685,0.0259258937000796,7.73,62.7479,352.33,9.26,10.22,358.02,8.48,88.3,641.3645,40.7,109850.0,82.0333,82.8785,5.2,8.48,3213.7,0.0,114.3,-0.0224248585398989,-0.018420297851319
1990-07-01,360.03,11.73,21.42,130.4,8.47,892.63,29.07,303065.77,53.11,18030.91,17.75,21.1,1.82,0.99,17.29,14.55,5.5,9.05,-0.0021305002500539,0.0034762491553609,0.0038417258159987,0.0017112255659447,0.0073179749713596,7.62,62.6435,362.53,9.24,10.2,356.15,8.47,88.2,639.7963,40.6,109815.0,81.6697,82.5834,5.5,8.471428571428572,3224.5,0.0,114.5,-0.0021621630044951,-0.0019588644853331
1990-08-01,330.75,11.78,21.58,131.6,8.75,812.56,28.95,276698.74,53.02,18053.39,16.17,19.21,2.11,1.0,16.94,15.71,5.94,9.77,-0.0910205115466596,-0.0204506104712906,0.0091603693986641,-0.0818601421479954,-0.0112902410726264,7.45,62.8704,394.73,9.41,10.41,322.56,8.75,76.4,640.2745,40.5,109606.0,81.801,82.737,5.7,8.752608695652174,3242.0,1.0,116.5,0.0182310679436954,0.0203791623366522
1990-09-01,315.41,11.83,21.74,132.7,8.89,768.45,28.82,262496.22,52.97,18092.86,15.3,18.17,2.32,1.02,16.77,16.13,6.07,10.06,-0.0526926511862821,-0.0100861133887909,0.008323922446945,-0.0443687287393371,-0.0017621909418459,7.36,62.8839,389.32,9.56,10.64,306.05,8.89,72.8,639.3691,40.5,109523.0,81.5066,82.6219,5.9,8.893157894736841,3254.6,1.0,118.4,0.0158147734660217,0.0218536012866208
1990-10-01,307.12,11.93,21.61,133.5,8.72,743.77,28.88,254887.5,52.33,17932.01,14.82,17.59,2.67,1.03,16.98,15.83,6.02,9.81,-0.029414410587131,0.0124446050480837,0.0060105365021425,-0.0234038740849885,0.0184551415502262,7.17,62.4973,380.74,9.53,10.74,304.0,8.72,63.9,637.518,40.4,109377.0,80.8379,81.9938,5.9,8.719545454545456,3259.3,1.0,120.8,-0.0031430093971992,0.0093546051672203
1990-11-01,315.29,12.01,21.47,133.8,8.39,761.84,29.03,261910.29,51.89,17837.79,15.19,18.02,2.77,1.03,17.44,15.42,5.79,9.63,0.027179769206245,0.0267302375976322,0.0022446698538239,0.0294244390600689,0.0289749074514562,7.06,61.7175,381.73,9.3,10.62,322.22,8.39,66.0,639.1886,40.2,109222.0,79.7507,80.8637,6.2,8.392,3262.6,1.0,120.1,-0.0244303175069003,-0.0112360732669259
1990-12-01,328.75,12.09,21.34,133.8,8.08,794.37,29.21,273928.39,51.56,17781.39,15.85,18.8,2.71,1.01,17.93,14.52,5.94,8.58,0.0448646813180372,0.0277088691362078,0.0,0.0448646813180372,0.0277088691362078,6.74,61.2885,376.95,9.05,10.43,330.22,8.07,65.5,642.0284,40.3,109168.0,79.021,80.2062,6.3,8.075,3271.8,1.0,118.7,-0.0272496424473754,-0.0180527468011116
1991-01-01,325.49,12.11,21.18,134.6,8.09,781.82,29.08,270435.72,50.88,17600.3,15.61,18.5,2.78,1.02,17.93,14.65,5.98,8.67,-0.0128322858291384,0.0,0.0059612695164992,-0.0068710163126392,0.0059612695164992,6.22,61.0842,383.64,9.04,10.45,343.93,8.09,66.8,636.1319,40.2,109058.0,78.4322,79.8532,6.4,8.091904761904763,3287.7,1.0,119.0,-0.0011055833077497,0.0019157093981389
1991-02-01,362.26,12.11,21.03,134.8,7.85,868.84,29.05,301377.23,50.43,17492.87,17.35,20.56,2.28,0.99,18.32,13.12,5.81,7.32,0.1083282998572775,0.0215180716289427,0.0014847812675794,0.1098130811248569,0.0230028528965222,5.94,60.6387,363.83,8.83,10.07,367.07,7.85,70.4,635.9164,40.1,108735.0,77.7899,79.1938,6.6,7.854736842105264,3304.5,1.0,117.2,-0.0235041597882164,-0.0370412716803489
1991-03-01,372.28,12.11,20.94,135.0,8.11,891.55,29.0,310092.72,50.15,17442.09,17.82,21.1,1.82,1.01,18.09,11.71,6.14,5.57,0.0285086136395746,-0.0126340598387804,0.0014825799602226,0.0299911935997973,-0.0111514798785578,5.91,60.2973,363.34,8.93,10.09,375.22,8.11,87.7,635.219,40.0,108568.0,77.1232,78.6775,6.8,8.11,3321.9,1.0,116.2,0.011261380272539,0.0019841276350466
1991-04-01,379.68,12.13,20.36,135.2,8.04,907.93,29.01,316629.49,48.69,16981.72,18.16,21.48,1.73,1.0,18.27,11.48,5.82,5.66,0.0208609395016953,0.0099010709827115,0.0014803851704342,0.0223413246721295,0.0113814561531457,5.65,60.4524,358.38,8.86,9.94,375.34,8.04,81.8,631.3454,40.1,108350.0,77.3844,78.813,6.7,8.039090909090909,3332.4,0.0,116.0,-0.0078696302714181,-0.014977813697035
1991-05-01,377.99,12.14,19.86,135.6,8.07,901.22,28.94,315131.46,47.34,16554.59,18.04,21.33,1.68,0.99,18.3,12.23,5.6,6.63,-0.0047424039349255,0.00164068945746,0.0029542118974316,-0.0017881920374939,0.0045949013548916,5.46,61.0587,356.95,8.86,9.86,389.83,8.07,78.3,627.7868,40.2,108253.0,77.8491,79.5366,6.9,8.067727272727273,3343.0,0.0,116.5,0.0,-0.0080808520539386
1991-06-01,378.29,12.15,19.41,136.0,8.28,899.29,28.88,315295.62,46.14,16177.77,18.02,21.29,1.42,1.01,18.11,11.93,5.83,6.1,0.0005207898230205,-0.0104367879520532,0.0029455102297569,0.0034663000527774,-0.0074912777222963,5.57,61.5514,366.72,9.01,9.96,371.16,8.28,82.1,626.1112,40.4,108330.0,78.4948,80.1091,6.9,8.284,3351.9,0.0,116.4,0.016788307003257,0.0100909029819629
1991-07-01,380.23,12.19,18.84,136.2,8.27,902.57,28.94,317292.86,44.72,15721.53,18.1,21.38,1.3,1.03,18.22,11.59,5.87,5.72,0.0063145210496216,0.0060556199364902,0.0014695079793599,0.0077840290289816,0.0075251279158502,5.58,61.7201,367.69,9.0,9.89,387.81,8.27,82.9,623.1573,40.5,108290.0,78.8377,80.2553,6.8,8.272727272727273,3356.1,0.0,116.1,-0.0011104942840271,-0.007052925961886
1991-08-01,389.4,12.24,18.33,136.6,7.9,921.63,28.96,324841.92,43.38,15291.1,18.51,21.85,1.5,1.02,18.75,11.1,5.83,5.26,0.0235134680266109,0.0286738605846077,0.0029325534212777,0.0264460214478886,0.0316064140058854,5.33,61.7289,356.31,8.75,9.65,395.43,7.9,82.0,618.3468,40.6,108299.0,78.853,80.1865,6.9,7.9,3355.0,0.0,116.2,-0.0281708769666963,-0.0245662302837261
1991-09-01,387.2,12.28,17.82,137.2,7.65,912.42,28.94,322444.04,41.99,14839.75,18.36,21.66,1.74,1.01,19.12,9.81,5.82,3.99,-0.0074090621991323,0.0195411552068354,0.0043827681550951,-0.0030262940440372,0.0239239233619305,5.22,62.2369,348.74,8.61,9.51,387.86,7.65,83.0,620.4959,40.6,108335.0,79.558,80.7568,6.9,7.65,3354.9,0.0,116.1,-0.0161293819298836,-0.0146140387935956
1991-10-01,386.88,12.25,17.2,137.4,7.53,910.34,28.83,322557.69,40.48,14343.1,18.35,21.64,1.86,1.01,19.37,10.19,5.9,4.3,0.0003524021592195,0.0129905697956493,0.0014566644964641,0.0018090666556837,0.0144472342921135,4.99,62.1718,358.69,8.55,9.49,392.45,7.53,78.3,620.9588,40.6,108361.0,79.3727,80.5727,7.0,7.527272727272727,3360.1,0.0,116.4,-0.0069930354909704,-0.0021052639354624
1991-11-01,385.92,12.23,16.59,137.8,7.42,905.44,28.69,321670.34,38.92,13825.27,18.29,21.56,1.98,1.03,19.59,10.79,5.77,5.01,-0.002754771664181,0.0112937545375448,0.0029069787913093,0.0001522071271282,0.0142007333288542,4.56,62.0894,360.17,8.48,9.45,375.22,7.42,69.1,618.4141,40.7,108300.0,79.0864,80.3561,7.0,7.417368421052632,3365.5,0.0,116.4,-0.0082208331448571,-0.0042238711161851
1991-12-01,388.51,12.2,15.97,137.9,7.09,910.86,28.6,324441.11,37.44,13336.4,18.44,21.73,2.24,1.01,20.15,10.9,5.19,5.71,0.0085768081812435,0.0281850564362424,0.0007254262196978,0.0093022344009413,0.0289104826559402,4.07,61.806,361.73,8.31,9.26,417.09,7.09,68.2,618.8362,40.6,108330.0,78.7498,79.8698,7.3,7.088571428571429,3372.2,0.0,115.9,-0.0202508409364548,-0.0203106928475633
1992-01-01,416.08,12.24,16.05,138.1,7.03,974.08,28.65,347811.91,37.57,13413.85,19.77,23.29,1.92,0.98,20.33,10.07,5.16,4.91,0.0695578046761278,0.0088933392475633,0.0014492756159902,0.071007080292118,0.0103426148635535,3.8,61.4823,354.45,8.2,9.13,408.78,7.03,67.5,613.5738,40.6,108365.0,78.1497,79.3038,7.3,7.032380952380953,3381.2,0.0,115.6,-0.0133254545971495,-0.0141383540512108
1992-02-01,412.56,12.28,16.12,138.6,7.34,962.36,28.64,344477.68,37.61,13462.57,19.58,23.06,1.66,0.99,19.93,9.76,5.47,4.28,-0.0096325463474556,-0.0198714934155518,0.0036140263405563,-0.0060185200068992,-0.0162574670749955,3.84,61.9192,353.91,8.29,9.23,412.7,7.34,68.8,609.6743,40.7,108313.0,78.6694,79.7133,7.4,7.337894736842105,3400.0,0.0,116.0,0.0109158148769961,0.0108933539078835
1992-03-01,407.36,12.32,16.19,139.3,7.54,945.45,28.59,339279.52,37.58,13484.23,19.28,22.7,1.6,1.01,19.68,10.39,5.29,5.1,-0.0152049884000421,-0.0126232426005959,0.0050377940299573,-0.0101671943700848,-0.0075854485706386,4.04,62.4403,344.34,8.35,9.25,403.69,7.54,76.0,607.3438,40.7,108367.0,79.295,80.2192,7.4,7.542272727272728,3403.9,0.0,116.1,0.0072115697155606,0.002164503009573
1992-04-01,407.41,12.32,16.48,139.5,7.48,944.21,28.55,339688.54,38.2,13743.37,19.3,22.71,1.63,1.01,19.85,9.92,5.24,4.69,0.0012048285437112,0.0086011155090921,0.0014347204756601,0.0026395490193714,0.0100358359847523,3.75,62.9199,338.62,8.33,9.21,414.95,7.48,77.2,604.4206,40.8,108517.0,79.5295,80.6613,7.4,7.480476190476191,3399.7,0.0,116.3,-0.0023980826840127,-0.0043337012571183
1992-05-01,414.81,12.32,16.77,139.7,7.39,959.99,28.51,346218.11,38.8,13994.2,19.66,23.13,1.54,1.02,20.07,9.4,5.21,4.19,0.0190398132285744,0.0110221556750473,0.0014326650014956,0.0204724782300701,0.012454820676543,3.63,63.1268,337.24,8.28,9.13,415.35,7.39,79.2,602.2525,40.9,108647.0,79.7916,80.7461,7.6,7.392,3398.6,0.0,117.2,-0.0060204877815831,-0.0087241556603383
1992-06-01,408.27,12.32,17.05,140.2,7.26,941.48,28.41,340398.13,39.32,14215.56,19.32,22.72,1.67,1.04,20.31,8.92,5.31,3.6,-0.0169530490298362,0.0118872127840465,0.0035727083375734,-0.0133803406922627,0.01545992112162,3.66,63.1624,340.81,8.22,9.05,408.14,7.26,80.4,600.7283,40.8,108707.0,79.8426,80.6077,7.8,7.261818181818182,3393.4,0.0,118.0,-0.0072727593290795,-0.0088009368950423
1992-07-01,415.05,12.34,17.38,140.5,6.84,955.07,28.4,346167.89,39.99,14495.6,19.62,23.07,1.98,1.02,21.0,7.49,5.22,2.27,0.0168079854378859,0.0334090621311298,0.0021375141733108,0.0189454996111967,0.0355465763044406,3.21,63.7348,352.72,8.07,8.84,424.21,6.84,76.6,599.2521,40.8,108792.0,80.3514,81.1531,7.7,6.844545454545455,3393.9,0.0,117.9,-0.0184167267862311,-0.0234778810622827
1992-08-01,417.93,12.37,17.71,140.9,6.59,958.97,28.38,348437.45,40.64,14765.22,19.72,23.18,2.21,1.02,21.44,7.51,5.34,2.17,0.0065348420057698,0.0207358984791783,0.002842930130834,0.0093777721366038,0.0235788286100123,3.13,63.3802,343.06,7.95,8.65,414.03,6.59,76.1,597.2831,40.8,108916.0,79.7392,80.5215,7.6,6.585714285714286,3398.8,0.0,117.7,-0.0149815536156169,-0.021727555705764
1992-09-01,418.48,12.4,18.04,141.3,6.42,957.51,28.37,348767.4,41.28,15034.8,19.71,23.16,2.39,0.99,21.76,6.95,5.53,1.42,0.0009464937733355,0.0148150857851406,0.0028348707858473,0.0037813645591828,0.017649956570988,2.91,63.5834,345.43,7.92,8.62,417.8,6.42,75.6,598.3956,40.7,108952.0,79.6562,80.6052,7.6,6.415238095238095,3410.3,0.0,118.0,-0.003780722839906,-0.0034742362681863
1992-10-01,412.5,12.39,18.39,141.8,6.59,940.5,28.24,343428.61,41.93,15310.67,19.37,22.76,2.31,0.99,21.54,6.95,5.6,1.36,-0.0154259654515151,-0.0101617502594995,0.0035323244075452,-0.0118936410439698,-0.0066294258519542,2.86,64.0178,344.38,7.99,8.84,418.68,6.59,73.3,596.8324,40.8,109138.0,79.9183,80.9878,7.3,6.589047619047619,3423.8,0.0,118.1,0.0087995539518488,0.0252017919739503
1992-11-01,422.84,12.38,18.74,142.0,6.87,962.72,28.19,352399.33,42.67,15618.11,19.83,23.3,1.95,1.01,21.19,7.37,5.71,1.66,0.0257857338990454,-0.0163822994480347,0.0014094435032336,0.027195177402279,-0.0149728559448011,3.13,64.2628,335.02,8.1,8.96,431.35,6.87,85.3,596.8948,40.9,109283.0,80.019,81.1373,7.4,6.873157894736842,3426.5,0.0,117.8,0.0136733019002096,0.0134833503372872
1992-12-01,435.64,12.39,19.09,141.9,6.77,992.56,28.23,364183.95,43.49,15958.75,20.45,24.02,1.93,1.02,21.48,6.93,5.64,1.29,0.032894104318045,0.0135928973604562,-0.0007044734352637,0.0321896308827813,0.0128884239251925,3.22,64.3599,334.82,7.98,8.81,435.71,6.77,91.0,596.9202,40.9,109502.0,79.8,81.1101,7.4,6.77,3424.7,0.0,117.6,-0.0149256502166755,-0.016882787038751
1993-01-01,435.23,12.41,19.34,142.6,6.6,986.76,28.14,362915.68,43.85,16126.62,20.32,23.87,2.16,1.03,21.76,6.89,5.48,1.42,-0.0034885763488955,0.0129511523470779,0.0049209238141984,0.0014323474653029,0.0178720761612764,3.0,64.6135,329.01,7.91,8.67,438.78,6.6,89.3,595.4533,41.1,109790.0,80.3854,81.2846,7.3,6.6000000000000005,3419.1,0.0,118.0,-0.0088106296821549,-0.0160186491556377
1993-02-01,441.7,12.45,19.59,143.1,6.26,997.93,28.12,367885.64,44.26,16316.23,20.55,24.12,2.48,1.03,22.35,5.96,5.28,0.68,0.0136016082224152,0.0267528990718359,0.0035001785822096,0.0171017868046248,0.0302530776540455,2.93,64.9262,329.31,7.71,8.39,443.38,6.26,86.6,593.4074,41.1,110048.0,80.4627,81.5417,7.1,6.258947368421053,3414.5,0.0,118.4,-0.0256095942043243,-0.0328282703133356
1993-03-01,450.16,12.48,19.84,143.6,5.98,1013.5,28.1,374489.57,44.67,16504.96,20.86,24.48,2.72,1.01,22.85,5.85,5.09,0.75,0.0177918230989522,0.0221247962806357,0.0034879700517186,0.0212797931506708,0.0256127663323543,2.95,64.8627,330.08,7.58,8.15,451.67,5.98,85.9,591.3007,40.8,110004.0,80.1653,81.3332,7.0,5.975217391304348,3411.7,0.0,118.7,-0.0170049879209577,-0.0290225932263434
1993-04-01,443.08,12.49,19.67,144.0,5.97,994.79,28.05,368439.5,44.16,16356.43,20.46,24.01,2.78,1.0,22.92,6.59,4.99,1.6,-0.0162874330561038,0.0030587745063251,0.0027816429618767,-0.013505790094227,0.0058404174682019,2.87,65.0423,342.15,7.46,8.14,440.19,5.97,85.6,585.5795,41.3,110300.0,80.4026,81.4361,7.1,5.9695238095238095,3411.3,0.0,119.3,-0.0159577854386108,-0.0012277472383224
1993-05-01,445.25,12.51,19.5,144.2,6.04,998.28,28.04,370595.89,43.72,16230.48,20.52,24.07,2.65,1.01,22.88,7.1,5.39,1.7,0.0058357046195913,-0.0017467253349417,0.001387925274848,0.0072236298944393,-0.0003588000600936,2.96,64.8006,367.18,7.43,8.21,450.19,6.04,80.3,588.0061,41.1,110571.0,80.1821,81.0138,7.1,6.0355,3436.9,0.0,119.7,-0.0040295554860016,0.0085627434498878
1993-06-01,448.06,12.52,19.33,144.4,5.96,1003.18,28.03,373285.41,43.28,16104.11,20.61,24.18,2.69,1.02,23.1,7.6,5.52,2.08,0.007231077644332,0.0095694510161508,0.0013860016078773,0.0086170792522093,0.0109554526240282,3.07,64.9476,371.89,7.33,8.07,450.53,5.96,81.5,589.9095,41.0,110742.0,79.9638,81.0769,7.0,5.962727272727273,3442.4,0.0,119.5,-0.0135503428311076,-0.0171994411824795
1993-07-01,447.29,12.52,19.69,144.4,5.81,1001.46,28.03,373513.12,44.08,16442.29,20.56,24.12,2.81,1.01,23.48,7.65,4.8,2.85,0.0006098298213228,0.0163163774321478,0.0,0.0006098298213228,0.0163163774321478,3.04,65.1142,392.19,7.17,7.93,448.13,5.81,77.0,587.9277,41.1,111054.0,80.001,81.1612,6.9,5.805238095238095,3442.0,0.0,119.2,-0.0220698612870311,-0.0175004466351008
1993-08-01,454.13,12.52,20.05,144.8,5.68,1013.97,27.95,379046.18,44.77,16735.02,20.81,24.41,2.88,1.03,23.75,7.43,4.27,3.16,0.0147049134940915,0.0114335355207545,0.0027662534928901,0.0174711669869816,0.0141997890136446,3.02,65.0421,378.84,6.85,7.6,463.56,5.68,77.3,587.8156,41.1,111200.0,79.6891,80.9411,6.8,5.677727272727273,3445.7,0.0,118.7,-0.045657002337395,-0.0425047883544712
1993-09-01,459.24,12.52,20.41,145.1,5.36,1023.26,27.9,383387.83,45.48,17038.9,20.99,24.61,3.12,1.01,24.4,7.61,4.14,3.47,0.0113890431766735,0.0270006018185058,0.0020696799385259,0.0134587231151994,0.0290702817570318,2.95,65.3749,355.28,6.66,7.34,458.93,5.36,77.9,585.4565,41.3,111449.0,80.0944,81.2154,6.7,5.36,3452.2,0.0,118.7,-0.028129167721836,-0.0348094046658611
1993-10-01,463.9,12.54,20.9,145.7,5.33,1029.38,27.83,386552.12,46.38,17415.26,21.11,24.74,3.14,0.97,24.46,7.75,4.15,3.6,0.0082196223627844,0.0024559979598703,0.004126553311017,0.0123461756738014,0.0065825512708873,3.02,65.863,364.18,6.67,7.31,467.83,5.33,82.7,583.9072,41.3,111734.0,80.6062,81.6695,6.8,5.334,3456.7,0.0,119.1,0.0015003753752344,-0.004095568864737
1993-11-01,462.89,12.56,21.39,145.8,5.72,1026.44,27.85,386317.53,47.43,17851.61,21.04,24.65,2.75,1.0,23.84,7.92,4.48,3.44,-0.0006070622832823,-0.0256742880618773,0.0006861063733988,7.904409011650162e-05,-0.0249881816884784,3.1,66.1696,373.83,6.93,7.66,461.79,5.72,81.2,584.0483,41.3,111988.0,80.8198,81.8847,6.6,5.724,3470.1,0.0,119.0,0.0382399532742795,0.0467687099908129
1993-12-01,465.95,12.58,21.89,145.8,5.77,1033.22,27.9,389746.25,48.54,18310.0,21.16,24.78,2.66,1.01,23.86,8.16,4.54,3.62,0.0088362384577586,0.0008385744726209,0.0,0.0088362384577586,0.0008385744726209,3.06,66.5531,383.3,6.93,7.69,466.45,5.77,88.2,583.9928,41.4,112324.0,81.1289,82.1813,6.5,5.774090909090909,3474.5,0.0,118.6,0.0,0.0039087997650526
1994-01-01,472.99,12.62,22.16,146.2,5.75,1045.96,27.91,395429.94,49.0,18523.48,21.41,25.06,2.6,0.99,23.94,8.47,4.59,3.88,0.0144777423195952,0.0033472834600571,0.0027397277411202,0.0172174700607155,0.0060870112011774,2.98,66.7591,386.88,6.92,7.65,481.61,5.75,94.3,587.4178,41.4,112601.0,81.0033,82.2458,6.6,5.750500000000001,3474.9,0.0,119.1,-0.0014440435722335,-0.0052151356791081
1994-02-01,471.58,12.67,22.43,146.7,5.97,1039.29,27.92,393786.88,49.44,18732.64,21.26,24.88,2.39,0.97,23.58,8.57,4.79,3.79,-0.0041637794131613,-0.0151518050206023,0.0034141378332578,-0.0007496415799034,-0.0117376671873444,3.25,66.8019,381.91,7.08,7.76,467.14,5.97,93.2,587.9219,40.9,112782.0,80.9138,82.0964,6.6,5.9731578947368416,3475.7,0.0,119.3,0.0228581380760501,0.0142766863566828
1994-03-01,463.81,12.71,22.71,147.2,6.48,1018.69,27.92,386864.53,49.88,18942.44,20.83,24.36,2.0,0.97,22.75,8.53,5.35,3.18,-0.0177352691779509,-0.0358337497122654,0.0034025211458399,-0.014332748032111,-0.0324312285664254,3.5,67.4704,384.13,7.48,8.13,445.77,6.48,91.5,594.7889,41.7,113245.0,81.7386,82.7001,6.5,6.482608695652174,3480.1,0.0,119.7,0.0549588842807576,0.0465785893645918
1994-04-01,447.23,12.75,23.54,147.4,6.97,980.95,27.97,373414.23,51.63,19654.7,20.06,23.44,1.66,0.99,22.04,8.98,5.23,3.75,-0.0353862404201193,-0.0317061611122457,0.0013577734604605,-0.0340284669596588,-0.0303483876517852,3.68,67.8707,377.27,7.88,8.52,450.91,6.97,92.6,600.4038,41.7,113589.0,82.2123,82.9607,6.4,6.972105263157895,3481.3,0.0,119.7,0.0520951118834018,0.0468554172815049
1994-05-01,450.9,12.8,24.37,147.5,7.18,988.33,28.05,377113.03,53.42,20382.0,20.2,23.59,1.39,1.01,21.83,8.53,5.0,3.53,0.0098566171886001,-0.0095738137228612,0.0006781960246383,0.0105348132132385,-0.0088956176982228,4.14,68.187,381.43,7.99,8.62,456.5,7.18,92.8,604.7512,41.8,113922.0,82.4317,83.1048,6.1,7.183333333333333,3490.8,0.0,119.9,0.0138628559083956,0.0116687438343774
1994-06-01,454.83,12.84,25.2,148.0,7.1,993.57,28.05,380006.66,55.05,21054.39,20.29,23.69,1.45,0.99,22.01,8.72,4.91,3.8,0.0076438220463515,0.0082117249765179,0.0033840979842404,0.011027920030592,0.0115958229607583,4.14,68.645,385.64,7.97,8.65,444.27,7.1,91.2,608.7014,41.8,114239.0,82.4141,83.409,6.1,7.101363636363636,3479.5,0.0,120.5,-0.0025062669760597,0.0034742362681862
1994-07-01,451.4,12.87,25.91,148.4,7.3,983.42,28.04,377018.02,56.45,21640.53,20.07,23.42,1.29,1.01,21.77,8.57,5.28,3.3,-0.0078957941684454,-0.0109640202919142,0.0026990569691649,-0.0051967371992804,-0.0082649633227493,4.33,68.7317,385.49,8.11,8.8,458.26,7.3,89.0,616.5733,41.8,114608.0,82.4369,83.2543,6.1,7.298,3488.2,0.0,120.7,0.0174133753251979,0.0171924005403727
1994-08-01,464.24,12.9,26.62,149.0,7.24,1007.32,27.99,387075.1,57.76,22195.29,20.54,23.95,1.24,0.99,21.91,8.13,5.43,2.7,0.026325746336541,0.006410278360919,0.004034975212179,0.0303607215487201,0.0104452535730981,4.48,69.1882,380.36,8.07,8.74,475.49,7.24,91.7,622.3122,41.7,114903.0,82.8706,83.5424,6.0,7.236086956521739,3485.7,0.0,121.2,-0.0049443858454639,-0.0068415318167167
1994-09-01,466.96,12.92,27.33,149.4,7.46,1010.51,27.96,389195.87,59.14,22778.66,20.58,23.98,0.99,0.99,21.64,8.35,5.7,2.65,0.0054640076940236,-0.0123996996290944,0.0026809667532577,0.0081449744472813,-0.0097187328758366,4.62,69.3935,391.58,8.34,8.98,462.71,7.46,91.5,625.0522,41.6,115247.0,82.9067,83.5225,5.9,7.457142857142857,3486.1,0.0,121.0,0.0329097340887979,0.0270896926466642
1994-10-01,463.81,13.01,28.42,149.5,7.74,1003.02,28.14,387215.12,61.46,23726.64,20.4,23.75,0.73,0.99,21.34,8.36,5.85,2.5,-0.0051023345179725,-0.0139602081046735,0.0006691201320241,-0.0044332143859483,-0.0132910879726493,4.95,69.9576,389.77,8.57,9.2,472.35,7.74,92.7,631.6197,41.8,115457.0,83.3896,83.9295,5.8,7.744,3484.3,0.0,120.9,0.027204516239033,0.0242036017408861
1994-11-01,461.01,13.1,29.51,149.7,7.96,995.64,28.28,385273.26,63.73,24661.97,20.21,23.51,0.57,1.02,21.13,8.91,5.91,3.0,-0.0050275554701638,-0.009889414245642,0.0013368985948413,-0.0036906568753224,-0.0085525156508006,5.29,70.4288,384.39,8.68,9.32,453.69,7.95,91.6,638.4621,41.8,115868.0,83.7715,84.2193,5.6,7.955,3487.2,0.0,121.5,0.0127537960625704,0.0129591446425053
1994-12-01,455.19,13.17,30.6,149.7,7.81,983.07,28.44,381326.59,66.09,25634.56,19.91,23.15,0.79,1.01,21.49,9.36,5.78,3.58,-0.0102966492077757,0.0168938790264536,0.0,-0.0102966492077757,0.0168938790264536,5.6,71.1273,379.29,8.46,9.1,459.27,7.81,95.1,643.9879,41.8,116173.0,84.3725,84.7763,5.5,7.813809523809524,3486.4,0.0,121.9,-0.0256723550541267,-0.0238882151746954
1995-01-01,465.25,13.18,31.25,150.3,7.78,1000.78,28.35,389114.69,67.22,26136.13,20.22,23.49,0.77,1.03,21.59,8.97,5.75,3.21,0.0202179335198067,0.004642533872297,0.0040000053333463,0.0242179388531531,0.0086425392056434,5.71,71.2635,378.55,8.46,9.08,470.42,7.78,97.6,654.3104,41.8,116505.0,84.2052,84.6624,5.6,7.7795,3492.4,0.0,122.9,0.0,-0.0022002209096024
1995-02-01,481.92,13.18,31.9,150.9,7.47,1032.52,28.24,402369.08,68.35,26634.24,20.8,24.14,0.93,1.03,22.11,8.72,5.52,3.2,0.0334956437984113,0.0237997503426388,0.0039840690148742,0.0374797128132855,0.0277838193575131,5.77,71.1758,376.64,8.26,8.85,487.39,7.47,95.1,666.3843,41.7,116694.0,83.7005,84.2817,5.4,7.469473684210525,3489.9,0.0,123.5,-0.0239245860852453,-0.0256567335933638
1995-03-01,493.15,13.17,32.55,151.4,7.2,1053.09,28.12,411298.85,69.51,27147.48,21.15,24.53,1.12,1.02,22.59,8.37,4.97,3.4,0.0219503023527646,0.021477335610557,0.0033079752295451,0.0252582775823097,0.0247853108401022,5.73,71.2796,382.12,8.12,8.7,500.71,7.2,90.3,673.4962,41.5,116908.0,83.6099,84.1264,5.4,7.204782608695653,3491.1,0.0,123.9,-0.0170944333593001,-0.0170944333593001
1995-04-01,507.91,13.24,33.18,151.9,7.06,1081.04,28.19,423132.08,70.61,27639.0,21.64,25.07,1.14,1.04,22.88,7.73,4.94,2.79,0.0283642969507413,0.0127558360316851,0.0032970685983787,0.0316613655491201,0.0160529046300638,5.65,71.1538,391.03,8.03,8.6,514.71,7.06,92.5,677.4348,40.9,117065.0,83.0097,83.7001,5.8,7.062631578947368,3499.2,0.0,124.6,-0.0111456262149162,-0.0115608224010759
1995-05-01,523.81,13.31,33.8,152.2,6.63,1112.68,28.27,436439.97,71.81,28165.0,22.2,25.68,1.43,1.04,23.68,7.55,4.79,2.76,0.0309664638783565,0.0343676435042078,0.0019730358258581,0.0329394997042147,0.0363406793300659,5.67,71.4997,385.22,7.65,8.2,533.4,6.63,89.8,686.0514,41.2,117047.0,83.0044,83.8228,5.6,6.632727272727274,3524.2,0.0,124.9,-0.0484788801202256,-0.0476280489892547
1995-06-01,539.35,13.36,34.43,152.5,6.17,1143.44,28.32,449429.71,72.99,28689.84,22.72,26.26,1.78,1.0,24.57,7.46,4.56,2.9,0.0293286278864914,0.0368953765172827,0.0019691506198808,0.0312977785063723,0.0388645271371636,5.47,71.7327,387.56,7.3,7.9,544.75,6.17,92.7,690.3815,41.2,117291.0,83.0575,83.8038,5.6,6.168181818181818,3548.9,0.0,125.3,-0.046831299684099,-0.0372713947972315
1995-07-01,557.37,13.44,34.68,152.5,6.28,1181.64,28.49,465378.69,73.52,28956.23,23.38,26.99,1.53,0.99,24.5,7.23,4.42,2.81,0.0348719933154737,-0.0028530689824065,0.0,0.0348719933154737,-0.0028530689824065,5.42,71.4334,386.23,7.41,8.04,562.06,6.28,94.4,698.6658,41.1,117382.0,82.1516,83.1565,5.7,6.2780000000000005,3567.4,0.0,125.3,0.0149560911536501,0.017566323717899
1995-08-01,559.11,13.51,34.93,152.9,6.49,1182.23,28.57,466547.8,73.86,29147.24,23.28,26.86,1.34,1.03,24.19,7.18,4.47,2.71,0.0025090189534427,-0.0127337929287453,0.0026195168875504,0.0051285358409931,-0.0101142760411949,5.4,72.3723,383.67,7.57,8.19,561.88,6.49,96.2,703.1401,41.2,117646.0,82.7467,83.9385,5.7,6.488260869565217,3589.0,0.0,125.1,0.0213626281413618,0.0184848146741031
1995-09-01,578.77,13.58,35.18,153.2,6.2,1221.4,28.66,482949.77,74.24,29355.66,23.95,27.59,1.51,1.02,24.79,6.71,4.17,2.54,0.0345521721810824,0.0245010214251631,0.0019601443714741,0.0365123165525566,0.0264611657966372,5.28,72.6543,383.06,7.32,7.93,584.41,6.2,88.9,706.2303,41.3,117873.0,83.103,83.9436,5.6,6.1975,3602.1,0.0,125.2,-0.0335827394761372,-0.0322608622182214
1995-10-01,582.92,13.65,34.77,153.7,6.04,1226.16,28.71,485776.45,73.14,28978.33,23.93,27.54,1.66,1.01,25.13,6.34,3.83,2.51,0.0058358862682229,0.0136220055084015,0.0032583932380592,0.0090942795062822,0.0168803987464608,5.28,72.5336,383.14,7.12,7.75,581.5,6.04,90.2,706.4451,41.2,118026.0,82.6116,83.4711,5.5,6.044761904761905,3613.4,0.0,125.3,-0.0277026025493358,-0.0229601922815009
1995-11-01,595.53,13.72,34.37,153.6,5.93,1253.5,28.88,497561.51,72.34,28713.16,24.35,28.0,1.67,1.02,25.48,6.59,3.74,2.85,0.0239706484933929,0.0138314791484617,-0.0006508298309783,0.0233198186624145,0.0131806493174834,5.36,72.717,385.31,7.02,7.68,605.37,5.93,88.2,712.7022,41.3,118165.0,82.2825,83.3377,5.6,5.93047619047619,3619.9,0.0,125.4,-0.0141445073861647,-0.0090732962056748
1995-12-01,614.57,13.79,33.96,153.5,5.71,1294.42,29.04,514764.56,71.53,28444.94,25.03,28.75,1.74,1.01,26.04,6.5,3.65,2.84,0.0339904439363604,0.0217399866364058,-0.0006512536863199,0.0333391902500405,0.0210887329500859,5.14,72.9638,387.44,6.82,7.49,615.93,5.71,91.0,715.1002,40.9,118325.0,82.1403,83.2653,5.6,5.7115,3629.5,0.0,125.7,-0.0289037461823488,-0.0250507496304526
1996-01-01,614.42,13.89,33.99,154.4,5.65,1286.56,29.09,512603.19,71.17,28354.69,24.76,28.42,1.87,0.99,26.13,6.62,3.62,3.0,-0.004207593996819,0.0034502621921525,0.0058460705634239,0.0016384765666049,0.0092963327555764,5.0,72.5712,399.45,6.81,7.47,636.02,5.65,89.3,721.7298,39.7,118317.0,81.1929,82.4552,5.6,5.652380952380953,3647.9,0.0,126.3,-0.0014673516939498,-0.0026737983844022
1996-02-01,649.54,14.0,34.01,154.9,5.81,1355.71,29.21,541124.14,70.99,28336.08,25.98,29.78,1.59,0.97,25.86,6.02,3.62,2.4,0.05414667939272,-0.0103867061888097,0.0032331098321471,0.0573797892248671,-0.0071535963566625,4.83,73.6207,404.76,6.99,7.63,640.43,5.81,88.5,723.945,41.3,118737.0,81.9426,83.2784,5.5,5.8055,3661.8,0.0,126.2,0.0260884360842978,0.0211928461516397
1996-03-01,647.07,14.1,34.04,155.7,6.27,1343.61,29.28,537270.49,70.68,28263.85,25.63,29.36,1.28,0.99,24.98,6.19,3.84,2.35,-0.0071470430147847,-0.0346218686462797,0.0051513314171295,-0.0019957115976552,-0.0294705372291502,4.96,73.5141,396.21,7.35,8.03,645.5,6.27,93.7,727.1887,41.1,118992.0,81.3175,82.7819,5.5,6.268571428571428,3686.9,0.0,126.4,0.0502197569790263,0.0510966826623045
1996-04-01,647.17,14.16,34.33,156.3,6.51,1338.66,29.28,536266.52,71.01,28446.98,25.42,29.1,1.13,0.99,24.58,6.21,3.74,2.46,-0.0018703971699856,-0.0161424005595429,0.0038461585874785,0.0019757614174928,-0.0122962419720644,4.95,74.2491,392.85,7.5,8.19,654.17,6.51,92.7,731.9809,41.1,119158.0,81.8655,83.2259,5.6,6.511363636363637,3697.7,0.0,127.4,0.0202027073175194,0.0197293699063078
1996-05-01,661.23,14.21,34.62,156.6,6.74,1365.13,29.34,547847.04,71.47,28683.61,25.81,29.52,0.83,0.99,24.25,5.84,3.77,2.07,0.0213648476035238,-0.0135164867543965,0.0019175461292716,0.0232823937327954,-0.0115989406251248,5.02,74.8142,391.93,7.62,8.3,669.12,6.74,89.4,736.1981,41.4,119496.0,82.0776,83.4707,5.6,6.736818181818182,3709.6,0.0,128.1,0.0158733491562901,0.0133416169375743
1996-06-01,668.5,14.27,34.91,156.7,6.91,1379.25,29.44,554501.61,72.03,28956.85,25.97,29.67,0.59,1.01,24.08,5.4,3.87,1.53,0.0120735864048423,-0.0070349969428719,0.0006383658052722,0.0127119522101145,-0.0063966311375996,5.09,75.3726,385.27,7.71,8.4,670.63,6.91,92.4,741.3047,41.5,119770.0,82.3885,83.7026,5.3,6.912000000000001,3722.5,0.0,128.0,0.0117418178766831,0.0119761910467156
1996-07-01,644.07,14.4,35.27,157.0,6.87,1326.31,29.65,534210.25,72.64,29256.69,24.86,28.38,0.82,1.02,24.24,5.84,3.83,2.01,-0.0372802222409083,0.0066225407604934,0.0019126559863329,-0.0353675662545753,0.0085351967468264,5.15,75.3738,383.47,7.65,8.35,639.95,6.87,94.7,745.2041,41.4,120019.0,82.2976,83.3175,5.5,6.865454545454545,3737.1,0.0,128.0,-0.0078125397367936,-0.0059701669865039
1996-08-01,662.68,14.53,35.64,157.3,6.64,1362.03,29.86,549600.03,73.25,29555.64,25.41,28.99,0.96,0.99,24.74,5.76,3.81,1.95,0.0284013074313111,0.020417205763228,0.0019090047159241,0.0303103121472353,0.0223262104791522,5.05,75.7557,387.35,7.46,8.18,651.99,6.64,95.3,748.1998,41.5,120198.0,82.221,83.3523,5.1,6.635454545454545,3744.0,0.0,128.3,-0.025150233622775,-0.0205693882481084
1996-09-01,674.88,14.66,36.0,157.8,6.83,1382.71,30.04,558954.7,73.76,29816.22,25.68,29.27,0.72,1.03,24.46,5.9,4.15,1.75,0.0168776368110028,-0.0113822367053154,0.0031735983475417,0.0200512351585446,-0.0082086383577736,5.09,76.2302,383.14,7.66,8.35,687.33,6.83,94.7,758.824,41.6,120400.0,82.4091,83.4837,5.2,6.832000000000001,3753.4,0.0,128.2,0.0264565695368304,0.0205693882481084
1996-10-01,701.46,14.74,36.91,158.3,6.53,1432.63,30.1,580148.11,75.38,30526.71,26.48,30.16,0.92,1.03,25.05,5.94,3.99,1.95,0.037215000705793,0.0238346972718474,0.0031635584751924,0.0403785591809855,0.0269982557470399,4.99,76.2157,381.07,7.39,8.07,705.27,6.53,96.5,766.2964,41.4,120665.0,81.8763,83.0746,5.2,6.533636363636364,3772.8,0.0,128.0,-0.0358842487923895,-0.0341080565809065
1996-11-01,735.67,14.82,37.82,158.6,6.2,1499.66,30.21,608310.35,77.1,31272.58,27.59,31.38,1.11,1.0,25.75,5.66,3.87,1.79,0.0474017628027641,0.0275607995788714,0.0018933423137809,0.0492951051165451,0.0294541418926523,5.03,76.8973,377.85,7.1,7.79,757.02,6.2,99.2,772.1146,41.5,120947.0,82.1457,83.4158,5.4,6.203684210526316,3795.1,0.0,128.2,-0.0400329509128406,-0.0353126223992005
1996-12-01,743.25,14.9,38.73,158.6,6.3,1515.11,30.37,615604.81,78.95,32078.54,27.72,31.51,0.99,0.98,25.69,5.75,3.95,1.8,0.0119200196366173,-0.0023328159879529,0.0,0.0119200196366173,-0.0023328159879529,4.91,77.3772,369.0,7.2,7.89,740.74,6.3,96.9,778.5077,41.7,121143.0,82.3823,83.5292,5.4,6.302380952380952,3818.6,0.0,129.1,0.0139862419747398,0.0127552749751258
1997-01-01,766.22,14.95,39.23,159.1,6.58,1557.02,30.39,633664.38,79.73,32445.96,28.33,32.17,0.6,1.02,25.23,5.48,3.98,1.5,0.0289142297373013,-0.0180680484688258,0.0031476261429935,0.0320618558802949,-0.0149204223258322,5.03,77.5135,355.11,7.42,8.09,786.16,6.58,97.4,782.1925,41.4,121357.0,82.0396,83.2734,5.3,6.579047619047619,3834.6,0.0,129.7,0.0300980311572793,0.0250325962126175
1997-02-01,798.39,15.01,39.74,159.6,6.42,1617.31,30.4,659231.45,80.5,32810.63,29.27,33.19,0.64,0.99,25.58,5.18,3.86,1.32,0.0395552416150974,0.0137770334977302,0.0031377496719671,0.0426929912870646,0.0169147831696973,5.01,78.4255,346.58,7.31,7.94,790.82,6.42,99.7,788.9324,41.6,121674.0,82.7007,83.8357,5.2,6.419473684210526,3846.3,0.0,128.5,-0.014935783417602,-0.0187154558113559
1997-03-01,792.16,15.06,40.24,160.0,6.69,1600.68,30.43,653485.77,81.31,33195.65,28.8,32.64,0.4,0.99,25.15,4.91,4.11,0.8,-0.008753929032054,-0.0169528996049484,0.0025031302181184,-0.0062507988139356,-0.0144497693868299,5.14,78.9197,351.81,7.55,8.18,757.12,6.69,100.0,795.3782,41.8,121991.0,83.0126,83.9386,5.2,6.6945,3861.2,0.0,127.3,0.0323042894992463,0.0297788753556111
1997-04-01,763.93,15.09,40.34,160.2,6.89,1541.71,30.46,630447.2,81.42,33294.05,27.59,31.23,0.31,1.02,24.9,5.65,4.08,1.57,-0.0358913489325477,-0.0099900930750862,0.0012492194004318,-0.0346421295321158,-0.0087408736746544,5.16,78.9848,344.47,7.73,8.34,801.34,6.89,101.4,803.8042,41.8,122288.0,82.4587,83.5773,5.1,6.885454545454545,3877.0,0.0,127.0,0.0235612993383972,0.0193710657559997
1997-05-01,833.09,15.13,40.45,160.1,6.71,1682.33,30.55,688993.14,81.68,33450.77,29.93,33.84,0.17,1.02,25.39,5.0,3.81,1.19,0.0888019056681913,0.0194875922459251,-0.0006244146315898,0.0881774910366015,0.0188631776143352,5.05,79.4296,343.84,7.58,8.2,848.28,6.71,103.2,808.9736,41.7,122560.0,82.5499,83.6033,4.9,6.710952380952381,3889.2,0.0,127.4,-0.0195956629450503,-0.016929062100448
1997-06-01,876.29,15.16,40.55,160.3,6.49,1767.36,30.58,724860.29,81.78,33542.65,31.26,35.31,0.22,1.03,25.9,4.49,3.34,1.15,0.0507476183312467,0.0198875729889049,0.0012484396128382,0.051996057944085,0.0211360126017432,4.93,79.7971,340.76,7.41,8.02,885.14,6.49,104.5,813.3984,41.6,122816.0,82.5533,83.5281,5.0,6.493809523809524,3906.0,0.0,127.2,-0.0226827603462848,-0.0221957323917843
1997-07-01,925.29,15.22,40.58,160.5,6.22,1863.87,30.65,765486.57,81.74,33571.58,32.77,36.97,0.33,1.0,26.53,3.98,3.22,0.76,0.0545327380183044,0.0240331994441564,0.0012468829545631,0.0557796209728675,0.0252800823987195,5.05,80.4666,324.1,7.14,7.75,954.31,6.22,107.1,816.7129,41.6,123114.0,82.6438,83.75,4.9,6.220454545454545,3923.9,0.0,126.9,-0.0371176629565025,-0.0342455785131674
1997-08-01,927.24,15.27,40.61,160.8,6.3,1864.31,30.71,766719.63,81.65,33579.75,32.59,36.73,0.23,1.01,26.46,3.54,3.57,-0.03,0.0016095226167253,-0.0026420094628386,0.0018674141747954,0.0034769367915208,-0.0007745952880432,5.14,81.2825,324.01,7.22,7.82,899.47,6.3,104.4,822.9157,41.7,123086.0,83.1003,84.0989,4.8,6.298571428571429,3957.4,0.0,127.2,0.0111421765532418,0.008991711191964
1997-09-01,937.02,15.33,40.64,161.2,6.21,1879.3,30.75,773937.68,81.51,33566.87,32.67,36.78,0.29,1.02,26.71,3.73,3.61,0.12,0.0093701600804768,0.0094038684350598,0.0024844733276617,0.0118546334081386,0.0118883417627215,4.95,82.0327,322.82,7.15,7.7,947.28,6.21,106.0,830.3257,41.7,123575.0,83.2745,84.3562,4.9,6.208571428571428,3973.1,0.0,127.5,-0.0097425961988184,-0.0154642256975815
1997-10-01,951.16,15.39,40.33,161.6,6.03,1902.94,30.78,784728.54,80.69,33275.89,32.9,37.0,0.44,1.02,27.14,3.87,3.45,0.41,0.013846495507309,0.0159706272848535,0.0024783160144672,0.0163248115217762,0.0184489432993208,4.97,82.7656,324.87,7.0,7.57,914.62,6.03,105.6,834.4586,41.8,123924.0,83.4379,84.5733,4.7,6.029545454545455,3992.3,0.0,127.8,-0.021202207650603,-0.0170272614102807
1997-11-01,938.92,15.44,40.03,161.5,5.88,1879.61,30.92,776172.33,80.13,33088.67,32.34,36.32,0.63,1.01,27.59,3.41,3.57,-0.16,-0.0109632787889781,0.0164447338224715,-0.0006190034242837,-0.0115822822132618,0.0158257303981878,5.14,83.427,306.04,6.87,7.42,955.4,5.88,107.2,839.8971,41.8,124226.0,83.6379,84.6992,4.6,5.875,4014.8,0.0,127.9,-0.0187460428210553,-0.0200140102700683
1997-12-01,962.37,15.5,39.72,161.3,5.81,1928.94,31.07,797613.15,79.61,32919.97,33.03,37.06,0.62,1.03,27.91,3.26,3.54,-0.28,0.0272491352020616,0.011531659319036,-0.0012391575315479,0.0260099776705136,0.0102925017874881,5.16,83.784,288.74,6.76,7.32,970.43,5.81,102.1,844.8364,42.0,124549.0,83.4425,84.5069,4.7,5.808636363636364,4032.9,0.0,126.8,-0.0161412161793852,-0.0135687292060687
1998-01-01,963.36,15.55,39.66,161.6,5.54,1927.34,31.11,798023.42,79.35,32853.36,32.86,36.83,0.9,1.0,28.57,2.5,3.58,-1.08,0.0005142399174784,0.0233721686944508,0.0018581609558318,0.0023724008733102,0.0252303296502826,5.04,84.1564,289.1,6.61,7.19,980.28,5.54,106.6,855.3153,41.9,124806.0,83.4547,84.3255,4.6,5.5445,4056.2,0.0,125.4,-0.0224392361912777,-0.0179191562402648
1998-02-01,1023.74,15.6,39.6,161.9,5.57,2044.35,31.15,847544.18,79.08,32784.45,34.71,38.86,0.7,1.0,28.58,1.69,3.58,-1.89,0.0602050222993242,0.0003499562590396,0.0018547145965944,0.0620597368959187,0.0022046708556341,5.09,84.3066,297.49,6.67,7.25,1049.34,5.57,110.4,862.0974,41.7,125017.0,82.986,83.9236,4.6,5.574736842105263,4088.9,0.0,125.0,0.0090362060639373,0.008310297133628
1998-03-01,1076.83,15.64,39.54,162.2,5.65,2146.39,31.17,890925.01,78.81,32713.78,36.3,40.58,0.47,1.01,28.49,0.83,3.75,-2.92,0.0499172923785971,-0.0031540239919044,0.001851280997723,0.0517685733763201,-0.0013027429941814,5.03,84.342,295.94,6.72,7.32,1101.75,5.65,106.5,865.7996,41.5,125165.0,82.2462,83.4139,4.7,5.647272727272727,4114.3,0.0,124.7,0.0074682946075257,0.0096088591066368
1998-04-01,1112.2,15.75,39.35,162.5,5.64,2212.8,31.34,919573.79,78.29,32534.82,37.28,41.63,0.37,1.0,28.59,0.87,3.54,-2.67,0.031650030892447,0.0035038578244035,0.0018478600884796,0.0334978909809267,0.0053517179128831,4.95,84.6339,308.29,6.69,7.33,1111.75,5.64,108.7,864.2988,41.2,125446.0,82.0305,83.1697,4.3,5.637619047619047,4140.2,0.0,124.9,-0.0044742803949209,0.0013651879253399
1998-05-01,1108.42,15.85,39.16,162.8,5.65,2201.21,31.48,915849.73,77.77,32356.58,36.96,41.22,0.37,1.02,28.65,1.08,3.29,-2.21,-0.0040579899623686,0.0020964368265281,0.0018444517986477,-0.0022135381637209,0.0039408886251758,5.0,85.1867,299.1,6.69,7.3,1090.82,5.65,106.5,875.6518,41.5,125846.0,81.9002,83.1957,4.4,5.6525,4164.4,0.0,125.1,0.0,-0.0041011677442146
1998-06-01,1108.39,15.95,38.97,163.0,5.5,2198.45,31.64,915798.13,77.3,32198.64,36.8,40.99,0.5,1.01,29.08,0.54,2.88,-2.34,-5.634270772289283e-05,0.0148972095045699,0.0012277472383223,0.0011714045305994,0.0161249567428923,4.98,84.6809,292.32,6.53,7.13,1133.84,5.5,105.6,891.15,41.4,126076.0,80.7548,82.2129,4.5,5.496363636363636,4184.1,0.0,124.8,-0.0242069308517974,-0.0235631137281408
1998-07-01,1156.58,16.02,38.68,163.2,5.46,2291.22,31.73,955545.08,76.62,31953.98,38.26,42.56,0.41,1.01,29.26,-0.56,2.87,-3.43,0.0424859837642323,0.0061707429266596,0.0012262417232442,0.0437122254874766,0.0073969846499039,4.96,84.3445,292.87,6.55,7.15,1120.67,5.46,105.2,897.8608,41.4,126211.0,79.9133,81.4369,4.5,5.461363636363637,4203.8,0.0,124.9,0.0030581063588208,0.0028011222797117
1998-08-01,1074.62,16.08,38.38,163.4,5.34,2126.25,31.82,887850.5,75.95,31712.26,35.42,39.36,0.7,1.05,29.63,0.42,2.92,-2.5,-0.0734785690917138,0.0125659659934954,0.0012247398958958,-0.0722538291958179,0.0137907058893913,4.9,86.0816,284.11,6.52,7.14,957.28,5.34,104.4,904.3571,41.4,126546.0,81.3772,82.6826,4.5,5.341904761904762,4228.7,0.0,124.2,-0.0045906737085989,-0.0013995803544233
1998-09-01,1020.64,16.14,38.09,163.6,4.81,2016.98,31.9,843331.26,75.27,31472.89,33.53,37.21,1.34,1.03,30.96,0.46,2.69,-2.23,-0.0514435384104658,0.0439086871360524,0.001223241742744,-0.0502202966677218,0.0451319288787964,4.61,86.0023,288.98,6.4,7.09,1017.01,4.81,100.9,912.8299,41.3,126744.0,80.8336,82.1974,4.6,4.806666666666667,4267.7,0.0,123.8,-0.0185763855729353,-0.0070274358074568
1998-10-01,1032.47,16.17,37.96,164.0,4.53,2035.38,31.87,852135.83,74.84,31332.52,33.77,37.44,1.59,0.98,31.7,-1.79,2.48,-4.27,0.0103861044527383,0.0236206321617084,0.0024420036555518,0.0128281081082901,0.0260626358172602,3.96,86.591,295.93,6.37,7.18,1098.67,4.53,97.4,932.1106,41.4,126948.0,81.0849,82.3679,4.5,4.529999999999999,4307.9,0.0,124.0,-0.0046985207815542,0.0126140425160966
1998-11-01,1144.43,16.18,37.84,164.0,4.83,2256.09,31.9,945653.64,74.59,31264.83,37.37,41.38,0.99,1.02,31.07,-3.49,3.15,-6.64,0.1041304319261576,-0.0200739574782788,0.0,0.1041304319261576,-0.0200739574782788,4.41,86.5115,294.12,6.41,7.34,1163.63,4.83,102.7,942.2355,41.4,127223.0,80.7766,81.9145,4.4,4.827368421052632,4346.6,0.0,123.6,0.0062598013485067,0.0220394595662915
1998-12-01,1190.05,16.2,37.71,163.9,4.65,2347.46,31.96,985066.05,74.39,31214.52,38.82,42.93,1.05,1.0,31.66,-3.82,4.06,-7.88,0.0408323238302039,0.01881133104791,-0.0006099420744144,0.0402223817557894,0.0182013889734956,4.39,86.8615,291.68,6.22,7.23,1229.23,4.64,100.5,938.7909,41.5,127595.0,80.8274,81.8823,4.4,4.645,4375.6,0.0,122.8,-0.0300893641814906,-0.0150998064557508
1999-01-01,1248.77,16.28,37.93,164.3,4.72,2457.29,32.04,1032275.57,74.64,31356.98,40.58,44.81,0.84,0.98,31.53,-4.41,3.99,-8.4,0.0468122408289144,-0.0041145808958966,0.0024375392934383,0.0492497801223527,-0.0016770416024582,4.34,87.2205,287.08,6.24,7.29,1279.64,4.72,103.9,937.4063,41.3,127699.0,80.6414,81.8698,4.3,4.722105263157895,4403.0,0.0,122.9,0.0032102756302481,0.0082645098498934
1999-02-01,1246.58,16.37,38.16,164.5,5.0,2450.0,32.17,1030338.46,74.99,31537.71,40.4,44.56,0.54,0.99,30.92,-5.1,3.84,-8.94,-0.0018783064027891,-0.0195362498377482,0.001216545162204,-0.0006617612405851,-0.0183197046755441,4.44,87.726,287.33,6.4,7.39,1238.33,5.0,108.1,935.6172,41.4,128118.0,80.9622,82.0031,4.4,4.998947368421053,4425.8,0.0,122.3,0.02531780798429,0.0136241889395436
1999-03-01,1281.66,16.45,38.38,165.0,5.23,2511.31,32.23,1057252.72,75.2,31660.0,41.36,45.55,0.23,1.01,30.41,-5.92,4.06,-9.98,0.0257864198738782,-0.0166317220299479,0.0030349036951541,0.0288213235690323,-0.0135968183347938,4.44,87.9125,285.96,6.62,7.53,1286.37,5.23,105.7,944.2363,41.3,128234.0,80.5865,81.8486,4.2,5.232608695652174,4432.6,0.0,122.6,0.0337973795832907,0.0187673068516919
1999-04-01,1334.76,16.45,39.26,166.2,5.18,2596.47,32.0,1094228.17,76.37,32185.11,42.7,46.97,0.21,0.98,30.44,-5.18,3.95,-9.12,0.0343754770732294,0.0009860313042118,0.007246408520767,0.0416218855939965,0.0082324398249789,4.29,88.1082,282.62,6.64,7.48,1335.18,5.18,104.6,947.1871,41.3,128596.0,80.5084,81.7151,4.3,5.184545454545455,4461.4,0.0,123.6,0.0030165935394255,-0.0066622498254163
1999-05-01,1332.07,16.45,40.14,166.2,5.54,2591.24,32.0,1093146.72,78.08,32940.39,42.56,46.75,-0.2,0.98,29.74,-4.58,3.87,-8.45,-0.000988810919481,-0.0232645919614761,0.0,-0.000988810919481,-0.0232645919614761,4.5,88.6483,276.44,6.93,7.72,1301.84,5.54,106.8,942.0807,41.4,128813.0,80.7975,81.9082,4.2,5.539499999999999,4486.1,0.0,124.7,0.0427478497134694,0.0315815720502988
1999-06-01,1322.55,16.45,41.02,166.2,5.9,2572.72,32.0,1086459.21,79.8,33697.45,42.18,46.27,-0.57,1.01,29.07,-4.33,3.66,-8.0,-0.006136458791396,-0.0227862264612243,0.0,-0.006136458791396,-0.0227862264612243,4.57,88.5903,261.31,7.23,8.02,1372.71,5.9,107.3,949.8025,41.3,129084.0,80.2671,81.5543,4.3,5.899545454545454,4508.0,0.0,125.2,0.0423792229688615,0.0381240578417382
1999-07-01,1380.99,16.51,42.0,166.7,5.79,2678.35,32.03,1132191.33,81.46,34433.29,43.83,48.01,-0.54,0.99,29.37,-4.59,3.75,-8.34,0.041231007491716,0.0102670306397441,0.0030039073354003,0.0442349148271164,0.0132709379751445,4.55,89.1098,256.08,7.19,7.95,1328.72,5.79,106.0,958.6382,41.4,129421.0,80.2626,81.7388,4.3,5.791904761904762,4535.4,0.0,125.7,-0.0055478644377179,-0.0087664932121825
1999-08-01,1327.49,16.58,42.98,167.1,5.94,2568.42,32.07,1086854.46,83.16,35188.97,41.93,45.87,-0.58,1.01,29.11,-3.47,3.82,-7.29,-0.0408672772029743,-0.0088919874529969,0.0023966458445996,-0.0384706313583746,-0.0064953416083972,4.72,89.5007,256.69,7.4,8.15,1320.41,5.94,104.5,969.3807,41.5,129572.0,80.4289,81.8026,4.2,5.9390909090909085,4552.7,0.0,126.9,0.0287888284771687,0.0248459985865308
1999-09-01,1318.17,16.64,43.96,167.9,5.92,2538.24,32.04,1075211.58,84.65,35857.52,41.32,45.15,-0.51,0.99,29.16,-3.03,3.99,-7.02,-0.0107702469124336,0.0017161493829254,0.0047761284821472,-0.0059941184302864,0.0064922778650726,4.68,89.1304,264.74,7.39,8.2,1282.71,5.92,107.2,975.6399,41.4,129772.0,79.7688,81.1741,4.2,5.915238095238095,4568.8,0.0,128.0,-0.0013522652500137,0.006116227017436
1999-10-01,1300.01,16.66,45.36,168.2,6.11,2498.81,32.02,1059637.62,87.19,36975.63,40.55,44.26,-0.68,1.01,28.84,-2.66,4.13,-6.8,-0.01459047906875,-0.011034594723709,0.0017851834553524,-0.0128052956133975,-0.0092494112683566,4.86,90.2709,310.72,7.55,8.38,1362.93,6.11,103.2,979.0983,41.4,130178.0,80.5947,81.9218,4.1,6.112,4592.7,0.0,127.7,0.021419828300823,0.0217137602237844
1999-11-01,1391.0,16.67,46.77,168.3,6.03,2672.11,32.03,1134261.71,89.84,38134.9,43.21,47.09,-0.77,0.99,29.14,-3.13,4.04,-7.17,0.0680549817620021,0.0103484883503104,0.0005943536579128,0.068649335419915,0.0109428420082233,5.07,90.7528,293.18,7.36,8.15,1388.91,6.03,107.2,1000.2986,41.4,130467.0,80.816,82.0702,4.1,6.034,4611.8,0.0,128.3,-0.0254876305201484,-0.0278299872412204
1999-12-01,1428.68,16.69,48.17,168.3,6.28,2744.5,32.06,1166121.2,92.53,39317.45,44.2,48.11,-1.09,0.98,28.75,-3.17,4.06,-7.23,0.0277010641265851,-0.0134740335236993,0.0,0.0277010641265851,-0.0134740335236993,5.2,91.4784,283.07,7.55,8.19,1469.25,6.28,105.4,1000.6226,41.4,130783.0,81.051,82.4391,4.0,6.275454545454545,4639.3,0.0,127.8,0.0254876305201483,0.0048959706122066
2000-01-01,1425.59,16.71,49.1,168.8,6.66,2730.45,32.01,1161285.84,94.04,39994.15,43.77,47.59,-1.52,1.02,28.03,-3.03,4.2,-7.23,-0.00415515367436,-0.0253624020666624,0.0029664809650965,-0.0011886727092635,-0.0223959211015659,5.32,91.4092,284.32,7.78,8.33,1394.46,6.66,112.0,1003.1482,41.5,131011.0,80.728,82.0932,4.0,6.661,4667.6,0.0,128.3,0.0300087749293669,0.0169495583137734
2000-02-01,1388.87,16.74,50.02,169.8,6.52,2644.45,31.87,1125840.2,95.25,40549.71,42.19,45.81,-1.28,1.02,28.3,-3.02,4.16,-7.18,-0.0309982726122185,0.0095864394724949,0.0059066917153901,-0.0250915808968283,0.0154931311878851,5.55,91.7245,299.86,7.68,8.29,1366.42,6.52,111.3,1016.2395,41.5,131121.0,80.5879,82.0943,4.1,6.519499999999999,4680.9,0.0,129.8,-0.0129367910307194,-0.0048134870315478
2000-03-01,1442.21,16.76,50.95,171.2,6.26,2723.56,31.65,1160641.13,96.22,41002.81,43.22,46.88,-1.05,1.03,28.76,-2.79,3.95,-6.75,0.030442949361403,0.0161237282036539,0.0082111898303946,0.0386541391917976,0.0243349180340486,5.69,92.083,286.39,7.68,8.37,1498.58,6.26,107.1,1026.2416,41.4,131604.0,80.782,82.134,4.0,6.256521739130435,4711.7,0.0,130.8,0.0,0.0096039153541803
2000-04-01,1461.36,16.74,51.27,171.3,5.99,2758.11,31.59,1176487.84,96.77,41278.3,43.53,47.16,-0.81,0.97,29.47,-2.55,3.61,-6.16,0.0135610426775612,0.0243872638967573,0.0005839416224326,0.0141449842999939,0.02497120551919,5.66,92.6659,279.69,7.64,8.4,1452.43,5.99,109.2,1035.2058,41.6,131883.0,80.963,82.3741,3.8,5.990526315789474,4767.8,0.0,130.7,-0.0052219439811517,0.0035778213478841
2000-05-01,1418.48,16.72,51.6,171.5,6.44,2674.06,31.52,1141755.39,97.27,41530.91,41.97,45.41,-1.18,1.03,28.62,-2.86,4.31,-7.17,-0.0299666994951338,-0.0292670226212983,0.0011668612759203,-0.0287998382192134,-0.028100161345378,5.79,92.9347,275.19,7.99,8.9,1420.6,6.44,110.7,1051.7891,41.2,132105.0,80.6424,82.335,4.0,6.440454545454545,4755.7,0.0,131.6,0.0447931565997543,0.0578195708888262
2000-06-01,1461.96,16.7,51.92,172.4,6.1,2741.64,31.32,1171724.26,97.37,41612.58,42.78,46.25,-0.89,1.01,29.34,-3.45,4.28,-7.73,0.0259094965411094,0.0248459985865308,0.0052340916235981,0.0311435881647076,0.0300800902101289,5.69,93.0018,285.73,7.67,8.48,1454.6,6.1,106.4,1062.7574,41.3,132062.0,80.4613,82.1191,4.0,6.097272727272728,4773.6,0.0,133.8,-0.0408741443990185,-0.0483408269342824
2000-07-01,1473.0,16.58,52.51,172.8,6.05,2755.95,31.03,1178944.77,98.25,42030.09,42.76,46.17,-0.86,1.02,29.53,-3.53,4.41,-7.93,0.0061433852380325,0.0064549230409957,0.0023174981403624,0.008460883378395,0.0087724211813582,5.96,92.8373,281.59,7.65,8.35,1430.83,6.05,108.3,1068.6389,41.5,132228.0,80.2097,81.7036,4.0,6.054,4791.3,0.0,133.7,-0.0026109675407202,-0.0154489109410477
2000-08-01,1485.46,16.47,53.11,172.8,5.83,2779.26,30.81,1190015.66,99.36,42544.24,42.87,46.24,-0.74,1.01,30.16,-3.55,4.47,-8.02,0.0093466910264481,0.021109847383924,0.0,0.0093466910264481,0.021109847383924,6.09,92.591,274.47,7.55,8.26,1517.68,5.83,107.3,1071.8339,41.1,132234.0,79.3699,81.2193,4.1,5.826086956521739,4819.5,0.0,132.9,-0.0131580845775111,-0.0108369513298773
2000-09-01,1468.05,16.35,53.7,173.7,5.8,2732.45,30.43,1171060.59,99.95,42836.38,41.9,45.15,-0.68,1.01,30.22,-3.08,4.52,-7.59,-0.0160566413229433,0.0019874137048381,0.0051948168771039,-0.0108618244458393,0.0071822305819421,6.0,92.9827,273.68,7.62,8.35,1436.51,5.8,106.8,1073.3289,41.1,132338.0,79.4489,81.2955,3.9,5.799,4855.2,0.0,134.7,0.0092288064376217,0.0108369513298774
2000-10-01,1390.14,16.32,52.47,174.0,5.74,2582.98,30.33,1108083.24,97.49,41821.28,39.37,42.38,-0.52,1.01,30.45,-2.11,4.55,-6.66,-0.0552781135207331,0.0075820373113126,0.0017256259674698,-0.0535524875532632,0.0093076632787824,6.11,92.64,270.0,7.55,8.34,1429.4,5.74,105.8,1078.8326,41.1,132352.0,78.8277,80.7298,3.9,5.738571428571428,4871.3,0.0,135.4,-0.0092288064376215,-0.0011983224921086
2000-11-01,1378.04,16.3,51.23,174.1,5.72,2559.03,30.26,1098889.27,95.14,40854.95,38.78,41.71,-0.47,1.04,30.63,-1.8,4.3,-6.1,-0.0083317967437336,0.0058939266887777,0.0005745475596143,-0.0077572491841193,0.0064684742483921,6.17,92.6604,266.01,7.45,8.28,1314.95,5.72,107.6,1080.5634,41.1,132556.0,78.3126,80.4815,3.9,5.717142857142857,4882.7,0.0,135.0,-0.0133335308694651,-0.0072202479734871
2000-12-01,1330.93,16.27,50.0,174.0,5.24,2472.96,30.23,1063014.14,92.9,39935.01,37.27,40.06,0.1,1.01,31.93,-1.13,3.4,-4.53,-0.0331915138664246,0.0415660858820068,-0.0005745475596142,-0.0337660614260388,0.0409915383223926,5.77,92.3457,271.45,7.21,8.02,1320.28,5.24,98.4,1084.8969,40.3,132716.0,77.5418,79.9449,3.9,5.2405,4927.6,0.0,136.2,-0.0327450810946104,-0.0319045465187452
2001-01-01,1335.63,16.17,48.48,175.1,5.16,2466.11,29.86,1061135.95,89.51,38516.56,36.98,39.71,0.21,1.01,32.06,-0.82,3.25,-4.07,-0.0017684159874702,0.0040631404547163,0.0063019400772771,0.0045335240898069,0.0103650805319935,5.15,91.8908,265.49,7.15,7.93,1366.01,5.16,94.7,1093.6156,40.7,132703.0,76.9434,79.2915,4.2,5.160952380952381,4978.3,0.0,140.0,-0.0083565945909414,-0.0112853862316665
2001-02-01,1305.75,16.07,46.96,175.8,5.1,2401.34,29.55,1034325.78,86.36,37198.5,35.83,38.46,0.38,1.02,32.22,-0.3,3.02,-3.32,-0.0255901910983187,0.0049782305674212,0.0039897459592705,-0.0216004451390482,0.0089679765266917,4.88,91.2851,261.87,7.1,7.87,1239.94,5.1,90.6,1093.8498,40.5,132788.0,76.1462,78.5159,4.2,5.098947368421053,5017.0,0.0,137.4,-0.0070175726586466,-0.0075949732174447
2001-03-01,1185.85,15.97,45.44,176.2,4.89,2175.88,29.3,938268.55,83.38,35953.05,32.33,34.68,0.9,0.98,32.81,0.46,2.9,-2.44,-0.097468864473553,0.018145969224182,0.0022727282510023,-0.0951961362225506,0.0204186974751844,4.42,91.0585,263.03,6.98,7.84,1160.33,4.89,91.5,1092.1973,40.5,132751.0,75.7103,78.0741,4.3,4.885454545454546,5074.8,0.0,135.9,-0.0170458672729884,-0.0038192280669953
2001-04-01,1189.84,15.88,42.56,176.9,5.14,2174.57,29.02,938742.95,77.78,33575.75,32.17,34.5,0.69,0.99,32.18,0.61,3.02,-2.41,0.0005054843937837,-0.0193882054087732,0.0039648876636605,0.0044703720574442,-0.0154233177451126,3.87,90.7384,260.48,7.2,8.07,1249.46,5.14,88.4,1089.2749,40.4,132457.0,75.169,77.561,4.4,5.141,5139.1,1.0,136.4,0.0310321092477284,0.0289146479195409
2001-05-01,1270.37,15.78,39.67,177.7,5.39,2311.29,28.72,998799.17,72.18,31192.25,34.07,36.52,0.29,1.01,31.56,0.01,3.46,-3.45,0.0620120343446163,-0.0194546455865636,0.004512133994866,0.0665241683394824,-0.0149425115916975,3.62,90.2607,272.36,7.29,8.07,1255.82,5.39,92.0,1083.9579,40.4,132409.0,74.5288,76.9249,4.3,5.391363636363637,5137.2,1.0,136.8,0.0124225199985571,0.0
2001-06-01,1238.71,15.69,36.79,178.0,5.28,2249.89,28.5,973292.06,66.82,28907.02,33.07,35.43,0.47,1.01,31.92,-0.09,3.53,-3.62,-0.0258695258225272,0.0113422766039345,0.0016868151314795,-0.0241827106910476,0.013029091735414,3.49,89.7811,270.23,7.18,7.97,1224.38,5.28,92.6,1071.9119,40.3,132299.0,73.8967,76.3013,4.5,5.284285714285714,5180.1,1.0,135.5,-0.015204162960434,-0.0124689894797338
2001-07-01,1204.45,15.71,33.96,177.5,5.24,2193.83,28.61,950070.11,61.86,26790.28,32.16,34.45,0.55,1.03,32.24,0.45,3.44,-2.99,-0.0241484197140486,0.0099751450568195,-0.0028129413766146,-0.0269613610906632,0.0071622036802049,3.51,89.2352,267.53,7.13,7.97,1211.23,5.24,92.4,1063.9525,40.6,132171.0,73.3474,75.6377,4.6,5.236190476190477,5210.0,1.0,133.4,-0.0069881486339282,0.0
2001-08-01,1178.5,15.72,31.14,177.5,4.97,2146.56,28.64,930634.3,56.71,24587.91,31.4,33.63,0.87,1.02,33.07,-0.47,3.8,-4.27,-0.0206693851990762,0.0254186093552738,0.0,-0.0206693851990762,0.0254186093552738,3.36,89.157,272.39,7.02,7.85,1133.58,4.97,91.5,1055.8851,40.3,132021.0,72.8863,75.3826,4.9,4.971304347826087,5243.8,1.0,133.4,-0.0155480163884849,-0.0151709610078066
2001-09-01,1044.64,15.74,28.31,178.3,4.73,1894.21,28.54,822257.98,51.33,22283.39,27.67,29.63,1.54,1.02,33.68,0.67,3.91,-3.23,-0.1238122065728207,0.0182776623804246,0.0044969159536242,-0.1193152906191964,0.0227745783340489,2.64,88.6749,283.42,7.17,8.03,1040.94,4.73,81.8,1059.5265,40.2,131763.0,72.448,74.7982,5.0,4.731764705882353,5355.1,1.0,133.3,0.0211424365738093,0.0226709961643532
2001-10-01,1076.59,15.74,27.1,177.7,4.57,1958.73,28.64,851303.67,49.31,21431.71,28.58,30.61,1.53,1.0,34.36,0.64,3.58,-2.94,0.0347147138347979,0.0199889077419286,-0.0033707897084892,0.0313439241263087,0.0166181180334393,2.16,88.4051,283.06,7.03,7.91,1059.78,4.57,82.7,1045.2523,40.1,131452.0,72.0152,74.4059,5.3,4.566818181818181,5343.8,1.0,130.3,-0.0197189487889553,-0.0150567461791077
2001-11-01,1129.68,15.74,25.9,177.4,4.65,2058.8,28.69,895833.67,47.2,20536.0,30.01,32.14,1.24,0.97,34.33,0.32,3.74,-3.43,0.05098585564729,-0.0008734896464539,-0.0016896652851263,0.0492961903621636,-0.0025631549315803,1.87,87.886,276.16,6.97,7.81,1139.45,4.65,83.9,1034.2084,40.0,131144.0,71.6324,73.8179,5.5,4.6515,5387.5,1.0,129.8,-0.008571481050141,-0.0127228179279679
2001-12-01,1144.93,15.74,24.69,176.7,5.09,2094.86,28.8,912567.92,45.17,19679.2,30.5,32.68,0.7,1.01,33.42,0.31,4.09,-3.78,0.0185077559816782,-0.0268650843023528,-0.0039536905498285,0.0145540654318497,-0.0308187748521814,1.69,87.8518,275.85,6.77,8.05,1148.08,5.09,88.8,1021.5675,40.2,130983.0,71.6786,73.6523,5.7,5.0875,5440.5,0.0,128.1,-0.0291141378482488,0.0302671275788776
2002-01-01,1140.21,15.74,24.69,177.1,5.04,2081.51,28.73,907796.09,45.08,19659.98,30.28,32.45,0.78,1.01,33.61,0.79,4.01,-3.23,-0.0052427326663851,0.0056691185697666,0.0022611654631371,-0.002981567203248,0.0079302840329037,1.65,88.4634,281.51,6.55,7.87,1130.2,5.04,93.0,1011.7855,40.2,130859.0,72.0677,74.042,5.7,5.035714285714286,5460.9,0.0,128.5,-0.033036037277023,-0.0226140290011602
2002-02-01,1100.67,15.73,24.7,177.8,4.91,2001.41,28.61,873905.38,44.91,19608.56,29.09,31.18,1.05,0.98,33.96,1.54,3.88,-2.34,-0.0380476739716453,0.0103597197061323,0.0039447782910165,-0.0341028956806288,0.0143044979971488,1.72,88.4578,295.5,6.51,7.89,1106.73,4.91,90.7,1016.4296,40.2,130736.0,71.9862,73.9315,5.7,4.911578947368421,5490.2,0.0,128.4,-0.0061255934266827,0.0025380724284708
2002-03-01,1153.79,15.73,24.7,178.8,5.28,2086.27,28.44,911992.83,44.66,19523.68,30.29,32.48,0.55,1.01,32.95,1.32,3.95,-2.62,0.0426600192759822,-0.0301921004946303,0.0056085396596096,0.0482685589355918,-0.0245835608350207,1.79,89.1265,294.06,6.81,8.11,1147.39,5.28,95.7,1012.0572,40.5,130722.0,72.438,74.401,5.7,5.284000000000001,5502.0,0.0,129.8,0.0450526639409431,0.0275017332695386
2002-04-01,1111.93,15.83,25.38,179.8,5.21,1999.4,28.47,875054.23,45.64,19973.27,29.01,31.1,0.81,1.01,33.09,1.71,4.0,-2.29,-0.0413462666213538,0.0042398609850045,0.0055772592981062,-0.0357690073232476,0.0098171202831107,1.71,89.5507,302.68,6.76,8.03,1076.92,5.21,93.0,1000.4692,40.6,130615.0,72.6108,74.683,5.9,5.210909090909091,5502.1,0.0,130.8,-0.0073692301065482,-0.0099133401686512
2002-05-01,1079.25,15.94,26.06,179.8,5.16,1940.64,28.66,850381.23,46.86,20533.64,28.13,30.17,0.95,1.02,33.36,1.69,4.18,-2.49,-0.0286011067619526,0.0081264555570251,0.0,-0.0286011067619526,0.0081264555570251,1.73,89.9348,314.49,6.75,8.09,1067.14,5.16,96.9,990.7703,40.6,130632.0,72.9601,74.948,5.8,5.164545454545455,5528.3,0.0,130.8,-0.0014803851704342,0.00744420311173
2002-06-01,1014.02,16.04,26.74,179.9,4.93,1822.33,28.83,799592.58,48.06,21085.49,26.39,28.32,1.38,1.03,34.08,2.22,4.16,-1.94,-0.0615824318746462,0.0213531244705688,0.0005560189189674,-0.0610264129556787,0.0219091433895363,1.7,90.6736,321.18,6.63,7.95,989.82,4.93,92.4,983.8954,40.7,130673.0,73.6517,75.5244,5.8,4.9265,5553.3,0.0,130.9,-0.0179377006866673,-0.0174568024041597
2002-07-01,903.59,15.96,27.84,180.1,4.65,1622.07,28.65,712770.76,49.98,21960.78,23.46,25.19,2.13,1.04,34.94,3.71,4.01,-0.3,-0.1149424689525215,0.0249216027447954,0.0011111112254229,-0.1138313577270985,0.0260327139702184,1.68,90.6436,313.29,6.53,7.9,911.62,4.65,88.1,976.6186,40.4,130583.0,73.5672,75.4765,5.8,4.653181818181818,5596.0,0.0,131.2,-0.0151978609094313,-0.0063091691932647
2002-08-01,912.55,15.88,28.94,180.7,4.26,1632.71,28.41,718488.83,51.78,22785.67,23.59,25.34,2.5,1.04,36.06,3.92,3.5,0.42,0.0079903051304216,0.0315519130692609,0.0033259454162724,0.011316250546694,0.0348778584855333,1.62,90.5505,310.26,6.37,7.58,916.07,4.26,87.6,972.4442,40.5,130582.0,73.639,75.39,5.7,4.257272727272727,5638.3,0.0,131.5,-0.0248074737042677,-0.0413495598186955
2002-09-01,867.81,15.8,30.04,181.0,3.87,1550.09,28.22,683165.62,53.66,23648.37,22.37,24.03,3.11,1.0,37.28,4.71,3.09,1.62,-0.0504128399271554,0.0332727720422191,0.0016588336676429,-0.0487540062595124,0.0349316057098621,1.63,90.6373,319.14,6.15,7.4,815.28,3.87,86.1,966.4242,40.5,130503.0,73.6825,75.4643,5.7,3.87,5662.3,0.0,132.3,-0.0351473877656454,-0.0240331994441562
2002-10-01,854.63,15.89,29.22,181.3,3.94,1524.02,28.34,672717.36,52.11,23002.99,21.96,23.61,3.1,0.99,37.12,4.85,3.12,1.73,-0.0154120480439213,-0.0043010818993906,0.0016560864949797,-0.0137559615489415,-0.0026449954044109,1.58,90.3988,316.56,6.32,7.73,885.76,3.94,80.6,963.2808,40.3,130617.0,73.4482,75.2771,5.7,3.940909090909091,5707.1,0.0,133.2,0.0272671263403395,0.0436288623892066
2002-11-01,909.93,15.98,28.41,181.3,4.05,1622.64,28.5,717294.67,50.66,22392.88,23.35,25.11,2.71,1.01,36.91,3.93,3.34,0.59,0.0641614613119013,-0.0056733908760926,0.0,0.0641614613119013,-0.0056733908760926,1.23,90.8947,319.07,6.31,7.62,936.31,4.05,84.2,960.7924,40.4,130616.0,73.8179,75.7113,5.9,4.048421052631579,5758.1,0.0,133.1,-0.0015835316056443,-0.0143324929007757
2002-12-01,899.18,16.07,27.59,180.9,4.03,1607.01,28.72,711445.8,49.31,21829.66,23.1,24.86,2.76,1.0,37.18,4.27,3.24,1.03,-0.0081874949244618,0.0072884652513907,-0.0022087253595559,-0.0103962202840178,0.0050797398918348,1.19,90.3906,331.92,6.21,7.45,879.82,4.03,86.7,957.7599,40.5,130465.0,73.387,75.3192,6.0,4.032380952380952,5779.4,0.0,132.9,-0.0159747806077343,-0.0225623373070867
2003-01-01,895.84,16.12,28.5,181.7,4.05,1594.0,28.68,706740.56,50.71,22484.04,22.9,24.65,2.77,1.02,37.08,4.74,3.07,1.67,-0.0066355979685942,-0.0026932415956436,0.004412583000876,-0.0022230149677182,0.0017193414052324,1.17,91.1369,356.859,6.17,7.35,855.7,4.05,82.4,950.1322,40.3,130573.0,73.9866,75.9737,5.8,4.048571428571428,5812.1,0.0,135.3,-0.0064620580280909,-0.0135137191667229
2003-02-01,837.03,16.17,29.41,183.1,3.9,1477.97,28.55,656350.41,51.93,23061.62,21.21,22.85,3.31,1.01,37.37,5.68,2.86,2.82,-0.0739688316530985,0.0077905027997381,0.0076754762783395,-0.066293355374759,0.0154659790780776,1.17,91.2505,358.97,5.95,7.06,841.15,3.9,79.9,941.2618,40.3,130441.0,73.9095,76.0964,5.9,3.9026315789473687,5848.2,0.0,137.6,-0.036307618359758,-0.0402552617195945
2003-03-01,846.63,16.22,30.32,184.2,3.81,1485.99,28.47,660967.22,53.22,23670.94,21.31,22.97,3.4,0.99,37.55,5.86,2.82,3.04,0.007009439178059,0.0048051347127513,0.0059896721407414,0.0129991113188004,0.0107948068534927,1.13,91.0006,340.55,5.89,6.95,848.18,3.81,77.6,937.7421,40.4,130235.0,73.9865,75.9158,5.9,3.8071428571428574,5868.4,0.0,141.2,-0.0101352218940431,-0.0157033919284498
2003-04-01,890.03,16.2,31.73,183.8,3.96,1565.56,28.5,697418.41,55.81,24863.3,22.43,24.19,2.97,1.04,37.29,5.46,3.1,2.35,0.0536812848490301,-0.0069481840194142,-0.0021739138996196,0.0515073709494104,-0.0091220979190339,1.13,90.4311,328.18,5.74,6.85,916.92,3.96,86.0,935.3311,40.1,130172.0,73.4427,75.471,6.0,3.958571428571428,5905.5,0.0,136.8,-0.0257967873320201,-0.0144930073025668
2003-05-01,935.96,16.19,33.14,183.5,3.57,1649.05,28.52,735666.43,58.39,26048.11,23.59,25.45,3.11,1.02,38.69,5.35,2.56,2.79,0.0533912639418769,0.0368559745216921,-0.0016335424269617,0.0517577215149151,0.0352224320947303,1.07,90.4,355.683,5.22,6.38,963.59,3.57,92.1,923.877,40.2,130196.0,73.4852,75.4753,6.1,3.5690476190476192,5965.3,0.0,136.7,-0.0949618084369277,-0.0710805549174354
2003-06-01,988.0,16.17,34.55,183.7,3.33,1738.84,28.46,776782.48,60.81,27163.8,24.83,26.8,3.13,0.95,39.54,4.63,1.99,2.64,0.0543835667698922,0.0217316490300493,0.001089324726455,0.0554728914963472,0.0228209737565044,0.92,90.5196,356.352,4.97,6.19,974.5,3.33,89.7,917.209,40.3,130185.0,73.8369,75.6024,6.3,3.334285714285714,6002.2,0.0,138.0,-0.0490775617860099,-0.0302330106601936
2003-07-01,992.54,16.31,35.89,183.9,3.98,1744.93,28.67,780570.67,63.1,28227.86,24.87,26.84,2.49,0.97,37.51,4.92,2.29,2.62,0.0048649177245236,-0.0527052536486748,0.0010881393891954,0.005953057113719,-0.0516171142594794,0.9,90.9869,351.02,5.49,6.62,990.31,3.98,90.9,921.4341,40.1,130184.0,74.0933,76.0121,6.2,3.975454545454546,6049.1,0.0,137.7,0.0995084154129019,0.0671602832524119
2003-08-01,989.53,16.45,37.24,184.6,4.45,1733.04,28.81,776326.55,65.22,29213.68,24.64,26.61,2.07,1.02,36.08,4.99,2.56,2.43,-0.0054520368569091,-0.038868868899373,0.0037991904584763,-0.0016528463984327,-0.0350696784408966,0.95,90.7933,359.768,5.88,7.01,1008.01,4.45,89.3,909.5964,40.2,130153.0,73.7685,75.865,6.1,4.445238095238095,6107.1,0.0,138.0,0.0686285063890961,0.0572423310975817
2003-09-01,1019.44,16.59,38.58,185.2,4.27,1779.64,28.96,798282.15,67.35,30210.43,25.24,27.26,2.16,1.0,36.62,4.81,2.35,2.45,0.0278888628643207,0.0148558440519416,0.0032450001433271,0.0311338630076479,0.0181008441952688,0.94,91.3819,378.945,5.72,6.79,995.97,4.27,87.7,899.9446,40.5,130253.0,74.406,76.3685,6.1,4.274285714285715,6079.7,0.0,138.5,-0.027587956518829,-0.0318867594758939
2003-10-01,1038.73,16.86,41.97,185.0,4.29,1815.28,29.46,815367.88,73.34,32942.41,25.68,27.74,2.02,1.0,36.73,4.83,2.54,2.29,0.0211772915129564,0.0029993205852111,-0.0010804971337541,0.0200967943792023,0.001918823451457,0.92,91.5049,378.92,5.7,6.73,1050.71,4.29,89.6,887.2151,40.6,130440.0,74.5169,76.4833,6.0,4.290454545454545,6070.0,0.0,139.3,-0.003502630551202,-0.0088757979139682
2003-11-01,1049.9,17.12,45.35,184.5,4.3,1839.77,30.01,827492.52,79.47,35745.83,25.95,28.03,1.94,1.01,36.93,5.1,2.44,2.66,0.0147606700357501,0.0054303690328959,-0.0027063615977429,0.0120543084380072,0.002724007435153,0.93,92.1265,389.91,5.65,6.66,1058.2,4.3,93.7,882.0882,40.9,130481.0,75.1849,77.0141,5.8,4.300000000000001,6075.5,0.0,138.9,-0.0088106296821548,-0.0104556591043387
2003-12-01,1080.64,17.39,48.74,184.3,4.27,1895.69,30.51,853788.35,85.5,38508.33,26.64,28.78,1.86,1.01,37.2,4.93,2.23,2.69,0.031283261413625,0.007284532414629,-0.0010845988048042,0.0301986626088208,0.0061999336098248,0.9,92.1732,406.953,5.62,6.6,1111.92,4.27,92.6,883.655,40.7,130589.0,75.1529,77.0642,5.7,4.267727272727273,6073.8,0.0,139.5,-0.0053238812527499,-0.0090498355199179
2004-01-01,1132.52,17.6,49.83,185.2,4.15,1977.05,30.72,891582.4,86.98,39226.31,27.66,29.88,1.86,1.01,37.51,4.53,2.17,2.37,0.043314532174188,0.008298802814695,0.0048714575363011,0.0481859897104892,0.0131702603509962,0.88,92.3268,413.788,5.54,6.44,1131.13,4.15,103.8,876.2356,40.9,130756.0,75.122,77.2041,5.7,4.1505,6082.1,0.0,141.4,-0.0143371631464073,-0.0245411089161175
2004-02-01,1143.36,17.81,50.91,186.2,4.08,1985.25,30.92,896444.25,88.4,39918.28,27.65,29.87,1.95,1.02,37.65,4.43,2.25,2.18,0.005438243308311,0.0037253901521065,0.0053850426308877,0.0108232859391987,0.0091104327829943,0.93,92.8995,404.878,5.5,6.27,1144.94,4.08,94.4,874.2774,41.0,130820.0,75.7268,77.6963,5.6,4.084210526315789,6121.8,0.0,142.1,-0.0072464085207671,-0.026752185471433
2004-03-01,1123.98,18.02,52.0,187.4,3.83,1939.1,31.09,876776.31,89.71,40563.33,26.89,29.04,2.33,0.96,38.3,4.87,2.02,2.85,-0.0221842077072031,0.0171169419406977,0.0064240049613551,-0.015760202745848,0.0235409469020528,0.94,92.5368,406.667,5.33,6.11,1126.21,3.83,95.8,869.5143,40.9,131139.0,75.7333,77.4077,5.8,3.826521739130435,6157.9,0.0,143.1,-0.031396854060672,-0.0258495814613252
2004-04-01,1133.36,18.21,53.38,188.0,4.35,1949.04,31.32,882451.92,91.8,41565.1,26.9,29.06,1.83,0.97,36.71,4.79,2.45,2.34,0.0064524086125143,-0.0424006986778572,0.0031965930256272,0.0096490016381416,-0.0392041056522299,0.94,92.8957,403.26,5.73,6.46,1107.3,4.35,94.2,864.7337,40.7,131412.0,76.0074,77.7236,5.6,4.347619047619047,6198.9,0.0,144.8,0.0723642925488951,0.0557025446110064
2004-05-01,1102.78,18.41,54.77,189.1,4.72,1885.42,31.47,854834.47,93.63,42453.1,25.9,27.98,1.66,1.0,35.56,5.25,2.9,2.35,-0.0317964578826472,-0.031827786863039,0.0058340128344626,-0.0259624450481845,-0.0259937740285764,1.02,93.5845,383.779,6.04,6.75,1120.68,4.72,90.2,862.6995,41.1,131697.0,76.5778,78.3145,5.6,4.7155000000000005,6275.7,0.0,146.8,0.0526884812200753,0.043913187089928
2004-06-01,1132.76,18.6,56.15,189.7,4.73,1930.56,31.7,876494.32,95.7,43447.12,26.4,28.52,1.57,1.02,35.56,5.3,2.87,2.43,0.0250223761666125,0.0,0.0031679012765566,0.0281902774431692,0.0031679012765566,1.27,92.8651,392.373,6.01,6.78,1140.84,4.73,95.6,869.0455,40.8,131794.0,76.0825,77.724,5.6,4.733809523809524,6277.9,0.0,147.2,-0.0049792633996074,0.0044345970678657
2004-07-01,1105.85,18.79,56.69,189.4,4.5,1887.68,32.07,858240.84,96.77,43996.63,25.7,27.76,1.86,1.02,36.41,5.68,2.71,2.97,-0.0210454646208557,0.0236220515416381,-0.0015826961889905,-0.0226281608098463,0.0220393553526475,1.33,93.5502,398.091,5.82,6.62,1101.72,4.5,96.7,878.117,40.8,131853.0,76.7549,78.305,5.5,4.498095238095239,6291.1,0.0,147.4,-0.0321244868037697,-0.0238817320033873
2004-08-01,1088.94,18.97,57.23,189.5,4.28,1857.83,32.37,845897.6,97.64,44456.74,25.17,27.19,2.13,1.02,37.17,5.81,2.64,3.17,-0.0144864473088405,0.0206585221218188,0.0005278437705031,-0.0139586035383373,0.0211863658923219,1.48,93.6301,400.51,5.65,6.46,1104.24,4.28,95.9,882.8316,40.8,131940.0,77.0981,78.3738,5.4,4.281363636363636,6317.8,0.0,148.0,-0.0296447165849968,-0.0244660521544063
2004-09-01,1117.66,19.16,57.77,189.9,4.13,1902.81,32.62,867616.46,98.35,44845.66,25.67,27.73,2.19,1.01,37.68,5.72,2.41,3.3,0.0253514385580531,0.0136274653990014,0.002108593295759,0.0274600318538122,0.0157360586947605,1.65,93.7353,405.275,5.46,6.27,1114.58,4.13,94.2,886.7373,40.7,132091.0,77.0778,78.4547,5.4,4.125714285714285,6352.2,0.0,147.7,-0.034206755401536,-0.0298529631496811
2004-10-01,1117.21,19.25,58.03,190.9,4.1,1892.08,32.61,863963.06,98.28,44875.88,25.41,27.45,2.31,1.0,37.7,5.5,2.66,2.84,-0.0042197373887754,0.0005306447458029,0.0052521129134617,0.0010323755246863,0.0057827576592647,1.76,94.5695,420.464,5.47,6.21,1130.2,4.1,91.7,889.5302,40.6,132431.0,77.7436,79.1352,5.5,4.097,6379.8,0.0,150.0,0.0018298266770761,-0.0096154586994418
2004-11-01,1168.94,19.35,58.29,191.0,4.19,1978.66,32.75,904739.84,98.67,45115.48,26.47,28.58,2.05,1.0,37.54,5.66,2.76,2.9,0.0461174194989359,-0.0042530632956023,0.0005236973149279,0.0466411168138639,-0.0037293659806744,2.07,94.8015,439.375,5.52,6.2,1173.82,4.19,92.8,897.9707,40.5,132504.0,77.6761,79.3,5.4,4.194,6406.3,0.0,151.4,0.009099243855114,-0.0016116038943415
2004-12-01,1199.21,19.44,58.55,190.3,4.23,2037.36,33.03,932840.95,99.47,45544.85,27.14,29.31,1.88,1.0,37.68,5.46,2.9,2.56,0.0305872819590539,0.0037224185497995,-0.003671653744526,0.0269156282145279,5.076480527353624e-05,2.19,95.5415,442.079,5.47,6.15,1211.92,4.23,97.1,906.5194,40.6,132629.0,78.1838,79.8779,5.4,4.2309090909090905,6424.5,0.0,150.2,-0.009099243855114,-0.0080972102326193
2005-01-01,1181.41,19.7,59.11,190.7,4.22,2002.91,33.4,918341.63,100.21,45945.19,26.59,28.71,1.95,1.01,37.77,5.56,3.25,2.31,-0.0156652473575574,0.0023856870162033,0.0020997383042694,-0.013565509053288,0.0044854253204728,2.33,95.8785,424.03,5.36,6.02,1181.27,4.22,95.5,921.3183,40.7,132781.0,78.5792,80.1076,5.3,4.221500000000001,6430.8,0.0,150.9,-0.0203146413511791,-0.0213648224976969
2005-02-01,1199.63,19.97,59.66,191.8,4.17,2022.14,33.66,928442.44,100.57,46175.88,26.74,28.87,2.0,0.98,37.83,5.7,3.11,2.59,0.0109389190493367,0.0015873019205721,0.0057516498429645,0.0166905688923013,0.0073389517635367,2.54,96.5709,423.35,5.2,5.82,1203.6,4.17,94.1,931.6006,40.7,133033.0,79.1297,80.6185,5.4,4.165263157894737,6438.9,0.0,151.6,-0.0303053494953289,-0.0337869975773831
2005-03-01,1194.9,20.23,60.22,193.3,4.5,1998.53,33.84,918900.05,100.72,46310.29,26.34,28.43,1.77,1.02,36.68,5.75,3.33,2.42,-0.010331029490467,-0.0308707912566737,0.0077902237649473,-0.0025408057255197,-0.0230805674917264,2.74,96.4345,433.85,5.4,6.06,1180.59,4.5,92.6,945.8622,40.4,133152.0,78.6182,80.4254,5.2,4.497727272727273,6448.3,0.0,153.7,0.0377403279828471,0.0404095383378764
2005-04-01,1164.43,20.46,61.23,194.6,4.34,1934.56,34.0,890788.63,101.73,46843.48,25.41,27.43,2.1,1.02,37.04,6.15,3.32,2.83,-0.0310701854257815,0.0097667623897144,0.0067027835376192,-0.0243674018881622,0.0164695459273336,2.78,96.6347,429.233,5.33,6.05,1156.85,4.34,87.7,958.801,40.4,133519.0,78.8132,80.5049,5.2,4.3409523809523805,6461.8,0.0,155.0,-0.0130477153924756,-0.0016515280384729
2005-05-01,1178.28,20.7,62.25,194.4,4.14,1959.58,34.42,903631.99,103.52,47737.45,25.65,27.69,2.24,1.01,37.82,6.05,2.83,3.22,0.0143150153063533,0.0208396534523327,-0.0010282777255659,0.0132867375807874,0.0198113757267668,2.84,96.7251,421.873,5.15,6.01,1191.5,4.14,86.9,968.6237,40.4,133689.0,78.8801,80.4835,5.1,4.144285714285714,6479.0,0.0,154.3,-0.0343545235021083,-0.0066335234956339
2005-06-01,1202.25,20.93,63.26,194.5,4.0,1998.42,34.79,922877.65,105.15,48559.98,26.07,28.14,2.3,0.99,38.36,5.74,2.52,3.22,0.0210744820363777,0.014177186784926,0.0005142710321623,0.02158875306854,0.0146914578170883,2.97,97.1483,430.657,4.96,5.86,1191.33,4.0,96.0,975.0068,40.4,133947.0,78.8741,80.7304,5.0,3.998181818181818,6511.7,0.0,154.3,-0.0375909739388087,-0.0252751449581948
2005-07-01,1222.24,21.11,64.33,195.4,4.18,2022.29,34.93,935245.25,106.44,49224.64,26.29,28.37,2.13,1.0,37.75,5.59,2.74,2.85,0.0133121255227646,-0.0160297743202037,0.0046165765501814,0.017928702072946,-0.0114131977700223,3.22,96.8397,424.479,5.06,5.95,1234.18,4.18,96.5,989.703,40.5,134300.0,78.4339,80.3636,5.0,4.1775,6543.5,0.0,156.3,0.0199607425625379,0.015241615968617
2005-08-01,1224.27,21.29,65.4,196.4,4.26,2015.34,35.05,933379.4,107.66,49860.74,26.1,28.17,2.11,1.01,37.45,5.37,2.99,2.38,-0.0019970309394181,-0.0079787657318051,0.005104656311683,0.0031076253722648,-0.0028741094201221,3.44,97.1584,437.93,5.09,5.96,1220.33,4.26,89.1,995.5061,40.5,134503.0,78.6842,80.5144,4.9,4.262608695652174,6576.3,0.0,157.6,0.0059113472630571,0.0016792615197199
2005-09-01,1225.92,21.47,66.47,198.8,4.2,1993.69,34.92,924701.59,108.1,50137.79,25.73,27.76,2.33,0.98,37.31,5.0,3.06,1.93,-0.0093406833613174,-0.003745322730162,0.0121458983021081,0.0028052149407906,0.008400575571946,3.42,95.2764,456.048,5.13,6.03,1228.81,4.2,76.9,1000.7563,40.7,134554.0,77.6572,78.8408,5.0,4.199047619047619,6610.1,0.0,162.2,0.0078278286202466,0.0116765296618356
2005-10-01,1191.96,21.72,67.59,199.2,4.46,1934.57,35.25,898642.97,109.7,50957.48,24.88,26.84,2.19,1.0,36.59,5.75,3.38,2.37,-0.0285852657366358,-0.019486408201951,0.0020100509280241,-0.0265752148086117,-0.0174763572739269,3.71,96.4411,469.898,5.35,6.3,1207.01,4.46,74.2,1014.6763,41.0,134643.0,78.6157,79.6882,5.0,4.4635,6643.9,0.0,166.2,0.0419909017252369,0.0438026226583928
2005-11-01,1237.37,21.97,68.71,197.6,4.54,2024.53,35.95,941823.65,112.42,52298.59,25.93,27.98,1.87,1.01,36.79,5.58,3.19,2.39,0.0469322346607389,0.0054510900855673,-0.0080645598367304,0.0388676748240085,-0.002613469751163,3.88,97.5016,476.666,5.42,6.39,1249.48,4.53,81.6,1023.0361,40.9,134999.0,79.1512,80.4459,5.0,4.535,6660.7,0.0,163.7,0.0129992545436398,0.0141846349919563
2005-12-01,1262.07,22.22,69.83,196.8,4.47,2073.34,36.5,965944.14,114.72,53445.43,26.44,28.53,1.83,1.01,37.28,5.23,3.12,2.11,0.0252879574707639,0.0132309207007076,-0.0040568006956143,0.0212311567751496,0.0091741200050932,3.89,97.9723,510.097,5.37,6.32,1248.29,4.47,91.5,1036.3155,40.8,135158.0,79.0756,80.7149,4.9,4.467142857142857,6687.8,0.0,163.0,-0.0092679069307815,-0.0110150602306773
2006-01-01,1278.73,22.41,70.78,198.3,4.42,2084.82,36.53,972710.28,115.39,53838.72,26.47,28.55,1.89,0.99,37.29,4.45,3.26,1.18,0.006980271886592,0.0002682043733389,0.0075930509075971,0.0145733227941892,0.0078612552809361,4.24,98.127,549.864,5.29,6.24,1280.08,4.42,91.2,1048.677,41.0,135426.0,79.5428,80.7219,4.7,4.416,6730.1,0.0,164.3,-0.0150096626505652,-0.0127390257774297
2006-02-01,1276.65,22.59,71.72,198.7,4.57,2077.24,36.76,970602.41,116.7,54529.31,26.25,28.31,1.76,0.99,36.91,4.4,3.67,0.74,-0.0021693583719217,-0.0102426771488222,0.0020151140320206,-0.000154244339901,-0.0082275631168016,4.43,98.1687,554.995,5.35,6.27,1280.66,4.57,86.7,1058.2694,41.0,135731.0,79.1933,80.6346,4.8,4.568947368421052,6754.7,0.0,161.8,0.011278315037707,0.004796172263493
2006-03-01,1293.74,22.78,72.67,199.8,4.72,2093.45,36.86,979615.59,117.59,55025.48,26.33,28.4,1.6,0.98,36.41,4.91,3.67,1.23,0.009243319642181,-0.0136390548545651,0.0055207166566821,0.0147640362988631,-0.008118338197883,4.51,98.3913,557.093,5.53,6.41,1294.87,4.72,88.9,1068.6019,41.1,136036.0,79.0448,80.693,4.7,4.7239130434782615,6769.3,0.0,162.2,0.0330912546263284,0.0220829162877495
2006-04-01,1302.17,23.0,73.28,201.5,4.99,2089.32,36.9,979119.21,117.57,55097.72,26.15,28.2,1.41,0.99,35.48,5.16,3.98,1.17,-0.0005068373836274,-0.0258743047459632,0.0084725151722843,0.0079656777886568,-0.0174017895736788,4.6,98.6826,610.653,5.84,6.68,1310.61,4.99,87.4,1085.217,41.2,136208.0,79.185,80.8033,4.7,4.990526315789474,6806.9,0.0,164.3,0.0545429813058922,0.0412587166159756
2006-05-01,1290.01,23.22,73.88,202.5,5.11,2059.59,37.07,966633.7,117.96,55362.45,25.65,27.66,1.39,1.0,35.12,5.22,4.06,1.15,-0.0128337789501488,-0.0101983886744627,0.0049505051598562,-0.0078832737902926,-0.0052478835146065,4.72,98.7074,675.393,5.95,6.75,1270.09,5.11,79.1,1103.3153,41.2,136249.0,78.8539,80.6874,4.6,5.11,6813.7,0.0,165.8,0.0186604227174028,0.0104245173358842
2006-06-01,1253.17,23.44,74.49,202.9,5.11,1996.82,37.35,938638.23,118.69,55793.84,24.75,26.69,1.55,1.01,35.2,5.6,4.18,1.42,-0.0293894898700338,0.0022753138371356,0.0019733602851752,-0.0274161295848585,0.0042486741223108,4.79,99.0398,596.145,5.89,6.78,1270.2,5.11,84.9,1118.8134,41.2,136335.0,78.9444,80.8131,4.6,5.106363636363636,6851.8,0.0,166.1,-0.0101352218940431,0.0044345970678657
2006-07-01,1260.24,23.66,75.85,203.5,5.09,2002.17,37.59,942623.09,120.5,56733.61,24.7,26.63,1.59,1.02,35.3,5.92,4.32,1.6,0.0042363768576833,0.0028368813351995,0.0029527580508806,0.0071891349085639,0.0057896393860801,4.95,98.9751,633.71,5.85,6.76,1276.66,5.09,84.7,1130.7415,41.4,136529.0,78.5312,80.6047,4.7,5.0875,6893.6,0.0,166.8,-0.0068143364197301,-0.0029542118974315
2006-08-01,1287.15,23.88,77.21,203.9,4.88,2040.91,37.86,962347.86,122.42,57726.67,25.05,27.02,1.74,1.02,35.96,5.82,4.07,1.75,0.0207094758711892,0.0185242456641685,0.0019636726977598,0.0226731485689491,0.0204879183619283,4.96,99.4047,632.593,5.68,6.59,1303.82,4.88,82.0,1151.7102,41.1,136693.0,78.9377,80.7869,4.7,4.8765217391304345,6925.1,0.0,167.9,-0.0294904285107051,-0.0254695415404568
2006-09-01,1317.74,24.1,78.57,202.9,4.72,2099.71,38.4,991583.35,125.19,59122.97,25.64,27.66,1.73,1.0,36.75,5.43,3.77,1.66,0.0299270228398054,0.021731016055426,-0.0049164307486404,0.0250105920911649,0.0168145853067855,4.81,99.2246,598.186,5.51,6.43,1335.85,4.72,85.4,1150.8735,41.1,136829.0,78.8383,80.4643,4.5,4.718999999999999,6952.4,0.0,165.4,-0.0303866095682368,-0.0245788102648878
2006-10-01,1363.38,24.36,79.55,201.8,4.73,2184.28,39.03,1033055.04,127.45,60276.32,26.54,28.62,1.5,1.01,37.06,4.93,3.56,1.38,0.0409727404287062,0.008399995198368,-0.0054361389122603,0.0355366015164458,0.0029638562861076,4.92,99.1229,585.78,5.51,6.42,1377.94,4.73,93.6,1161.5392,41.1,136846.0,78.3115,80.1979,4.4,4.729047619047619,7001.7,0.0,162.2,0.0,-0.0015564205476581
2006-11-01,1388.64,24.62,80.53,201.5,4.6,2228.06,39.5,1055318.39,129.21,61200.02,26.93,29.03,1.54,1.01,37.65,4.85,3.07,1.78,0.0213220424454813,0.0157947333886888,-0.0014877265327709,0.0198343159127103,0.0143070068559178,4.94,99.0963,627.827,5.33,6.2,1400.63,4.6,92.1,1170.5212,41.0,137061.0,78.238,79.9873,4.5,4.595238095238095,7037.2,0.0,164.6,-0.0332133849870699,-0.0348688256508239
2006-12-01,1416.42,24.88,81.51,201.8,4.56,2269.25,39.86,1076403.3,130.59,61943.23,27.28,29.41,1.54,0.99,37.86,5.04,2.71,2.34,0.0197826927733804,0.0055621915352742,0.0014877265327709,0.0212704193061514,0.0070499180680452,4.85,100.1125,629.791,5.32,6.22,1418.3,4.56,91.7,1182.8014,41.1,137249.0,79.188,80.6149,4.4,4.5645,7080.1,0.0,165.6,-0.0018779348242,0.0032206147000421
2007-01-01,1424.16,25.08,82.06,202.42,4.76,2274.71,40.06,1080575.3,131.06,62260.14,27.21,29.33,1.35,1.01,37.29,5.09,2.88,2.22,0.0038683788542048,-0.0151699515904473,0.0030676388412464,0.0069360176954512,-0.0121023127492009,4.98,99.7546,631.166,5.4,6.34,1438.24,4.76,96.9,1192.29,41.0,137472.0,78.7154,80.1358,4.6,4.7595238095238095,7118.3,0.0,164.0,0.0149256502166757,0.0191088616980465
2007-02-01,1444.8,25.29,82.6,203.5,4.72,2295.39,40.17,1091992.1,131.23,62432.3,27.32,29.44,1.4,1.02,37.35,5.22,2.86,2.36,0.0105100583693862,0.0016077173880968,0.0053212581218946,0.0158313164912809,0.0069289755099915,5.03,100.7166,664.745,5.39,6.28,1406.82,4.72,91.3,1204.8529,40.9,137558.0,78.7814,80.7193,4.5,4.722631578947369,7134.3,0.0,166.8,-0.001853568649323,-0.0095087879690271
2007-03-01,1406.95,25.49,83.15,205.35,4.56,2215.09,40.13,1055380.24,130.91,62372.41,26.23,28.26,1.78,0.99,37.63,5.75,2.74,3.01,-0.0341025238092964,0.0074686930265195,0.0090498355199178,-0.0250526882893785,0.0165185285464373,4.94,100.8952,654.895,5.3,6.27,1420.86,4.56,88.4,1215.6537,41.3,137782.0,79.2181,80.6791,4.4,4.564545454545455,7168.2,0.0,169.3,-0.0168385643628295,-0.001593625835278
2007-04-01,1463.64,25.72,83.74,206.69,4.69,2289.47,40.23,1092415.54,130.99,62500.94,26.98,29.07,1.6,1.0,37.15,5.34,3.03,2.31,0.0344902170196202,-0.0128378334415778,0.0065042458211769,0.0409944628407972,-0.0063335876204008,4.87,101.5723,679.368,5.47,6.39,1482.37,4.69,87.1,1226.6366,41.3,137845.0,79.4993,81.0476,4.5,4.6938095238095245,7240.7,0.0,171.4,0.0315717958758135,0.0189579137446142
2007-05-01,1511.14,25.94,84.33,207.95,4.75,2349.41,40.33,1122621.65,131.11,62648.52,27.55,29.68,1.53,0.98,36.89,5.22,3.11,2.11,0.0272753728523931,-0.0070232595551838,0.0060775799651762,0.0333529528175693,-0.0009456795900076,4.73,101.6269,667.31,5.47,6.39,1530.62,4.75,88.3,1244.7308,41.1,137993.0,79.237,80.9347,4.4,4.746363636363636,7254.6,0.0,173.3,0.0,0.0
2007-06-01,1514.19,26.17,84.92,208.35,5.1,2349.6,40.61,1124328.7,131.77,63055.49,27.42,29.53,1.2,1.01,35.97,5.38,3.48,1.9,0.0015194375153157,-0.0252552539010517,0.0019216916795417,0.0034411291948575,-0.0233335622215099,4.61,101.6547,655.66,5.79,6.7,1503.35,5.1,85.3,1263.9333,41.4,138069.0,79.3042,80.8222,4.6,5.102857142857142,7287.8,0.0,173.8,0.056853675151014,0.0473732580074769
2007-07-01,1520.71,26.44,82.81,208.3,5.0,2360.32,41.04,1131093.74,128.54,61595.99,27.41,29.52,1.29,1.03,36.41,5.43,3.26,2.17,0.0059989296620349,0.0121582044798093,-0.000240009601536,0.0057589200604989,0.0119181948782733,4.82,101.4953,665.38,5.73,6.65,1455.27,5.0,90.4,1281.8644,41.3,138044.0,79.071,80.5906,4.7,5.004285714285714,7318.7,0.0,175.1,-0.0104167608582556,-0.0074906717291576
2007-08-01,1454.62,26.71,80.71,207.92,4.67,2261.89,41.53,1085582.86,125.5,60231.38,26.15,28.16,1.76,1.02,37.58,5.86,3.02,2.83,-0.0410680351945484,0.0316285317979772,-0.0018259579336915,-0.04289399312824,0.0298025738642856,4.2,101.6943,665.411,5.79,6.65,1473.99,4.67,83.4,1306.9108,41.3,138013.0,78.6738,80.6774,4.6,4.674782608695652,7394.8,0.0,172.4,0.0104167608582555,0.0
2007-09-01,1497.12,26.98,78.6,208.49,4.52,2321.58,41.84,1115903.22,121.88,58585.81,26.73,28.78,1.83,1.0,38.07,5.68,2.86,2.82,0.027547098858748,0.0129545764090868,0.0027376881247301,0.0302847869834781,0.0156922645338169,3.89,101.9428,712.653,5.74,6.59,1526.75,4.52,83.4,1349.608,41.3,138101.0,78.756,80.8326,4.7,4.521578947368421,7413.0,0.0,173.5,-0.0086730812534287,-0.0090635061533469
2007-10-01,1539.66,27.23,74.46,208.94,4.53,2382.45,42.14,1146849.14,115.22,55463.15,27.32,29.42,1.73,1.03,38.1,5.69,2.73,2.95,0.0273541640091222,0.0007877117382494,0.0021560509513968,0.0295102149605191,0.0029437626896462,3.9,101.6446,754.604,5.66,6.48,1549.38,4.53,80.9,1375.0587,41.2,138177.0,78.5051,80.5829,4.7,4.527727272727272,7428.1,0.0,174.7,-0.0140353181163834,-0.0168328381502323
2007-11-01,1463.39,27.48,70.32,210.18,4.15,2251.06,42.27,1085297.29,108.17,52151.58,25.73,27.71,2.41,1.01,39.19,6.44,2.48,3.96,-0.0551643543164215,0.0282073300788847,0.0059171770280885,-0.049247177288333,0.0341245071069733,3.27,102.2167,806.248,5.44,6.4,1481.14,4.15,76.1,1394.4104,41.3,138291.0,78.8266,81.0492,4.7,4.1485,7453.6,0.0,179.0,-0.0396448313472402,-0.0124225199985572
2007-12-01,1479.22,27.73,66.18,210.04,4.1,2276.94,42.68,1099488.72,101.87,49190.9,25.96,27.96,2.43,1.03,39.51,6.61,2.37,4.24,0.0129913222900429,0.0081321922117592,-0.0006663176677919,0.0123250046222509,0.0074658745439672,3.0,102.2764,803.203,5.49,6.65,1468.36,4.1,75.5,1418.0137,41.1,138395.0,78.9031,81.1309,5.0,4.0975,7483.9,0.0,178.6,0.0091491946535878,0.0383188643021366
2008-01-01,1378.76,27.92,64.25,211.08,3.74,2111.8,42.76,1021469.95,98.41,47600.34,24.02,25.89,3.13,1.0,40.62,7.85,1.89,5.96,-0.0736025544317358,0.0277067517289392,0.0049392197678087,-0.068663334663927,0.032645971496748,2.75,102.1493,889.595,5.33,6.54,1378.55,3.74,78.4,1440.7731,41.1,138391.0,78.7097,81.0828,5.0,3.744285714285714,7517.5,1.0,181.0,-0.0295770173436861,-0.0166796891986555
2008-02-01,1354.87,28.11,62.32,211.69,3.74,2069.2,42.93,1002594.59,95.18,46116.38,23.5,25.33,3.23,1.02,40.63,7.69,1.62,6.07,-0.0186514874573548,0.0002461538473968,0.0028857318320215,-0.0157657556253332,0.0031318856794183,2.12,101.7756,922.298,5.53,6.82,1330.63,3.74,70.8,1448.8634,41.1,138327.0,78.1859,80.8474,4.9,3.7375,7604.0,1.0,182.7,0.0368365773564902,0.0419223063862634
2008-03-01,1316.94,28.3,60.39,213.53,3.51,1993.99,42.85,967881.99,91.44,44383.49,22.61,24.38,3.7,0.99,41.18,8.05,1.5,6.55,-0.0352363401565848,0.0134459916000079,0.0086543976503337,-0.0265819425062511,0.0221003892503417,1.26,101.4508,968.434,5.51,6.89,1322.7,3.51,69.5,1470.5797,41.3,138257.0,77.881,80.6547,5.1,3.51,7670.0,1.0,187.9,-0.0036231923694203,0.0102116131701964
2008-04-01,1370.47,28.44,57.38,214.82,3.68,2062.53,42.8,1002883.1,86.36,41992.0,23.36,25.2,3.43,0.99,40.48,7.44,1.63,5.81,0.0355240621326796,-0.0171446766204333,0.0060231301500784,0.041547192282758,-0.0111215464703549,1.29,100.7554,909.705,5.55,6.97,1385.59,3.67,62.6,1490.1961,41.2,138038.0,77.136,80.1636,5.0,3.675,7712.5,1.0,190.9,0.00723330459352,0.0115441397468652
2008-05-01,1403.22,28.57,54.38,216.63,3.88,2094.18,42.64,1020002.04,81.15,39526.45,23.7,25.58,3.24,0.99,39.6,7.42,1.74,5.68,0.016925675455854,-0.0219789067187751,0.0083903609612991,0.0253160364171531,-0.013588545757476,1.73,100.1336,888.663,5.57,6.93,1400.38,3.88,59.8,1491.5275,41.0,137851.0,76.7172,79.7148,5.4,3.88,7725.2,1.0,196.6,0.0035971261808496,-0.0057554115706206
2008-06-01,1341.25,28.71,51.37,218.82,4.1,1981.73,42.42,966951.13,75.9,37034.32,22.42,24.22,3.35,1.01,38.63,8.21,2.06,6.14,-0.0534119498457023,-0.0247999415822448,0.0100586449174438,-0.0433533049282585,-0.014741296664801,1.86,99.8728,889.488,5.68,7.07,1280.0,4.1,56.4,1498.3048,41.0,137698.0,76.2463,79.5288,5.6,4.099523809523809,7743.9,1.0,200.5,0.0195561787938671,0.0200006667066696
2008-07-01,1257.33,28.76,49.56,219.96,4.01,1848.03,42.27,903434.14,72.85,35612.93,20.91,22.6,3.8,1.01,38.84,9.12,2.05,7.07,-0.0679447433551945,0.0054214667449342,0.0051962375909701,-0.0627485057642244,0.0106177043359043,1.63,99.4194,939.772,5.67,7.16,1267.38,4.01,61.2,1512.2658,41.0,137498.0,75.497,79.1573,5.8,4.007727272727273,7791.2,1.0,205.5,-0.0017621149933992,0.0126495010640727
2008-08-01,1281.47,28.8,47.76,219.09,3.89,1891.06,42.5,926201.22,70.47,34516.83,21.4,23.16,3.76,1.02,39.51,9.1,1.89,7.21,0.0248882981804699,0.017103161000175,-0.0039631073394858,0.0209251908409841,0.0131400536606892,1.72,97.8491,839.025,5.64,7.15,1282.83,3.89,63.0,1512.8682,40.9,137211.0,74.6122,77.8633,6.1,3.885714285714285,7805.8,1.0,199.0,-0.0053050522296932,-0.0013976242666379
2008-09-01,1216.95,28.85,45.95,218.78,3.69,1798.34,42.63,882526.64,67.9,33322.73,20.36,22.05,4.17,0.99,40.35,9.8,1.6,8.21,-0.0483025359352168,0.0210375902926585,-0.0014159456084832,-0.0497184815437001,0.0196216446841752,1.13,93.5576,829.932,5.65,7.31,1166.36,3.69,70.3,1530.4048,40.5,136762.0,72.1343,74.3831,6.1,3.686190476190476,7872.4,1.0,196.9,0.0017714796483822,0.0221309170557706
2008-10-01,968.8,28.7,35.59,216.57,3.81,1446.24,42.84,711490.61,53.13,26139.89,16.39,17.77,5.11,1.03,40.49,11.73,1.44,10.29,-0.2154267553479868,0.003463635328112,-0.0101528378724654,-0.2255795932204523,-0.0066892025443534,0.67,94.4985,806.62,6.28,8.88,968.75,3.81,57.6,1586.9164,40.5,136293.0,71.7535,75.0459,6.5,3.814090909090909,7974.9,1.0,186.4,0.1057144353217577,0.1945582832423916
2008-11-01,883.04,28.54,25.24,212.43,3.53,1343.96,43.44,662952.44,38.41,18946.72,15.26,16.58,5.64,1.1,42.37,12.33,1.07,11.26,-0.0706589668998386,0.0453855345943979,-0.019301298487387,-0.0899602653872257,0.0260842361070109,0.19,93.2617,760.863,6.12,9.21,896.24,3.53,55.3,1576.3301,40.1,135543.0,70.0521,73.9671,6.8,3.526666666666667,8027.0,1.0,176.8,-0.0258078839558725,0.0364882932631366
2008-12-01,877.56,28.39,14.88,210.23,2.42,1349.58,43.66,667518.23,22.88,11318.51,15.38,16.73,6.6,0.99,47.13,11.65,0.3,11.35,0.0068634476900455,0.1064691762971716,-0.0104103528547579,-0.0035469051647123,0.0960588234424137,0.03,90.6266,816.092,5.05,8.43,903.25,2.42,60.1,1559.194,39.8,134847.0,67.7838,71.7765,7.3,2.4163636363636365,8204.7,1.0,170.9,-0.1921738532369663,-0.0884930782534515
2009-01-01,865.58,28.01,12.21,211.14,2.52,1325.39,42.89,657320.39,18.69,9269.73,15.17,16.55,6.61,0.97,46.61,11.99,0.52,11.47,-0.0153951451316569,-0.0110946305509899,0.0043192510845143,-0.0110758940471425,-0.0067753794664756,0.13,88.3712,858.69,5.05,8.14,825.88,2.52,61.2,1544.5985,39.7,134078.0,65.6656,69.8882,7.8,2.5175,8289.0,1.0,171.2,0.0,-0.035006591999315
2009-02-01,805.23,27.64,9.53,212.19,2.87,1226.88,42.11,610205.1,14.53,7224.38,14.12,15.43,6.79,1.01,45.08,13.42,0.86,12.55,-0.0743764254681564,-0.033376421213074,0.0049606791544594,-0.069415746313697,-0.0284157420586146,0.3,87.843,943.0,5.27,8.08,735.09,2.87,56.3,1532.4425,39.6,133317.0,65.6845,69.3805,8.3,2.87,8319.3,1.0,169.3,0.0426421192660025,-0.0073983074814449
2009-03-01,757.13,27.26,6.86,212.71,2.82,1150.79,41.43,574080.27,10.43,5201.47,13.32,14.59,7.26,0.99,45.27,14.27,0.88,13.39,-0.0610259004150877,0.0042058722762917,0.0024476359595509,-0.0585782644555368,0.0066535082358427,0.21,86.4689,924.273,5.5,8.42,797.87,2.82,57.3,1511.0127,39.3,132492.0,64.5624,68.2145,8.7,2.819545454545455,8386.4,1.0,168.1,0.0427177296851543,0.0412179557212313
2009-04-01,848.15,26.7,7.08,213.24,2.93,1285.93,40.49,643176.22,10.73,5366.44,14.98,16.44,6.27,0.97,44.83,13.33,0.98,12.35,0.1136495160402711,-0.0097670032805191,0.0024885562790011,0.1161380723192723,-0.007278447001518,0.16,85.7903,890.2,5.39,8.39,872.81,2.93,65.1,1491.647,39.4,131821.0,64.2002,67.6067,9.0,2.927142857142857,8391.1,1.0,169.1,-0.0202027073175194,-0.0035693077751204
2009-05-01,902.41,26.15,7.29,213.86,3.29,1364.25,39.53,683999.52,11.03,5528.13,16.0,17.59,5.51,0.97,43.45,12.44,1.42,11.02,0.0615384700796554,-0.031266706455947,0.0029033033739503,0.0644417734536057,-0.0283634030819966,0.18,84.9436,928.645,5.54,8.06,919.14,3.29,68.7,1469.7132,39.3,131468.0,63.6069,66.8861,9.4,3.293,8449.2,1.0,170.8,0.0274491158382868,-0.0401269639605778
2009-06-01,926.12,25.59,7.51,215.69,3.72,1388.17,38.36,697595.09,11.26,5656.87,16.38,18.04,5.02,1.02,41.67,12.37,2.17,10.21,0.0196816182846506,-0.0418294062770389,0.008520596305772,0.0282022145904226,-0.0333088099712669,0.18,84.6746,945.67,5.61,7.5,919.32,3.72,70.8,1436.3434,39.6,131007.0,63.5333,66.6446,9.5,3.7218181818181817,8459.3,1.0,174.1,0.0125562187754124,-0.0720105359762722
2009-07-01,935.82,25.03,9.19,215.35,3.56,1404.94,37.57,707594.45,13.79,6946.24,16.69,18.41,5.02,1.0,42.42,12.62,2.38,10.24,0.014232284687943,0.0178385037021743,-0.0015775801341631,0.0126547045537799,0.0162609235680112,0.18,85.6853,934.228,5.41,7.09,987.48,3.56,66.0,1395.4735,39.9,130662.0,64.6196,67.4381,9.5,3.5622727272727275,8463.5,0.0,172.5,-0.0363016266762147,-0.0562176799982286
2009-08-01,1009.73,24.46,10.86,215.83,3.59,1512.51,36.64,763308.91,16.27,8212.17,18.09,19.98,4.53,1.02,42.35,11.41,2.41,9.0,0.0757916928946047,-0.0016515280384729,0.0022264492707595,0.0780181421653642,0.0005749212322866,0.17,86.6393,949.375,5.26,6.58,1020.62,3.59,65.7,1362.9194,40.0,130472.0,65.4206,68.2152,9.6,3.587142857142857,8463.0,0.0,175.0,-0.0281180661087716,-0.0746505952068102
2009-09-01,1044.55,23.9,12.54,215.97,3.4,1563.69,35.78,790642.29,18.77,9491.79,18.83,20.82,4.46,1.0,43.12,11.35,2.17,9.19,0.0351828287163537,0.0180185055026782,0.0006484483784421,0.0358312770947958,0.0186669538811203,0.12,87.3821,996.591,5.13,6.31,1057.08,3.4,73.5,1337.3367,40.1,130247.0,66.1611,68.8533,9.8,3.401904761904762,8461.6,0.0,174.1,-0.0250253675669402,-0.041899068784104
2009-10-01,1067.66,23.4,25.35,216.18,3.39,1596.74,35.0,808831.96,37.91,19204.51,19.36,21.42,4.32,1.0,43.24,11.07,2.12,8.95,0.0227455418054361,0.002779066170266,0.0009718848387357,0.0237174266441718,0.0037509510090017,0.07,87.5809,1043.159,5.15,6.29,1036.19,3.39,70.6,1308.1789,40.2,130062.0,66.2818,69.0873,10.0,3.387619047619048,8487.9,0.0,175.2,0.0038910554929667,-0.0031746058407725
2009-11-01,1088.07,22.91,38.16,216.33,3.4,1626.12,34.23,825156.17,57.03,28939.28,19.81,21.94,4.19,0.99,43.29,11.34,2.03,9.31,0.0199814831330607,0.0011556686828815,0.000693625608721,0.0206751087417818,0.0018492942916026,0.05,87.9388,1127.036,5.19,6.32,1095.63,3.4,67.4,1290.6774,40.5,130058.0,67.032,69.468,9.9,3.4026315789473687,8517.0,0.0,177.4,0.0077369825021524,0.004758137446417
2009-12-01,1110.38,22.41,50.97,215.95,3.59,1662.39,33.55,844979.76,76.31,38787.28,20.32,22.51,3.85,0.99,42.81,11.36,2.13,9.23,0.023740009017615,-0.0111499412970344,-0.0017581201900678,0.0219818888275471,-0.0129080614871022,0.05,88.2404,1134.724,5.26,6.37,1115.1,3.59,72.5,1265.5793,40.6,129808.0,67.0286,69.823,9.9,3.5900000000000003,8512.2,0.0,178.1,0.0133973295718211,0.0078802614253059
2010-01-01,1123.58,22.24,54.29,216.69,3.73,1676.42,33.18,853518.21,81.0,41240.95,20.53,22.74,3.67,1.01,42.29,11.57,2.32,9.25,0.0100542032759362,-0.0122210686724575,0.0034208613241549,0.0134750646000912,-0.0088002073483025,0.06,89.1897,1117.963,5.26,6.25,1073.87,3.73,74.4,1238.5212,40.9,129802.0,67.7946,70.7084,9.8,3.7331578947368422,8477.7,0.0,181.9,0.0,-0.0190180058357618
2010-02-01,1089.16,22.07,57.61,216.74,3.69,1624.66,32.92,828561.97,85.93,43825.93,19.92,22.07,3.8,1.0,42.55,11.88,2.49,9.4,-0.0296752457867201,0.0061292035349859,0.0002307177639839,-0.0294445280227361,0.0063599212989699,0.11,89.5046,1095.413,5.35,6.34,1104.49,3.69,73.6,1223.367,40.5,129705.0,67.8466,71.1021,9.8,3.691052631578947,8527.3,0.0,181.0,0.0169655341582966,0.0142973047008243
2010-03-01,1152.05,21.9,60.93,217.63,3.73,1711.44,32.53,874203.2,90.52,46235.15,21.0,23.27,3.46,0.99,42.37,9.0,3.16,5.84,0.0536212110153065,-0.0042392903809152,0.0040978946311265,0.0577191056464331,-0.0001413957497887,0.15,90.1356,1113.337,5.27,6.27,1169.43,3.73,73.6,1209.7429,41.0,129865.0,68.8106,71.7572,9.9,3.7273913043478255,8523.5,0.0,183.3,-0.0150661983546442,-0.0111024138043052
2010-04-01,1197.32,21.95,62.99,218.01,3.85,1775.61,32.55,908365.24,93.41,47785.8,21.8,24.15,3.18,1.04,42.01,9.12,3.53,5.58,0.0383337015057094,-0.0085328794571771,0.0017445601706785,0.040078261676388,-0.0067883192864986,0.16,90.4607,1148.688,5.29,6.25,1186.69,3.85,72.2,1207.5429,41.1,130120.0,69.486,72.1775,9.9,3.8468181818181817,8554.8,0.0,184.4,0.0037878833169371,-0.0031948908965191
2010-05-01,1125.06,21.99,65.04,218.18,3.42,1667.16,32.59,854272.31,96.38,49388.23,20.48,22.68,3.9,1.02,43.63,10.42,3.14,7.28,-0.0613965372870012,0.0378373019542275,0.0007794768729565,-0.0606170604140446,0.0386167788271841,0.16,91.7014,1205.434,4.96,6.05,1089.41,3.42,73.6,1196.9216,41.4,130643.0,70.4982,73.3305,9.6,3.4200000000000004,8609.0,0.0,184.8,-0.0644125051333719,-0.03252319170556
2010-06-01,1083.36,22.04,67.1,217.97,3.2,1606.93,32.69,824808.81,99.53,51086.13,19.74,21.86,4.24,1.02,44.61,11.45,2.8,8.65,-0.035098393107805,0.022213062004655,-0.0009629715291895,-0.0360613646369945,0.0212500904754654,0.12,91.9033,1232.92,4.88,6.23,1030.71,3.2,76.0,1190.1483,41.0,130509.0,70.6131,73.6492,9.4,3.2040909090909087,8628.1,0.0,183.5,-0.0162605208717802,0.0293180607566116
2010-07-01,1079.8,22.14,68.69,218.01,3.01,1601.31,32.84,823329.56,101.86,52372.44,19.67,21.77,4.43,1.03,45.45,11.79,2.67,9.12,-0.0017950560755484,0.0186547714833146,0.0001834946562329,-0.0016115614193155,0.0188382661395475,0.16,92.2549,1192.966,4.72,6.01,1101.6,3.01,67.8,1189.0278,41.1,130415.0,71.1056,74.0764,9.4,3.011428571428572,8639.5,0.0,184.1,-0.0333364202675918,-0.0359515842522456
2010-08-01,1087.28,22.25,70.27,218.31,2.7,1610.18,32.95,829301.51,104.07,53599.61,19.77,21.88,4.72,1.01,46.72,12.32,2.33,9.99,0.0072272343207742,0.0275595178964837,0.0013751377304505,0.0086023720512248,0.0289346556269343,0.16,92.5936,1215.81,4.49,5.66,1049.33,2.7,68.9,1187.4701,41.2,130416.0,71.3236,74.479,9.5,2.698636363636364,8687.9,0.0,184.9,-0.0499560978433009,-0.0600008563320245
2010-09-01,1122.08,22.35,71.86,218.44,2.65,1660.75,33.08,856766.7,106.36,54868.86,20.38,22.55,4.57,1.01,47.0,11.86,2.23,9.63,0.0325818605638014,0.005975263190087,0.000595306256848,0.0331771668206495,0.006570569446935,0.15,92.8533,1270.977,4.53,5.66,1141.2,2.65,68.2,1185.7277,41.4,130342.0,71.4931,74.8001,9.5,2.6476190476190475,8718.7,0.0,184.9,0.0088692377407797,0.0
2010-10-01,1171.58,22.48,73.69,218.71,2.54,1731.86,33.23,894878.41,108.93,56286.03,21.24,23.49,4.48,0.98,47.5,11.56,2.02,9.55,0.0435222014651242,0.010582109330537,0.0012352740905079,0.0447574755556322,0.0118173834210449,0.13,92.6033,1342.024,4.68,5.72,1183.26,2.54,67.7,1185.2038,41.3,130621.0,71.6572,74.6921,9.4,2.54,8768.4,0.0,186.6,0.0325761704346126,0.0105449131766148
2010-11-01,1198.89,22.6,75.52,218.8,2.76,1771.49,33.4,916791.49,111.59,57750.16,21.7,23.99,4.16,0.96,46.67,11.73,2.13,9.6,0.0241922093340217,-0.0176281510788712,0.0004114191733651,0.0246036285073868,-0.0172167319055061,0.14,92.6686,1369.886,4.87,5.92,1180.55,2.76,71.6,1187.5082,41.3,130749.0,71.8495,74.8191,9.8,2.763,8789.0,0.0,187.7,0.0397958271649431,0.0343676435042078
2010-12-01,1241.53,22.73,77.35,219.18,3.29,1831.34,33.53,949215.6,114.1,59138.18,22.4,24.75,3.51,0.99,44.61,11.8,2.53,9.27,0.0347558956879166,-0.0451435108215508,0.0017352394874199,0.0364911351753365,-0.0434082713341309,0.14,93.5916,1390.553,5.02,6.1,1257.64,3.29,74.5,1192.7014,41.3,130830.0,72.3143,75.6199,9.3,3.290909090909091,8822.7,0.0,189.7,0.0303359966091392,0.0299523222833511
2011-01-01,1282.62,22.96,78.67,220.22,3.39,1882.99,33.71,977438.38,115.49,59951.57,22.98,25.38,3.28,0.99,44.15,11.74,2.46,9.28,0.0292992921902501,-0.0103651220902044,0.0047337366501989,0.034033028840449,-0.0056313854400055,0.15,93.3889,1360.46,5.04,6.09,1286.12,3.39,74.2,1195.9352,41.0,130837.0,72.4352,75.4919,9.1,3.394,8845.0,0.0,192.7,0.0039761483796394,-0.0016406894574598
2011-02-01,1321.12,23.2,79.99,221.31,3.58,1929.99,33.89,1003303.3,116.86,60747.12,23.49,25.93,3.01,1.02,43.36,11.66,2.42,9.23,0.0261178835626284,-0.0180555699185782,0.0049373868788754,0.0310552704415038,-0.0131181830397028,0.13,93.0045,1374.68,5.22,6.15,1327.22,3.58,77.5,1199.5471,41.4,131056.0,72.6217,75.1957,9.0,3.5763157894736843,8908.8,0.0,195.8,0.0350913198112699,0.0098040000966208
2011-03-01,1304.49,23.43,81.31,223.47,3.41,1887.29,33.9,982575.54,117.64,61244.79,22.9,25.27,3.36,1.0,43.69,11.9,1.95,9.95,-0.0208759087879154,0.0075818858319536,0.0097127432919739,-0.0111631654959414,0.0172946291239276,0.1,93.9684,1423.26,5.13,6.03,1325.83,3.41,67.5,1206.4413,41.4,131282.0,73.1338,75.9692,9.0,3.4143478260869564,8966.8,0.0,199.2,-0.0173917427118691,-0.0197050710793324
2011-04-01,1331.51,23.73,82.16,224.91,3.46,1914.06,34.12,997990.93,118.11,61582.91,23.14,25.53,3.29,1.03,43.35,12.29,1.94,10.36,0.0155669618097524,-0.0078125397367935,0.0064231453267858,0.0219901071365382,-0.0013893944100076,0.06,93.6571,1480.89,5.16,6.02,1363.61,3.45,69.8,1214.9147,41.4,131597.0,72.7771,75.6918,9.1,3.455,9030.2,0.0,203.1,0.0058309203107931,-0.0016597514183645
2011-05-01,1338.31,24.04,83.02,225.96,3.17,1914.83,34.39,999885.33,118.78,62023.86,23.06,25.42,3.6,1.02,44.33,12.27,1.66,10.61,0.0018964143132164,0.0223549455304111,0.0046576702739809,0.0065540845871973,0.027012615804392,0.04,93.7723,1512.58,4.96,5.78,1345.2,3.17,74.3,1229.0589,41.5,131704.0,72.794,75.7389,9.0,3.168571428571429,9102.5,0.0,204.1,-0.0395308387566353,-0.0406835766364434
2011-06-01,1287.29,24.34,83.87,225.72,3.0,1843.8,34.86,964315.16,120.13,62827.42,22.1,24.36,3.93,1.0,45.14,12.77,1.49,11.29,-0.0362224317656946,0.0181071226324274,-0.001062699356122,-0.0372851311218166,0.0170444232763054,0.04,94.0493,1529.36,4.99,5.75,1320.64,3.0,71.5,1233.6241,41.4,131931.0,72.894,75.8967,9.1,3.002272727272727,9176.5,0.0,203.9,0.0060301690265912,-0.0052038278750271
2011-07-01,1325.19,24.62,84.91,225.92,3.0,1896.41,35.23,993362.98,121.51,63646.07,22.61,24.92,3.86,1.06,45.22,12.72,1.62,11.1,0.0296779653822167,0.0017706954604342,0.0008856612039379,0.0305636265861547,0.0026563566643721,0.04,94.4958,1572.75,4.93,5.76,1292.28,3.0,63.7,1244.3309,41.4,131993.0,73.305,76.1727,9.0,3.003,9338.4,0.0,204.6,-0.0120969217088286,0.0017376198985406
2011-08-01,1185.31,24.9,85.94,226.55,2.3,1691.57,35.54,887616.62,122.65,64358.46,20.05,22.09,5.16,1.03,48.0,14.22,1.04,13.18,-0.1125562204896738,0.0596615440580671,0.0027847168082701,-0.1097715036814037,0.0624462608663372,0.02,95.0974,1759.01,4.37,5.36,1218.89,2.3,55.8,1263.0844,41.4,132125.0,73.6013,76.557,9.0,2.3030434782608693,9524.9,0.0,203.2,-0.1205759789470998,-0.0719734996250891
2011-09-01,1173.88,25.18,86.98,226.89,1.98,1672.72,35.88,879293.45,123.94,65152.27,19.7,21.71,5.54,0.99,49.4,14.29,0.65,13.64,-0.009421228283911,0.0287494132859857,0.0014996474229005,-0.0079215808610104,0.0302490607088863,0.01,95.0244,1772.14,4.09,5.27,1131.42,1.98,59.5,1269.5994,41.4,132344.0,73.7503,76.3854,9.0,1.975238095238095,9545.1,0.0,203.7,-0.0662180390527884,-0.0169336125294398
2011-10-01,1207.22,25.6,86.97,226.42,2.15,1723.78,36.55,907736.87,124.18,65394.77,20.16,22.21,5.26,1.01,48.83,13.88,0.5,13.38,0.0318358586049743,-0.0116055461203078,-0.0020736368860844,0.0297622217188898,-0.0136791830063923,0.02,95.6891,1666.43,3.98,5.37,1253.3,2.15,60.8,1280.3982,41.5,132553.0,74.0935,76.7959,8.8,2.152,9577.9,0.0,201.1,-0.0272631507583639,0.0187975459675024
2011-11-01,1226.42,26.01,86.96,226.23,2.01,1752.67,37.18,924583.74,124.27,65558.13,20.35,22.42,5.37,1.0,49.58,14.15,0.33,13.82,0.0183890795614203,0.0152426485334754,-0.0008395007672979,0.0175495787941223,0.0144031477661774,0.01,95.6778,1739.0,3.87,5.14,1246.96,2.01,63.7,1293.2356,41.5,132690.0,73.8792,76.6551,8.6,2.0135,9629.5,0.0,201.4,-0.0280273122546558,-0.0437748290536997
2011-12-01,1243.32,26.43,86.95,225.67,1.98,1781.22,37.86,941306.64,124.57,65829.08,20.52,22.62,5.37,1.0,49.92,13.94,0.33,13.61,0.0179253271860853,0.0068341974541277,-0.0024784256988465,0.0154469014872388,0.0043557717552812,0.01,96.1809,1639.97,3.93,5.25,1257.6,1.98,69.9,1304.0391,41.6,132888.0,74.2998,76.9204,8.5,1.978095238095238,9677.1,0.0,199.8,0.0153849188394794,0.0211749971364587
2012-01-01,1300.58,26.74,87.48,226.67,1.97,1855.09,38.14,982023.44,124.78,66053.15,21.21,23.39,5.24,1.0,49.82,13.13,0.01,13.12,0.0423462251209106,-0.0020052142271379,0.0044214600924462,0.0467676852133568,0.0024162458653083,0.03,96.7595,1654.05,3.85,5.23,1312.41,1.97,75.0,1321.3179,41.8,133245.0,74.8515,77.2407,8.3,1.9665,9750.3,0.0,200.7,-0.020566277581477,-0.0038167985267007
2012-02-01,1352.49,27.04,88.01,227.66,1.97,1920.67,38.4,1018436.38,124.98,66272.27,21.8,24.03,5.12,0.98,49.69,12.28,-0.19,12.48,0.0364085915840762,-0.0026128042198052,0.0043580726208054,0.0407666642048817,0.0017452684010002,0.09,97.0662,1744.82,3.85,5.14,1365.68,1.97,75.3,1344.1778,41.8,133508.0,75.0782,77.3425,8.3,1.9675,9802.0,0.0,201.6,0.0,-0.0173581986097579
2012-03-01,1389.24,27.35,88.54,229.39,2.17,1957.99,38.55,1039927.88,124.79,66277.4,22.05,24.32,4.89,1.01,48.52,11.8,-0.25,12.05,0.0208828742695822,-0.0238276215383797,0.0075703238689658,0.028453198138548,-0.0162572976694139,0.08,96.5609,1675.95,3.99,5.23,1408.47,2.17,76.2,1350.492,41.6,133748.0,74.596,76.798,8.2,2.1727272727272724,9846.0,0.0,204.2,0.0357180826020792,0.0173581986097579
2012-04-01,1386.43,27.67,88.33,230.09,2.05,1948.15,38.89,1036419.63,124.12,66033.19,21.78,24.02,5.04,1.02,48.98,11.79,-0.93,12.72,-0.0033792545049427,0.009435967448172,0.0030469249654048,-0.0003323295395379,0.0124828924135769,0.08,97.251,1649.2,3.96,5.19,1397.91,2.05,76.4,1368.5956,41.7,133825.0,74.8665,77.2057,8.2,2.052857142857143,9899.5,0.0,203.7,-0.0075472056353829,-0.0076775808990343
2012-05-01,1341.27,28.0,88.13,229.82,1.8,1886.9,39.39,1005584.57,123.98,66070.83,20.94,23.1,5.46,1.02,50.23,11.09,-1.4,12.49,-0.0302030759869476,0.0252004062379315,-0.0011741429019537,-0.0313772188889014,0.0240262633359778,0.09,97.4595,1589.04,3.8,5.07,1310.33,1.8,79.3,1379.0397,41.6,133933.0,74.5373,77.233,8.2,1.8031818181818184,9942.8,0.0,201.9,-0.0412429585340491,-0.0233928795747054
2012-06-01,1323.48,28.32,87.92,229.48,1.62,1864.61,39.9,995476.07,123.87,66130.4,20.55,22.67,5.71,1.01,51.21,10.67,-1.9,12.57,-0.0101032280415694,0.0193223677125057,-0.0014805140958173,-0.0115837421373868,0.0178418536166883,0.09,97.4768,1598.76,3.64,5.02,1362.16,1.62,73.2,1397.9731,41.7,134012.0,74.6728,77.1126,8.2,1.6223809523809525,10012.8,0.0,199.8,-0.0430173850836907,-0.0099108838994541
2012-07-01,1359.78,28.74,87.45,229.1,1.53,1918.88,40.56,1026253.89,123.4,65997.8,21.0,23.17,5.67,0.99,51.79,10.39,-1.78,12.17,0.0304493662152886,0.0112622549613412,-0.0016572902742204,0.0287920759410681,0.0096049646871207,0.1,97.6714,1594.29,3.4,4.87,1379.32,1.53,72.3,1413.7811,41.7,134157.0,74.4286,77.1378,8.2,1.5266666666666668,10065.5,0.0,200.1,-0.0682082500265336,-0.0303359966091392
2012-08-01,1403.45,29.17,86.97,230.38,1.68,1969.54,40.93,1055174.72,122.05,65390.33,21.41,23.63,5.45,1.0,50.86,10.77,-1.58,12.35,0.0277911923136796,-0.0181203204418264,0.0055715300389104,0.0333627223525901,-0.0125487904029159,0.1,97.2734,1630.31,3.48,4.91,1406.58,1.68,74.3,1425.6215,41.5,134338.0,74.2631,76.6993,8.1,1.6782608695652177,10136.1,0.0,202.7,0.0232568621642671,0.0081800047119306
2012-09-01,1443.42,29.59,86.5,231.41,1.72,2016.64,41.34,1082250.59,120.85,64856.16,21.78,24.04,5.36,1.0,50.52,9.64,-2.03,11.67,0.0253363879099619,-0.0067074625116831,0.00446090953922,0.029797297449182,-0.0022465529724631,0.11,97.2217,1744.81,3.49,4.84,1440.67,1.72,78.3,1434.331,41.5,134517.0,74.0434,76.5385,7.8,1.7231578947368422,10216.3,0.0,204.4,0.0028694424279529,-0.0143592210778888
2012-10-01,1437.82,30.14,86.5,231.32,1.75,2009.6,42.13,1080355.4,120.9,64997.25,21.58,23.82,5.35,1.01,50.47,9.27,-2.41,11.68,-0.0017526914231448,-0.0009901971301194,-0.0003889957475628,-0.0021416871707077,-0.0013791928776823,0.1,97.5311,1746.58,3.47,4.58,1412.16,1.75,82.6,1449.5834,41.5,134668.0,73.8308,76.6654,7.8,1.7461904761904763,10282.6,0.0,203.5,-0.0057471422555679,-0.0552157226024466
2012-11-01,1394.51,30.7,86.51,230.22,1.65,1958.34,43.11,1054732.44,121.48,65428.99,20.9,23.07,5.55,0.99,51.25,10.11,-2.44,12.55,-0.0240029376883854,0.0153365176663466,-0.0047666598031014,-0.0287695974914869,0.0105698578632451,0.09,97.9084,1721.64,3.5,4.51,1416.18,1.65,82.7,1457.5771,41.5,134825.0,74.2235,76.849,7.7,1.654,10351.6,0.0,201.8,0.0086083745366001,-0.0154018446115067
2012-12-01,1422.29,31.25,86.51,229.6,1.72,2002.75,44.0,1080623.58,121.82,65728.33,21.24,23.46,5.4,0.98,51.13,9.88,-2.14,12.02,0.0242511400113686,-0.0023442089266096,-0.0026967090415046,0.021554430969864,-0.0050409179681143,0.07,98.1884,1684.762,3.65,4.63,1426.19,1.72,72.9,1474.5892,41.7,135074.0,74.7163,76.9607,7.9,1.719,10474.1,0.0,201.5,0.0419641990990322,0.0262597145835557
2013-01-01,1480.4,31.54,86.91,230.28,1.91,2078.43,44.28,1123448.59,122.01,65951.89,21.9,24.19,5.05,1.0,50.18,9.51,-1.93,11.45,0.0388647894065965,-0.0187548681536316,0.0029572953621975,0.0418220847687941,-0.015797572791434,0.07,98.1736,1671.848,3.8,4.73,1498.11,1.91,73.8,1485.1014,41.6,135257.0,74.4744,76.8466,8.0,1.9147619047619049,10497.4,0.0,202.5,0.0402738991379399,0.021368334405699
2013-02-01,1512.31,31.82,87.3,232.17,1.98,2105.98,44.32,1140337.62,121.57,65829.94,22.05,24.37,4.96,1.0,49.54,9.63,-2.01,11.64,0.0149213236482638,-0.0128361168770627,0.0081739021428685,0.0230952257911324,-0.0046622147341942,0.1,98.6434,1627.57,3.9,4.85,1514.68,1.98,77.6,1491.2673,41.9,135545.0,74.7401,77.1172,7.7,1.9842105263157896,10516.4,0.0,204.3,0.0259754864032607,0.02505350244555
2013-03-01,1550.83,32.11,87.7,232.77,1.96,2153.99,44.6,1168346.15,121.81,66070.4,22.42,24.78,4.87,1.02,49.58,9.04,-1.95,10.99,0.0242648253460208,0.0008071025458308,0.0025809796234902,0.026845804969511,0.003388082169321,0.09,99.047,1593.086,3.93,4.85,1569.19,1.96,78.6,1499.186,41.9,135689.0,74.6388,77.3418,7.5,1.9575,10572.6,0.0,204.0,0.007662872745569,0.0
2013-04-01,1570.7,32.5,88.78,232.53,1.76,2183.86,45.18,1186589.37,123.44,67071.6,22.6,24.98,5.05,0.99,50.62,9.24,-2.01,11.25,0.0154939146327626,0.0207592285099335,-0.0010315926124378,0.0144623220203247,0.0197276358974956,0.06,98.9445,1487.857,3.73,4.59,1597.57,1.76,76.4,1507.451,41.8,135873.0,74.381,77.1785,7.6,1.7590909090909093,10600.0,0.0,203.5,-0.0522311922254457,-0.0550986808769379
2013-05-01,1639.84,32.88,89.87,232.95,1.93,2275.93,45.64,1238686.14,124.73,67882.6,23.41,25.88,4.76,0.97,49.83,8.83,-1.94,10.77,0.0429681369316711,-0.0157295428236647,0.0018045893012759,0.0447727262329471,-0.0139249535223888,0.04,99.0383,1414.027,3.89,4.73,1630.74,1.93,84.5,1510.4217,41.7,136095.0,74.6098,77.1749,7.5,1.9281818181818184,10634.2,0.0,204.1,0.0420009239746307,0.0300451784313879
2013-06-01,1618.77,33.27,90.95,233.5,2.3,2241.31,46.06,1221932.48,125.93,68653.83,22.93,25.35,4.49,0.98,48.16,9.47,-1.76,11.22,-0.013617647825128,-0.0340884112927476,0.0023582388461462,-0.0112594089789818,-0.0317301724466014,0.05,99.2221,1343.35,4.27,5.19,1606.28,2.3,84.1,1521.7516,41.8,136279.0,74.7638,77.2476,7.5,2.3,10691.3,0.0,204.3,0.0932046696101781,0.0928084946739556
2013-07-01,1668.68,33.65,92.09,233.6,2.58,2309.51,46.57,1261226.77,127.46,69603.74,23.49,25.98,4.1,0.99,47.05,9.52,-1.64,11.15,0.0316512687398117,-0.0233179349691769,0.0004281738451199,0.0320794425849317,-0.0228897611240569,0.04,98.8987,1285.516,4.34,5.32,1685.73,2.58,85.1,1531.8942,41.7,136391.0,74.1639,76.9323,7.3,2.5822727272727275,10730.5,0.0,204.4,0.0162605208717803,0.0247396061757557
2013-08-01,1670.09,34.02,93.23,233.88,2.74,2308.68,47.03,1262916.24,128.88,70500.2,23.36,25.83,3.94,1.0,46.44,9.35,-1.74,11.08,0.001338648599226,-0.0130497092016978,0.0011979123533978,0.0025365609526239,-0.0118517968482999,0.04,99.4897,1351.742,4.54,5.42,1632.97,2.74,82.1,1533.0979,41.9,136646.0,74.8212,77.3333,7.2,2.7372727272727277,10788.5,0.0,204.2,0.0450526639409431,0.0186225120980018
2013-09-01,1687.17,34.4,94.37,234.15,2.81,2329.58,47.5,1276515.25,130.3,71400.48,23.44,25.92,3.83,1.02,46.22,9.1,-1.85,10.94,0.0107103814779651,-0.004748551983456,0.001153772322081,0.0118641538000462,-0.0035947796613749,0.02,100.021,1348.6,4.64,5.47,1681.55,2.81,77.5,1540.0041,41.8,136821.0,74.9015,77.6904,7.2,2.8095,10848.9,0.0,203.9,0.0217873541849072,0.0091828009823349
2013-10-01,1720.03,34.6,96.31,233.55,2.62,2381.09,47.89,1306924.2,133.33,73181.41,23.83,26.36,3.93,0.99,47.21,8.51,-2.34,10.85,0.0235425331935737,0.0211931297119607,-0.0025657486814337,0.02097678451214,0.018627381030527,0.05,99.9037,1316.58,4.53,5.31,1756.54,2.62,73.2,1549.6383,41.9,137041.0,75.0163,77.5455,7.2,2.6159090909090907,10973.2,0.0,202.5,-0.023992426743221,-0.0296867811800423
2013-11-01,1783.54,34.79,98.26,233.07,2.72,2474.06,48.26,1360161.87,136.3,74932.42,24.64,27.25,3.7,0.99,47.0,8.59,-2.01,10.6,0.0399272771732693,-0.0044581328481368,-0.002057349317678,0.0378699278555913,-0.0065154821658148,0.07,100.1582,1275.86,4.63,5.38,1805.81,2.72,75.1,1558.8509,42.0,137316.0,75.0237,77.6904,6.9,2.718421052631579,10981.9,0.0,201.2,0.0218349286031999,0.0130965389198457
2013-12-01,1807.78,34.99,100.2,233.05,2.9,2507.9,48.54,1380989.94,139.01,76544.27,24.86,27.48,3.5,1.01,46.38,8.98,-1.46,10.44,0.0151968751000074,-0.0132792698826729,-8.581481168903477e-05,0.0151110602883183,-0.013365084694362,0.07,100.374,1221.512,4.62,5.38,1848.36,2.9,82.5,1574.33,41.9,137373.0,74.9307,77.8052,6.7,2.901904761904762,11046.9,0.0,202.0,-0.0021621630044951,0.0
2014-01-01,1822.36,35.4,100.42,233.92,2.86,2518.76,48.93,1389213.36,138.79,76549.19,24.86,27.47,3.53,1.02,46.48,9.17,-1.53,10.7,0.0059370690630918,0.0021537807162701,0.0037261537426635,0.0096632228057553,0.0058799344589336,0.04,99.9899,1244.27,4.49,5.19,1782.59,2.86,81.2,1586.7954,41.6,137561.0,74.1619,77.4541,6.6,2.858095238095238,11116.6,0.0,203.8,-0.0285420033394845,-0.0359546769958957
2014-02-01,1817.04,35.82,100.63,234.78,2.71,2502.15,49.32,1382321.44,138.58,76557.27,24.59,27.17,3.7,1.0,47.02,9.61,-1.79,11.4,-0.0049733701381818,0.0115509305682679,0.0036697288889624,-0.0013036412492194,0.0152206594572303,0.05,100.7471,1299.58,4.45,5.1,1859.45,2.71,81.6,1619.7096,41.6,137712.0,74.8927,77.9861,6.7,2.709473684210526,11182.3,0.0,205.7,-0.008948605576014,-0.0174931574475173
2014-03-01,1863.52,36.23,100.85,236.29,2.72,2549.73,49.57,1410891.95,137.99,76354.67,24.96,27.57,3.63,1.0,46.79,9.67,-1.77,11.44,0.0204578042935597,-0.0049035382337986,0.0064109587611005,0.0268687630546603,0.0015074205273019,0.05,101.7435,1336.08,4.38,5.06,1872.34,2.72,80.0,1633.3176,42.0,137985.0,75.5836,78.7,6.7,2.723333333333333,11218.2,0.0,207.0,-0.0158553717897941,-0.0078740564309058
2014-04-01,1864.26,36.61,101.61,237.07,2.71,2542.37,49.93,1409116.73,138.57,76800.26,24.79,27.37,3.67,1.02,46.78,9.53,-2.03,11.56,-0.0012590175676306,-0.0002137437220918,0.0032955919636645,0.0020365743960338,0.0030818482415726,0.03,101.8273,1298.45,4.24,4.9,1883.95,2.71,84.1,1651.1911,41.9,138297.0,75.6166,78.7032,6.2,2.705238095238095,11263.1,0.0,208.3,-0.0324854551444883,-0.032131278182793
2014-05-01,1889.77,37.0,102.36,237.9,2.56,2568.18,50.28,1425749.45,139.11,77228.69,24.94,27.54,3.77,1.0,47.34,9.65,-2.08,11.73,0.0117345298174895,0.0118998429298049,0.003494961133771,0.0152294909512605,0.0153948040635759,0.03,102.2392,1288.74,4.16,4.76,1923.57,2.56,81.9,1663.6926,42.1,138512.0,75.887,78.9551,6.3,2.559047619047619,11327.6,0.0,208.0,-0.0190481949706944,-0.0289875368732524
2014-06-01,1947.09,37.38,103.12,238.34,2.6,2641.16,50.7,1468610.3,139.88,77779.2,25.56,28.21,3.62,1.01,47.18,9.71,-1.88,11.59,0.0296189742004497,-0.0033855301063089,0.0018478083537481,0.0314667825541978,-0.0015377217525608,0.04,102.5774,1279.1,4.25,4.8,1960.23,2.6,82.5,1676.8043,42.1,138849.0,76.1833,79.1445,6.1,2.5985714285714288,11382.8,0.0,208.3,0.0214039086631535,0.0083682496705165
2014-07-01,1973.1,37.75,104.07,238.25,2.54,2677.49,51.23,1491183.2,141.22,78649.06,25.82,28.49,3.65,1.01,47.55,9.78,-1.89,11.67,0.0152533192982994,0.0078117150118703,-0.0003776831283486,0.0148756361699508,0.0074340318835217,0.03,102.7954,1310.59,4.16,4.73,1930.67,2.54,81.8,1694.9147,42.0,139073.0,76.5755,79.236,6.2,2.5422727272727275,11437.5,0.0,208.0,-0.0214039086631534,-0.0146907154100034
2014-08-01,1961.53,38.12,105.01,237.85,2.42,2666.24,51.82,1487324.48,142.74,79626.06,25.62,28.26,3.78,0.99,48.24,9.7,-1.7,11.4,-0.0025910439544648,0.0144067634275307,-0.001680319656021,-0.0042713636104858,0.0127264437715097,0.03,102.6322,1295.13,4.08,4.69,2003.37,2.42,82.5,1711.7561,42.0,139269.0,76.212,79.0306,6.1,2.42,11461.6,0.0,207.0,-0.0194180858571016,-0.0084926200456535
2014-09-01,1993.23,38.49,105.96,238.03,2.53,2707.3,52.28,1512654.61,143.92,80412.64,25.92,28.58,3.61,1.02,47.83,9.79,-1.48,11.27,0.0168872723493614,-0.0085354947267245,0.0007564932696655,0.017643765619027,-0.007779001457059,0.02,102.9417,1236.55,4.11,4.8,1972.29,2.53,84.6,1725.7351,42.1,139563.0,76.2891,79.1927,5.9,2.5342857142857143,11502.8,0.0,206.4,0.0073260400920728,0.023183335455657
2014-10-01,1937.27,38.81,104.74,237.43,2.3,2637.92,52.84,1476349.97,142.63,79822.54,25.16,27.74,3.88,1.0,49.03,10.38,-2.01,12.4,-0.0242933220672845,0.0247792979709364,-0.0025238729588049,-0.0268171950260894,0.0222554250121315,0.02,102.9611,1222.49,3.92,4.69,2018.05,2.3,86.9,1730.8096,42.1,139797.0,76.2897,79.1358,5.7,2.304090909090909,11576.6,0.0,203.4,-0.0473313747057721,-0.0231833354556571
2014-11-01,2044.57,39.12,103.53,236.15,2.33,2799.14,53.56,1569077.58,141.73,79450.14,26.61,29.32,3.57,1.01,49.26,9.99,-2.23,12.22,0.0609151129162808,0.0046800370292499,-0.0054056468470249,0.0555094660692558,-0.000725609817775,0.02,103.5978,1175.33,3.92,4.79,2067.56,2.33,88.8,1751.6656,42.2,140090.0,76.885,79.5592,5.8,2.325555555555556,11617.3,0.0,200.9,0.0,0.0210978289646357
2014-12-01,2054.27,39.44,102.31,234.81,2.21,2828.45,54.3,1588048.42,140.87,79090.5,26.79,29.52,3.65,1.03,50.17,10.01,-2.4,12.41,0.0120179355087774,0.0183048458037698,-0.0056905198572697,0.0063274156515076,0.0126143259465001,0.03,103.6151,1200.62,3.79,4.74,2058.9,2.21,93.6,1773.178,42.1,140364.0,76.8289,79.5137,5.6,2.2072727272727275,11701.0,0.0,197.0,-0.0337256347080362,-0.0104932757158386
2015-01-01,2028.18,39.9,101.29,233.71,1.88,2805.73,55.19,1577875.09,140.12,78801.18,26.49,29.17,3.95,0.99,52.0,9.97,-2.96,12.93,-0.0064267914143503,0.0358264800852656,-0.0046956459539226,-0.011122437368273,0.0311308341313429,0.03,102.7923,1250.75,3.46,4.45,1994.99,1.88,98.1,1791.5773,42.0,140568.0,76.4695,78.8301,5.7,1.8815,11787.8,0.0,192.0,-0.0910974300247021,-0.0631330395288363
2015-02-01,2082.2,40.35,100.27,234.72,1.98,2868.01,55.58,1615501.31,138.11,77795.75,27.0,29.72,3.76,1.0,51.39,9.78,-2.71,12.49,0.0235662550469211,-0.0118001175772891,0.0043122838637378,0.027878538910659,-0.0074878337135512,0.02,102.1366,1227.08,3.61,4.51,2104.5,1.98,95.4,1807.9304,41.9,140827.0,75.98,78.2911,5.5,1.9752631578947368,11904.7,0.0,191.1,0.0424391832751567,0.013393057336438
2015-03-01,2079.99,40.81,99.25,236.12,2.04,2848.01,55.88,1606861.64,135.9,76673.93,26.73,29.42,3.72,1.01,50.9,9.16,-2.47,11.64,-0.0053623324476953,-0.0095806774476612,0.0059468359778171,0.0005845035301217,-0.003633841469844,0.03,101.7869,1178.63,3.64,4.54,2067.89,2.04,93.0,1833.4502,41.8,140923.0,76.333,77.9964,5.4,2.0427272727272725,11902.8,0.0,191.5,0.0082759093038598,0.0066298585386695
2015-04-01,2094.86,41.12,97.8,236.6,1.94,2862.56,56.19,1617707.83,133.64,75526.39,26.79,29.48,3.77,0.98,51.34,8.45,-2.55,11.0,0.0067272428181754,0.0086072518865174,0.0020308011717978,0.0087580439899732,0.0106380530583153,0.02,101.2255,1198.93,3.52,4.48,2085.51,1.93,95.9,1847.9368,41.8,141196.0,76.3931,77.5449,5.4,1.935,11936.7,0.0,190.9,-0.0335226920386435,-0.0133039656263627
2015-05-01,2111.94,41.43,96.36,237.81,2.2,2871.26,56.33,1625279.16,131.0,74152.9,26.81,29.49,3.57,0.99,49.98,9.25,-2.39,11.63,0.0046693642495598,-0.0268472500361881,0.0051010839728879,0.0097704482224477,-0.0217461660633002,0.02,100.7675,1198.63,3.98,4.89,2107.39,2.2,90.7,1863.5293,41.8,141538.0,76.4751,77.1821,5.6,2.1975,11964.2,0.0,193.4,0.1228208296863405,0.0875692570598867
2015-06-01,2099.29,41.74,94.91,238.64,2.36,2844.1,56.55,1612572.32,128.58,72905.24,26.5,29.14,3.48,1.01,49.19,9.71,-2.2,11.91,-0.0078489735021072,-0.0159325745995578,0.0034841046893187,-0.0043648688127884,-0.012448469910239,0.02,100.4588,1181.5,4.19,5.13,2063.11,2.36,96.1,1880.1555,41.8,141709.0,76.2482,76.9429,5.3,2.363636363636364,12004.6,0.0,194.8,0.0514189146377001,0.0479133556958974
2015-07-01,2094.14,42.0,93.49,238.65,2.32,2836.93,56.89,1611196.63,126.66,71932.22,26.38,29.01,3.49,1.02,49.46,10.19,-2.24,12.43,-0.0008534669232453,0.0054739112860216,4.190324541265905e-05,-0.0008115636778327,0.0055158145314343,0.03,101.0893,1128.31,4.15,5.2,2103.84,2.32,93.1,1889.5042,41.8,141991.0,76.8548,77.4307,5.2,2.3245454545454547,12048.3,0.0,193.9,-0.0095923996914394,0.0135529664047036
2015-08-01,2039.87,42.25,92.08,238.32,2.17,2767.33,57.32,1574381.03,124.91,71065.19,25.69,28.25,3.68,1.0,50.29,10.62,-2.29,12.91,-0.0231149531625256,0.0166419880906032,-0.0013837350468787,-0.0244986882094043,0.0152582530437245,0.07,100.9165,1117.93,4.04,5.19,1972.18,2.17,91.9,1903.4103,41.8,142125.0,76.6364,77.308,5.1,2.1671428571428573,12093.1,0.0,191.9,-0.0268636422695482,-0.0019249284095843
2015-09-01,1944.41,42.51,90.66,237.95,2.17,2641.94,57.76,1505782.82,123.18,70208.58,24.5,26.94,3.73,1.01,50.46,11.4,-2.2,13.6,-0.0445492890576012,0.0033746930290383,-0.0015537408379074,-0.0461030298955086,0.0018209521911309,0.02,100.633,1124.77,4.07,5.34,1920.03,2.17,87.2,1915.348,41.8,142275.0,76.4433,77.1039,5.0,2.172857142857143,12154.3,0.0,189.1,0.0073983074814449,0.028491955794306
2015-10-01,2024.81,42.8,89.28,237.84,2.07,2752.42,58.18,1571514.87,121.37,69295.43,25.49,28.03,3.64,0.98,51.02,11.17,-2.24,13.42,0.0427271303567787,0.0110367695007536,-0.0004623888772771,0.0422647414795016,0.0105743806234765,0.02,100.1563,1159.25,3.95,5.34,2079.36,2.07,90.0,1930.1677,41.8,142579.0,76.3444,76.752,5.0,2.07,12205.6,0.0,187.5,-0.0299274205414731,0.0
2015-11-01,2080.62,43.1,87.91,237.34,2.26,2834.27,58.71,1621039.54,119.75,68489.29,26.23,28.83,3.4,1.0,50.36,10.89,-2.07,12.96,0.0310275952985651,-0.013020503537519,-0.0021044664528492,0.0289231288457159,-0.0151249699903682,0.12,99.4366,1086.44,4.06,5.46,2080.41,2.26,91.3,1946.3666,41.8,142808.0,76.1487,76.2118,5.1,2.263157894736842,12296.9,0.0,185.7,0.0274673947006107,0.0222231367847102
2015-12-01,2054.08,43.39,86.53,236.53,2.24,2807.71,59.31,1608676.01,118.28,67766.95,25.97,28.54,3.47,1.02,50.71,11.18,-2.13,13.32,-0.0076561481659194,0.0069259206307813,-0.0034186624554811,-0.0110748106214005,0.0035072581753002,0.23,98.9471,1075.74,3.97,5.46,2043.94,2.24,92.6,1952.8521,41.8,143077.0,75.9268,75.845,5.0,2.2427272727272727,12368.2,0.0,183.5,-0.022416878914542,0.0
2016-01-01,1918.6,43.55,86.5,236.92,2.09,2618.19,59.43,1502931.26,118.04,67759.59,24.21,26.61,3.84,1.03,51.4,11.96,-2.25,14.21,-0.0679941121118547,0.0135150426541917,0.0016474816272524,-0.0663466304846023,0.0151625242814442,0.26,99.4391,1097.91,4.0,5.45,1940.24,2.09,92.0,1963.8478,41.9,143210.0,76.1819,76.2263,4.8,2.0852631578947367,12505.5,0.0,182.6,0.0075282664207915,-0.0018331810816609
2016-02-01,1904.42,43.72,86.47,237.11,1.78,2596.71,59.61,1493447.94,117.9,67809.85,24.0,26.39,4.17,0.99,52.9,,,,-0.0063298741789669,0.0287651664031341,0.0008016370701215,-0.0055282371088453,0.0295668034732557,0.31,98.9232,1199.5,3.96,5.34,1932.23,1.78,91.7,1987.1478,41.8,143407.0,75.8794,75.8298,4.9,1.7795,12577.7,0.0,181.3,-0.0100503358535014,-0.0203899557030492
2016-03-01,2021.95,43.88,86.44,238.13,1.89,2745.14,59.57,1581671.96,117.36,67617.76,25.37,27.89,3.82,1.01,52.23,,,,0.0573949897191874,-0.0127462964160464,0.0042925745569656,0.061687564276153,-0.0084537218590807,0.29,98.1635,1245.14,3.82,5.13,2059.74,1.89,91.0,2017.6235,41.8,143662.0,75.7697,75.2411,5.0,1.8890909090909087,12628.6,0.0,182.1,-0.0359936026479053,-0.0401199937894252
2016-04-01,2075.54,44.07,86.6,239.26,1.81,2804.6,59.55,1618791.02,117.02,67542.57,25.92,28.5,3.78,1.0,52.44,,,,0.0231970966162874,0.0040126164472917,0.0047340837069063,0.0279311803231938,0.0087467001541981,0.23,98.4775,1242.26,3.62,4.79,2065.3,1.81,89.0,2033.446,41.8,143855.0,75.6252,75.4701,5.1,1.805238095238095,12707.6,0.0,183.2,-0.053776396780804,-0.0685752477598543
2016-05-01,2065.55,44.27,86.76,240.23,1.81,2779.85,59.57,1607373.45,116.76,67515.05,25.69,28.24,3.81,1.02,52.31,,,,-0.0070781373823402,-0.0024821015129793,0.0040459710243455,-0.0030321663579947,0.0015638695113661,0.27,98.2549,1260.95,3.65,4.68,2096.96,1.81,94.7,2048.1212,41.9,143900.0,75.5269,75.2833,4.8,1.806190476190476,12774.6,0.0,185.3,0.0082531417567204,-0.0232323014932685
2016-06-01,2083.89,44.46,86.92,241.02,1.64,2795.36,59.64,1619210.39,116.6,67538.0,25.84,28.4,3.97,1.01,53.02,,,,0.0073371675365889,0.0134816434783597,0.0032831198321422,0.0106202873687311,0.0167647633105019,0.27,98.7315,1276.4,3.5,4.53,2098.86,1.64,93.5,2050.7824,41.8,144146.0,75.6609,75.6283,4.9,1.6440909090909093,12835.1,0.0,187.6,-0.041964199099032,-0.0325761704346126
2016-07-01,2148.9,44.65,87.64,240.63,1.5,2887.23,59.99,1675326.07,117.76,68328.52,26.69,29.33,3.94,1.0,53.87,,,,0.0340691981488279,0.0159045358315627,-0.0016194335523029,0.0324497645965249,0.0142851022792597,0.3,98.8452,1336.66,3.28,4.22,2173.6,1.5,90.0,2057.7702,42.0,144520.0,75.664,75.6916,4.8,1.504,12889.3,0.0,187.7,-0.0649195460993157,-0.0708868114470223
2016-08-01,2170.95,44.84,88.37,240.85,1.56,2914.18,60.19,1693874.17,118.62,68947.7,26.95,29.61,3.83,0.99,53.59,,,,0.0110104986716208,-0.0052112531856834,0.0009138490292869,0.0119243477009078,-0.0042974041563964,0.3,98.7427,1340.17,3.32,4.24,2170.95,1.56,89.8,2051.3597,41.8,144662.0,75.3548,75.5879,4.9,1.556521739130435,12973.6,0.0,186.6,0.0121213605323448,0.0047281411959461
2016-09-01,2157.69,45.03,89.09,241.43,1.63,2889.44,60.3,1682411.48,119.3,69465.97,26.73,29.36,3.87,0.99,53.19,,,,-0.0067901446914562,-0.0074920747525327,0.0024052429278331,-0.004384901763623,-0.0050868318246995,0.29,98.6552,1326.61,3.41,4.31,2168.27,1.63,91.2,2070.3166,41.9,144967.0,75.4944,75.4977,5.0,1.6304761904761906,13033.8,0.0,186.9,0.0267475083670283,0.0163746348717898
2016-10-01,2143.02,45.25,90.91,241.73,1.76,2866.22,60.52,1671828.96,121.59,70921.4,26.53,29.13,3.83,0.97,52.56,,,,-0.0063099561892937,-0.011915034577871,0.0012418248139466,-0.005068131375347,-0.0106732097639244,0.33,98.7237,1266.55,3.51,4.38,2126.15,1.76,87.2,2086.261,42.0,145066.0,75.5984,75.5318,4.9,1.7645,13107.1,0.0,186.7,0.0289037461823489,0.0161108202726984
2016-11-01,2164.99,45.48,92.73,241.35,2.14,2900.11,60.92,1694560.65,124.22,72580.76,26.85,29.48,3.41,0.97,50.94,,,,0.013505290914414,-0.0313069046250442,-0.0015732387115075,0.0119320522029064,-0.0328801433365518,0.45,98.3443,1238.35,3.86,4.71,2198.81,2.14,93.8,2089.4401,41.9,145183.0,75.5624,75.2309,4.7,2.1420000000000003,13180.6,0.0,186.3,0.095051145998965,0.0726391836399717
2016-12-01,2246.63,45.7,94.55,241.43,2.49,3008.49,61.2,1760865.6,126.61,74106.48,27.87,30.59,2.91,1.01,49.45,,,,0.0383820026354097,-0.0296864114825897,0.000331413897561,0.0387134165329708,-0.0293549975850286,0.51,99.0406,1157.36,4.06,4.83,2238.83,2.49,98.2,2083.6422,41.9,145408.0,75.6277,75.7622,4.7,2.491904761904762,13225.8,0.0,188.2,0.0505157901369017,0.0251585596361549
2017-01-01,2275.12,45.93,96.46,242.84,2.43,3028.99,61.14,1775846.07,128.43,75294.5,28.06,30.79,2.97,1.0,49.52,,,,0.0084714621874638,0.0014145703076194,0.0058232142581703,0.0142946764456342,0.0072377845657898,0.51,98.8158,1192.1,3.92,4.66,2278.87,2.43,98.5,2082.1871,41.9,145628.0,75.8061,75.5995,4.7,2.4325,13300.3,0.0,190.7,-0.03509131981127,-0.0358310195269268
2017-02-01,2329.91,46.15,98.38,243.6,2.42,3092.2,61.25,1815901.48,130.56,76673.49,28.66,31.43,2.88,1.0,49.51,,,,0.0223050590897153,-0.000201959003009,0.0031247455735087,0.025429804663224,0.0029227865704996,0.52,98.4356,1234.2,3.95,4.64,2363.64,2.42,96.3,2082.5725,41.9,145848.0,75.783,75.3306,4.6,2.4189473684210525,13367.0,0.0,191.6,0.0076239251106593,-0.0043010818993906
2017-03-01,2366.82,46.38,100.29,243.8,2.48,3138.64,61.5,1846180.41,132.99,78228.78,29.09,31.89,2.69,1.02,49.31,,,,0.0165368339267559,-0.0040477691372968,0.0008206812114293,0.0173575151381853,-0.0032270879258674,0.74,99.0492,1231.42,4.01,4.68,2362.72,2.48,96.9,2064.8393,41.8,145969.0,75.5882,75.8344,4.4,2.4817391304347827,13428.4,0.0,191.5,0.0150756624054471,0.0085837436913914
2017-04-01,2359.31,46.66,101.53,244.52,2.3,3119.43,61.69,1837905.05,134.25,79094.58,28.9,31.67,2.86,1.0,50.05,,,,-0.0044924983461945,0.0148956055251947,0.0029488881133534,-0.0015436102328411,0.0178444936385482,0.8,100.0416,1266.88,3.87,4.57,2384.2,2.3,97.0,2067.5158,42.0,146174.0,76.5283,76.6403,4.4,2.2973684210526315,13484.4,0.0,193.0,-0.0355367342767873,-0.0237849050234419
2017-05-01,2395.35,46.94,102.78,244.73,2.3,3164.38,62.01,1867431.3,135.77,80125.39,29.31,32.1,2.75,1.01,50.1,,,,0.01593748701288,0.0009985023295896,0.0008584568743856,0.0167959438872656,0.0018569592039752,0.89,100.128,1246.04,3.85,4.55,2411.8,2.3,97.1,2071.7385,41.9,146380.0,76.4978,76.764,4.4,2.303636363636364,13536.4,0.0,192.8,-0.0051813587419976,-0.0043859719432544
2017-06-01,2433.99,47.22,104.02,244.96,2.19,3212.51,62.32,1898900.55,137.29,81152.2,29.75,32.56,2.8,0.99,50.64,,,,0.0167112105909862,0.0107207697451016,0.0009393698744633,0.0176505804654496,0.011660139619565,0.98,100.337,1260.26,3.68,4.37,2423.41,2.19,95.0,2072.9162,42.0,146583.0,76.6444,76.9926,4.3,2.186818181818182,13558.1,0.0,193.6,-0.0451603961188533,-0.0403642238553602
2017-07-01,2454.1,47.54,105.04,244.79,2.32,3241.29,62.78,1919004.04,138.73,82136.91,30.0,32.82,2.64,1.01,50.19,,,,0.0105312614959411,-0.0089259741690785,-0.0006942317787758,0.0098370297171653,-0.0096202059478543,1.07,100.0865,1236.84,3.7,4.39,2470.3,2.32,93.4,2076.081,41.9,146772.0,76.4501,76.878,4.3,2.318,13615.1,0.0,193.5,0.0054200674693391,0.0045662179795811
2017-08-01,2456.22,47.85,106.06,245.52,2.21,3234.4,63.01,1918036.6,139.66,82821.15,29.91,32.71,2.81,1.0,50.62,,,,-0.0005042636298479,0.0085309514501356,0.0029777101808831,0.0024734465510351,0.0115086616310187,1.01,99.6323,1283.04,3.63,4.31,2471.65,2.21,96.8,2084.0958,42.0,146919.0,76.3832,76.6139,4.4,2.2091304347826086,13674.3,0.0,193.8,-0.0191001713734193,-0.0183913229714235
2017-09-01,2492.84,48.17,107.08,246.82,2.2,3265.33,63.1,1939497.94,140.26,83311.18,30.17,32.97,2.82,0.99,50.49,,,,0.0111270871112491,-0.0025714582461535,0.0052809157135566,0.0164080028248058,0.0027094574674031,1.03,99.7482,1314.07,3.63,4.3,2519.36,2.2,95.1,2102.9052,41.9,147007.0,76.5252,76.7906,4.3,2.202,13722.7,0.0,194.8,0.0,-0.0023228814161396
2017-10-01,2557.0,48.42,108.01,246.66,2.36,3351.49,63.47,1993815.91,141.57,84223.19,30.92,33.78,2.55,1.0,49.91,,,,0.0276211995439079,-0.0115539133893065,-0.0006484558871954,0.0269727436567124,-0.012202369276502,1.07,100.9893,1279.51,3.6,4.32,2575.26,2.36,100.7,2112.9422,42.0,147150.0,77.4468,77.8346,4.2,2.3600000000000003,13782.0,0.0,194.9,-0.008298802814695,0.0046403795565023
2017-11-01,2593.61,48.68,108.95,246.67,2.35,3399.4,63.8,2025476.18,142.79,85081.75,31.3,34.17,2.46,1.0,50.05,,,,0.0157544782203995,0.0028011222797117,4.054081447040298e-05,0.0157950190348699,0.0028416630941821,1.23,101.2493,1281.9,3.57,4.27,2647.58,2.35,98.5,2106.2299,42.1,147373.0,77.6016,78.1204,4.2,2.353333333333333,13814.6,0.0,195.9,-0.0083682496705166,-0.0116415750154859
2017-12-01,2664.34,48.93,109.88,246.52,2.4,3494.16,64.17,2085122.7,144.1,85992.51,32.09,35.02,2.33,0.99,49.95,,,,0.0290228789078846,-0.0020000006666669,-0.00060828485827,0.0284145940496146,-0.002608285524937,1.32,101.4871,1264.45,3.51,4.22,2673.61,2.4,95.9,2105.3574,41.8,147523.0,77.5404,78.3837,4.1,2.4025,13873.5,0.0,196.3,-0.0169495583137733,-0.0117786991926127
2018-01-01,2789.8,49.29,111.73,247.87,2.58,3638.87,64.29,2174675.43,145.74,87097.19,33.31,36.33,2.04,0.98,49.0,,,,0.0420517233787982,-0.0192022069839359,0.0054612890850833,0.0475130124638815,-0.0137409178988526,1.41,101.4852,1331.3,3.55,4.26,2823.81,2.58,95.7,2109.5759,41.9,147660.0,77.3713,78.4548,4.0,2.583809523809524,13882.9,0.0,197.9,0.01133156600955,0.0094340322333587
2018-02-01,2705.16,49.64,113.59,248.99,2.86,3512.54,64.46,2102388.85,147.49,88276.98,32.04,34.93,1.9,1.0,47.71,,,,-0.0338051799875148,-0.0266792785826109,0.0045083198365515,-0.0292968601509633,-0.0221709587460593,1.57,101.7319,1330.73,3.82,4.51,2713.83,2.86,99.7,2112.0245,42.3,148054.0,78.0999,78.7047,4.1,2.8589473684210525,13919.0,0.0,199.3,0.0733028191311593,0.0570279932333079
2018-03-01,2702.77,50.0,115.44,249.55,2.84,3501.52,64.78,2099023.48,149.56,89652.94,31.81,34.68,1.88,1.0,47.79,,,,-0.0016020187762711,0.0016753930620512,0.002246560899941,0.0006445421236698,0.0039219539619922,1.7,102.1943,1324.66,3.87,4.64,2640.87,2.84,101.4,2123.2264,42.2,148280.0,78.1015,79.1096,4.0,2.842380952380952,13975.8,0.0,199.3,0.0130040844232066,0.0284172127235769
2018-04-01,2653.63,50.33,117.79,250.55,2.87,3424.24,64.95,2055945.11,151.99,91257.23,30.97,33.75,1.91,0.99,47.59,,,,-0.0207365772893927,-0.0041937574570476,0.0039992054901154,-0.0167373717992772,-0.0001945519669321,1.76,103.3551,1334.76,3.85,4.67,2648.05,2.87,98.8,2167.1125,42.4,148422.0,78.692,80.0436,4.0,2.869047619047619,13993.7,0.0,200.3,-0.0051813587419976,0.0064447054426421
2018-05-01,2701.49,50.66,120.13,251.59,2.98,3471.56,65.1,2087614.05,154.38,92834.71,31.24,34.04,1.73,1.01,47.08,,,,0.0152861612152722,-0.0107743727409432,0.0041422770026925,0.0194284382179647,-0.0066320957382506,1.86,102.381,1303.45,4.0,4.83,2705.27,2.98,98.0,2173.6766,42.1,148740.0,78.0687,79.3092,3.8,2.977727272727273,14049.4,0.0,203.2,0.0382212128201976,0.0336873959836754
2018-06-01,2754.35,50.99,122.48,251.99,2.91,3533.86,65.42,2128353.63,157.14,94643.29,31.63,34.46,1.67,1.0,47.39,,,,0.0193269262034007,0.006562953587421,0.0015886257759418,0.0209155519793426,0.0081515793633628,1.9,103.2256,1281.57,3.96,4.83,2718.37,2.91,98.2,2191.1233,42.2,148959.0,78.6317,79.9674,4.0,2.9123809523809525,14109.7,0.0,204.2,-0.0100503358535014,0.0
2018-07-01,2793.64,51.44,125.12,252.01,2.89,3584.03,65.99,2161880.54,160.52,96822.53,31.89,34.73,1.62,1.0,47.58,,,,0.0156297261119661,0.0040012688953146,7.936507940674628e-05,0.0157090911913728,0.0040806339747214,1.96,103.3561,1237.71,3.87,4.79,2816.29,2.89,97.9,2204.0928,42.2,149020.0,78.6973,80.0561,3.8,2.889047619047619,14143.9,0.0,204.3,-0.0229895182246987,-0.0083160562416575
2018-08-01,2857.82,51.89,127.75,252.15,2.89,3664.33,66.53,2213663.25,163.81,98957.55,32.39,35.27,1.61,0.99,47.67,,,,0.0236702591506663,0.0018897643419228,0.0005553792589597,0.0242256384096261,0.0024451436008826,2.03,104.0585,1201.71,3.88,4.77,2901.52,2.89,96.2,2209.5556,42.1,149279.0,78.9186,80.5741,3.8,2.889130434782609,14193.6,0.0,203.4,0.0025806465934914,-0.004184106522574
2018-09-01,2901.5,52.34,130.39,252.44,3.0,3716.02,67.03,2248263.71,166.99,101034.33,32.62,35.52,1.51,0.99,47.28,,,,0.0155095114231529,-0.0082148961188915,0.0011494481933044,0.0166589596164574,-0.0070654479255871,2.13,104.1038,1198.39,3.98,4.88,2913.98,3.0,100.1,2225.8849,42.0,149358.0,78.9586,80.5711,3.7,3.004210526315789,14229.1,0.0,203.6,0.0254466656611643,0.022798914964806
2018-10-01,2785.46,52.81,131.06,252.89,3.15,3561.11,67.52,2157946.12,167.55,101531.96,31.04,33.79,1.63,1.01,46.71,,,,-0.0410013349084858,-0.012129098583826,0.0017810148574219,-0.0392203200510639,-0.0103480837264041,2.25,103.9297,1215.39,4.14,5.07,2711.74,3.15,98.6,2250.5491,42.1,149526.0,78.5991,80.3884,3.8,3.152272727272727,14241.1,0.0,204.6,0.0394139685408766,0.0381955977380361
2018-11-01,2723.23,53.28,131.72,252.04,3.12,3493.25,68.35,2120276.71,168.97,102558.33,30.2,32.88,1.92,1.03,47.11,,,,-0.0176102952103255,0.008527018197933,-0.0033668064996059,-0.0209771017099314,0.005160211698327,2.33,104.0126,1220.65,4.22,5.22,2760.17,3.12,97.5,2274.048,41.9,149617.0,78.4132,80.3962,3.8,3.117,14260.5,0.0,202.3,0.0191393402106975,0.0291565842914554
2018-12-01,2567.31,53.75,132.39,251.23,2.83,3303.8,69.17,2008782.53,170.37,103588.08,28.29,30.82,2.5,1.01,48.57,,,,-0.054017771662312,0.0305207636457038,-0.0032189508590255,-0.0572367225213375,0.0273018127866783,2.37,104.0451,1250.4,4.02,5.13,2506.85,2.83,98.3,2303.6527,42.1,149809.0,78.6975,80.358,3.9,2.8326315789473684,14382.3,0.0,201.0,-0.0485532254169907,-0.0173917427118691
2019-01-01,2607.39,54.15,133.06,251.71,2.71,3348.99,69.55,2039784.51,170.9,104091.42,28.38,30.93,2.59,1.0,49.1,,,,0.0153153378346413,0.0108529784428214,0.0019087769743397,0.017224114808981,0.0127617554171611,2.37,103.3598,1291.75,3.93,5.12,2704.1,2.71,91.2,2325.3631,42.0,150059.0,77.9912,79.7599,4.0,2.713809523809524,14445.7,0.0,199.1,-0.0226424767497596,-0.0019512201312616
2019-02-01,2754.86,54.54,133.72,252.78,2.68,3523.51,69.76,2149620.86,171.03,104344.49,29.54,32.21,2.47,1.01,49.13,,,,0.0524473124793668,0.000610811380082,0.0042419140298113,0.0566892265091781,0.0048527254098933,2.39,102.8251,1320.07,3.79,4.95,2784.49,2.68,93.8,2332.0383,41.7,150065.0,77.6025,79.2768,3.8,2.6763157894736844,14480.8,0.0,199.2,-0.0362734067868348,-0.0337668624708174
2019-03-01,2803.98,54.94,134.39,254.2,2.57,3566.22,69.87,2179227.94,170.92,104446.69,29.58,32.26,2.61,1.01,49.43,,,,0.0136791757066002,0.0060876811383109,0.0056018135363735,0.0192809892429738,0.0116894946746844,2.4,102.8361,1300.9,3.77,4.84,2834.4,2.57,98.4,2337.5318,41.7,150295.0,77.4412,79.2123,3.8,2.570952380952381,14525.9,0.0,200.8,-0.0052910176344155,-0.0224728558520586
2019-04-01,2903.8,55.32,134.68,255.55,2.53,3673.72,69.99,2248484.2,170.39,104288.64,30.13,32.88,2.61,1.01,49.45,,,,0.0312856421874485,0.0004045307498532,0.0052967264589349,0.0365823686463835,0.0057012572087881,2.38,102.2748,1285.91,3.69,4.7,2945.83,2.53,97.2,2329.449,41.6,150593.0,76.9578,78.7037,3.7,2.532380952380952,14554.2,0.0,202.1,-0.0214485434074836,-0.0293522120125273
2019-05-01,2854.71,55.7,134.98,256.09,2.4,3603.94,70.32,2209363.44,170.4,104463.33,29.24,31.93,2.84,1.03,50.01,,,,-0.0175518624569364,0.0112609273620911,0.0021108599816582,-0.0154410024752782,0.0133717873437493,2.35,102.4176,1283.7,3.67,4.63,2752.06,2.39,100.0,2334.1018,41.6,150621.0,77.0287,78.7358,3.6,2.395,14652.0,0.0,201.7,-0.0054347959859569,-0.0150056406178702
2019-06-01,2890.17,56.08,135.27,256.14,2.06,3647.98,70.78,2239977.82,170.74,104838.75,29.28,31.99,3.09,1.04,51.63,,,,0.013761526192038,0.0318799134607454,0.0001952248019788,0.0139567509940169,0.0320751382627243,2.17,102.5425,1359.04,3.42,4.46,2941.76,2.07,98.2,2338.7658,41.7,150839.0,77.4128,78.7532,3.6,2.074,14771.0,0.0,200.3,-0.0705511109919651,-0.03740810206617
2019-07-01,2996.11,56.46,134.48,256.57,1.63,3775.4,71.14,2321854.39,169.46,104216.0,29.99,32.77,3.47,1.0,53.66,,,,0.0359002084055428,0.0385649461059202,0.0016773618646744,0.0375775702702173,0.0402423079705947,2.1,102.0057,1412.89,3.29,4.28,2980.38,2.06,98.4,2345.4666,41.5,150936.0,76.8775,78.2629,3.7,2.059090909090909,14853.1,0.0,200.7,-0.0387529862972332,-0.0411957564382671
2019-08-01,2897.5,56.84,133.69,256.56,1.63,3651.32,71.63,2249216.42,168.47,103778.41,28.71,31.39,3.6,0.99,53.73,,,,-0.0317842746550258,0.0013036597432519,-3.897647770064803e-05,-0.0318232511327265,0.0012646832655512,1.95,102.7814,1500.41,2.98,3.87,2926.46,1.63,89.8,2363.8488,41.5,151171.0,77.4333,78.7796,3.6,1.6263636363636365,14934.3,0.0,199.2,-0.0989642642599674,-0.100698502552015
2019-09-01,2982.16,57.22,132.9,256.76,1.7,3755.06,72.05,2316819.4,167.34,103249.23,29.23,31.97,3.47,1.0,53.42,,,,0.0296133990102581,-0.0057862970589151,0.0007792410586777,0.0303926400689359,-0.0050070560002373,1.89,102.4601,1510.58,3.03,3.91,2976.74,1.7,93.2,2370.4403,41.5,151365.0,76.8932,78.4615,3.5,1.6995,15031.0,0.0,198.4,0.0166393190039647,0.010282866955584
2019-10-01,2977.68,57.56,135.09,257.35,1.71,3740.87,72.31,2311783.34,169.71,104879.91,28.84,31.56,3.52,0.99,53.33,,,,-0.0021760614466764,-0.001686183069304,0.0022952296551862,0.0001191682085098,0.0006090465858822,1.65,101.5878,1494.81,3.01,3.92,3037.56,1.71,95.5,2370.4462,41.4,151460.0,76.2528,77.7295,3.6,1.7068181818181818,15166.9,0.0,198.6,-0.0066225407604933,0.0025542798050967
2019-11-01,3104.9,57.9,137.28,257.21,1.81,3902.79,72.78,2415598.05,172.56,106803.06,29.84,32.66,3.29,1.0,52.95,,,,0.0439276608521169,-0.0071509525650952,-0.000544154242283,0.0433835066098339,-0.0076951068073783,1.54,102.1494,1470.79,3.06,3.94,3140.98,1.81,96.8,2368.866,41.4,151668.0,76.9494,78.1046,3.6,1.8121052631578949,15276.4,0.0,199.0,0.016474837203505,0.0050890695074712
2019-12-01,3176.75,58.24,139.47,256.97,1.86,3996.74,73.27,2477522.91,175.47,108771.6,30.33,33.21,3.19,1.01,52.84,,,,0.0253123382058492,-0.0020795923932909,-0.0009335252924242,0.024378812913425,-0.0030131176857151,1.54,101.9421,1479.13,3.01,3.88,3230.78,1.86,99.3,2357.6035,41.4,151795.0,77.1013,77.9031,3.6,1.8628571428571428,15347.6,0.0,199.0,-0.016474837203505,-0.0153455696746604
2020-01-01,3278.2,58.69,131.76,257.97,1.76,4108.44,73.55,2550564.11,165.13,102511.6,30.99,33.92,3.23,1.03,53.19,,,,0.0290553199084526,0.0066019291001014,0.0038839525268585,0.0329392724353112,0.01048588162696,1.52,101.3372,1560.67,2.94,3.77,3225.52,1.76,99.8,2353.8701,41.3,152031.0,76.9269,77.4105,3.6,1.757619047619048,15416.3,0.0,199.3,-0.023530497410194,-0.0287601521752626
2020-02-01,3277.31,59.13,124.04,258.68,1.5,4096.1,73.91,2546727.13,155.03,96391.28,30.73,33.64,3.54,1.06,54.39,,,,-0.0015054979376525,0.0223099046806432,0.002748477487477,0.0012429795498244,0.0250583821681202,1.52,101.6718,1597.1,2.78,3.61,2954.22,1.5,101.0,2350.6023,41.5,152292.0,77.1069,77.6537,3.5,1.5042105263157897,15466.6,0.0,196.7,-0.0559586536480446,-0.0433672291151298
2020-03-01,2652.39,59.58,116.33,258.12,0.87,3322.28,74.63,2069477.76,145.71,90764.19,24.82,27.18,4.88,1.02,57.84,,,,-0.2075127707833099,0.0615002644156398,-0.002167183510753,-0.209679954294063,0.0593330809048867,0.29,97.606,1591.93,3.02,4.29,2584.59,0.87,89.1,2564.3082,41.2,150895.0,73.5991,74.5527,4.4,0.87,15993.4,1.0,193.1,0.0828059036842326,0.172578960595136
2020-04-01,2761.98,59.61,110.63,256.39,0.66,3482.83,75.17,2173385.98,139.5,87054.25,25.93,28.41,4.83,1.0,59.45,,,,0.0489900253116717,0.0274550452862814,-0.006724870341767,0.0422651549699047,0.0207301749445144,0.14,84.6812,1683.17,2.43,4.13,2912.43,0.66,71.8,2920.8995,38.4,130424.0,62.3158,64.6982,14.8,0.6576190476190477,17005.4,1.0,185.5,-0.2173655740343212,-0.0380093259669842
2020-05-01,2919.62,59.65,104.93,256.39,0.67,3681.54,75.21,2301298.45,132.31,82707.91,27.33,29.95,4.62,0.99,59.42,,,,0.0571871962152075,-0.0005047531023293,0.0,0.0571871962152075,-0.0005047531023293,0.13,86.0108,1715.91,2.5,3.95,3044.31,0.67,72.3,3035.7977,39.4,133040.0,65.1109,65.7487,13.2,0.674,17852.9,0.0,188.6,0.0283994745216979,-0.0445618280599107
2020-06-01,3104.66,59.68,99.23,257.8,0.73,3893.57,74.84,2437735.97,124.44,77914.0,28.84,31.61,4.43,1.01,58.79,,,,0.0575962202907364,-0.010659097620298,0.0054843677792151,0.0630805880699515,-0.0051747298410828,0.16,91.6745,1732.22,2.44,3.64,3100.29,0.73,78.1,2925.2981,39.9,137671.0,70.2397,70.134,11.0,0.7286363636363636,18140.6,0.0,191.2,-0.0242926925690445,-0.0817318972643811
2020-07-01,3207.62,59.4,98.89,259.1,0.62,4002.45,74.12,2509769.15,123.4,77378.09,29.6,32.45,4.5,1.0,59.15,,,,0.029121049393063,0.0061048180102321,0.0050299970629773,0.0341510464560403,0.0111348150732094,0.13,95.0037,1846.51,2.14,3.31,3271.12,0.62,72.5,2856.1301,40.7,139255.0,72.7878,72.7591,10.2,0.6236363636363637,18297.7,0.0,193.0,-0.1311922102713502,-0.0950354922596777
2020-08-01,3391.71,59.13,98.56,259.92,0.65,4218.85,73.55,2649310.65,122.59,76983.95,31.16,34.17,4.32,1.0,58.83,,,,0.0541086972799972,-0.0054246615480311,0.0031598037927804,0.0572685010727777,-0.0022648577552507,0.1,95.9294,1968.63,2.25,3.27,3500.31,0.65,74.1,2815.0439,41.0,140819.0,73.9997,73.5674,8.4,0.65,18364.1,0.0,194.3,0.0501243871825686,-0.0121582044798095
2020-09-01,3365.52,58.85,98.22,260.28,0.68,4180.45,73.1,2629019.83,122.0,76725.91,30.84,33.82,4.33,0.99,58.61,,,,-0.0076883855712084,-0.0037465983880267,0.0013840832659383,-0.00630430230527,-0.0023625151220884,0.11,95.8914,1921.92,2.31,3.36,3363.0,0.68,80.4,2759.992,41.2,141770.0,74.1083,73.6543,7.8,0.6795238095238095,18596.4,0.0,195.5,0.0263173083173733,0.0271509890659508
2020-10-01,3418.7,58.66,96.86,260.39,0.79,4244.75,72.83,2673275.11,120.26,75737.68,31.28,34.31,4.17,0.99,58.0,,,,0.0166932651601617,-0.0104623199419185,0.0004225325124804,0.0171157976726421,-0.0100397874294381,0.1,96.5256,1900.27,2.35,3.44,3269.96,0.79,81.8,2698.3277,41.4,142461.0,74.8493,74.2728,6.9,0.7871428571428571,18751.1,0.0,196.5,0.0171678036223654,0.023530497410194
2020-11-01,3548.99,58.47,95.49,260.23,0.87,4409.21,72.64,2780665.07,118.64,74819.82,32.47,35.61,3.96,1.0,57.63,,,,0.0393857792322546,-0.0063997450978443,-0.0006146517807124,0.0387711274515421,-0.0070143968785567,0.09,96.9529,1866.3,2.3,3.3,3621.63,0.87,76.9,2637.2822,41.3,142731.0,75.3724,74.7456,6.7,0.8700000000000001,18978.9,0.0,198.3,-0.0215062052209637,-0.0415490029128725
2020-12-01,3695.31,58.28,94.13,260.47,0.93,4586.68,72.34,2896384.32,116.84,73779.1,33.77,37.03,3.77,0.99,57.29,,,,0.0407730399973213,-0.0059171770280886,0.0009218360552934,0.0416948760526148,-0.0049953409727951,0.09,98.2039,1858.42,2.26,3.16,3756.07,0.93,80.7,2590.6251,41.5,142548.0,75.9935,75.8651,6.7,0.9336363636363636,19133.0,0.0,200.5,-0.0175443096509095,-0.0433504408736137
2021-01-01,3793.75,58.06,105.49,261.58,1.08,4688.92,71.76,2964721.61,130.38,82435.25,34.51,37.84,3.55,0.98,56.29,,,,0.0233199630663818,-0.0176091889445512,0.0042524726471617,0.0275724357135435,-0.0133567162973895,0.08,98.8135,1866.98,2.45,3.24,3714.24,1.08,79.0,2561.387,41.6,142913.0,76.8065,76.5008,6.4,1.0810526315789473,19359.5,0.0,204.8,0.0807232112724413,0.0250013022054171
2021-02-01,3883.43,57.85,116.84,263.01,1.26,4773.63,71.11,3022030.73,143.63,90925.79,35.1,38.48,3.33,0.97,55.1,,,,0.0191458965939023,-0.0213671833170663,0.0054518902075977,0.0245977868015001,-0.0159152931094686,0.04,95.5072,1808.17,2.7,3.42,3811.15,1.26,76.8,2586.5954,41.4,143422.0,73.7971,74.0987,6.2,1.2578947368421052,19596.5,0.0,210.6,0.0971637484536476,0.0540672212702755
2021-03-01,3910.51,57.63,128.2,264.88,1.61,4773.1,70.35,3025408.67,156.48,99183.37,35.04,38.4,2.96,1.0,53.01,,,,0.0011171473173624,-0.0386691411591541,0.0070848389703868,0.0082019862877493,-0.0315843021887672,0.03,98.1929,1718.23,3.04,3.74,3972.89,1.61,84.9,2586.7795,41.6,144246.0,76.1725,76.3455,6.1,1.6108695652173912,19823.2,0.0,215.0,0.1186057424078468,0.0894450603519267
2021-04-01,4141.18,57.71,138.39,267.05,1.64,5013.45,69.87,3181440.24,167.54,106314.94,36.72,40.22,2.82,1.0,52.51,,,,0.0502878200430332,-0.0094769473499467,0.0081590135467884,0.0584468335898216,-0.0013179338031583,0.02,98.3317,1760.04,2.9,3.6,4181.17,1.63,88.3,2556.3543,41.6,144611.0,76.2628,76.6187,6.1,1.635,20161.5,0.0,217.9,-0.047146778425702,-0.0381517659643762
2021-05-01,4167.85,57.79,148.57,269.2,1.62,5005.61,69.4,3180136.01,178.44,113363.84,36.55,40.01,2.88,1.01,52.26,,,,-0.0004100336039432,-0.0047723675573015,0.0080186909847933,0.00760865738085,0.0032463234274918,0.02,99.1867,1850.26,2.96,3.62,4204.11,1.62,82.9,2545.6238,41.5,145032.0,77.1628,77.4469,5.8,1.621,20430.5,0.0,224.9,0.0204785313435407,0.0055401803756153
2021-06-01,4238.49,57.87,158.76,271.7,1.52,5043.59,68.86,3207911.2,188.92,120157.9,36.7,40.15,3.08,1.02,52.32,,,,0.008696042505435,0.0011474470564769,0.0092439186617292,0.0179399611671643,0.0103913657182062,0.04,99.6483,1834.57,2.79,3.44,4297.5,1.52,85.5,2478.0379,41.3,145828.0,77.2875,77.9619,5.9,1.5190909090909093,20472.9,0.0,228.9,-0.0591476725026947,-0.0510025544523728
2021-07-01,4363.71,58.33,164.32,273.0,1.32,5167.74,69.08,3290536.39,194.59,123905.95,37.44,40.94,3.26,1.0,53.1,,,,0.0254305791393003,0.0147982210989498,0.0047732787526578,0.0302038578919581,0.0195714998516076,0.05,100.0668,1807.84,2.57,3.24,4395.26,1.32,81.2,2450.3579,41.5,146759.0,77.9981,78.4327,5.4,1.3185714285714287,20628.1,0.0,231.85,-0.0821356969261459,-0.0598981415810688
2021-08-01,4454.21,58.79,169.87,273.57,1.28,5264.03,69.48,3355536.8,200.76,127972.57,37.97,41.49,3.26,0.99,53.25,,,,0.019561169662567,0.0028208763416412,0.002085735428724,0.021646905091291,0.0049066117703653,0.05,100.0412,1785.28,2.55,3.24,4522.68,1.28,70.3,2428.3734,41.4,147246.0,77.8329,78.5435,5.1,1.2831818181818182,20811.0,0.0,233.415,-0.0078125397367936,0.0
2021-09-01,4445.54,59.25,175.43,274.31,1.37,5239.56,69.84,3343649.23,206.76,131947.06,37.62,41.07,3.2,0.98,52.72,,,,-0.0035489632393836,-0.0100029143952827,0.0027013230999148,-0.0008476401394688,-0.0073015912953678,0.04,98.9955,1775.14,2.53,3.23,4307.54,1.37,72.8,2416.6678,41.4,147712.0,77.1468,77.8344,4.7,1.3747619047619049,20979.1,0.0,235.678,-0.0078740564309058,-0.0030911925696729
2021-10-01,4460.71,59.64,182.91,276.59,1.58,5214.11,69.71,3331116.97,213.8,136591.48,37.25,40.64,3.13,1.0,51.34,,,,-0.0037551202097148,-0.0265247147512573,0.0082774115735639,0.004522291363849,-0.0182473031776934,0.05,100.3542,1776.85,2.68,3.35,4605.38,1.58,71.7,2420.7405,41.3,148569.0,78.2709,78.9984,4.5,1.5825,21142.1,0.0,240.465,0.0575974917833365,0.0364782086024098
2021-11-01,4667.39,60.02,190.39,277.95,1.56,5429.03,69.81,3472133.57,221.46,141633.76,38.58,42.05,3.11,1.01,51.25,,,,0.0414615925043364,-0.0017545574244768,0.0049049761123159,0.0463665686166523,0.003150418687839,0.05,101.2684,1821.76,2.62,3.28,4567.0,1.56,67.4,2434.992,41.5,149206.0,78.9967,79.7955,4.2,1.5595,21316.6,0.0,243.287,-0.0226424767497598,-0.0211169234409228
2021-12-01,4674.77,60.4,197.87,278.8,1.47,5420.96,70.04,3470708.54,229.45,146905.34,38.3,41.72,3.28,0.97,51.58,,,,-0.0004105033637329,0.0064183824346811,0.0030534374868904,0.0026429341231574,0.0094718199215716,0.06,101.1948,1790.43,2.65,3.3,4766.18,1.47,70.6,2473.1762,41.5,149781.0,79.0619,79.7947,3.9,1.465,21471.0,0.0,241.338,0.0113853222251252,0.0060790460763821
2022-01-01,4573.82,60.92,197.88,281.15,1.76,5259.63,70.06,3371156.83,227.55,145851.04,36.94,40.19,3.12,0.99,49.86,,,,-0.0291028048599073,-0.0339149223577869,0.0083936558518417,-0.0207091490080656,-0.0255212665059451,0.15,101.2146,1816.02,2.93,3.58,4515.55,1.76,67.2,2486.9777,41.2,150006.0,78.6178,79.8471,4.0,1.764,21587.3,0.0,246.453,0.1004427830308452,0.0814403319401744
2022-02-01,4435.98,61.45,197.9,283.72,1.93,5054.96,70.02,3243710.86,225.51,144707.48,35.29,38.37,3.13,0.98,48.73,,,,-0.0385379568786543,-0.022924221239997,0.0090995015956755,-0.0294384552829787,-0.0138247196443214,0.33,101.8458,1856.3,3.25,3.97,4373.94,1.93,62.8,2499.0141,41.5,150875.0,79.3173,80.357,3.8,1.9342105263157892,21684.9,0.0,252.66,0.10365257331267,0.1034032942864901
2022-03-01,4391.27,61.97,197.91,287.5,2.13,4938.07,69.69,3172433.61,222.55,142978.46,34.27,37.24,3.07,0.95,47.3,,,,-0.0222190079044623,-0.0297845613575275,0.0132350239035189,-0.0089839840009434,-0.0165495374540086,0.44,102.6732,1947.83,3.43,4.29,4530.41,2.13,59.4,2538.9137,41.5,151346.0,80.0559,80.9989,3.7,2.1278260869565218,21721.3,0.0,260.014,0.0539052648362024,0.0775206382408264
2022-04-01,4391.3,62.65,196.03,289.11,2.75,4910.69,70.06,3158594.84,219.21,140999.11,33.89,36.8,2.51,0.99,44.6,,,,-0.0043717358561629,-0.0587764364718687,0.0055843782939006,0.0012126424377377,-0.0531920581779681,0.76,102.9024,1936.86,3.76,4.66,4131.93,2.75,65.2,2565.6263,41.3,151651.0,80.0073,81.1458,3.7,2.7475,21749.9,0.0,265.31,0.0918586962239545,0.0827287151976289
2022-05-01,4040.36,63.34,194.14,292.3,2.9,4468.99,70.06,2878239.8,214.74,138302.3,30.67,33.29,2.79,0.98,43.64,,,,-0.0929483310720001,-0.0217596980611482,0.0109734335858945,-0.0819748974861055,-0.0107862644752537,0.98,102.9659,1848.5,4.13,5.12,4132.15,2.9,58.4,2610.234,41.1,151892.0,79.8042,81.1363,3.6,2.8980952380952383,21690.7,0.0,273.251,0.0938584495711381,0.0941389909138619
2022-06-01,3898.95,64.02,192.26,296.31,3.14,4254.14,69.85,2743614.89,209.77,135289.72,29.05,31.52,2.89,1.02,42.27,,,,-0.0479025729410524,-0.0318965463861714,0.0136255314709454,-0.0342770414701069,-0.0182710149152259,1.49,102.8224,1836.57,4.24,5.27,3785.38,3.14,50.0,2667.8607,40.9,152353.0,79.5043,80.9375,3.6,3.143333333333333,21642.8,0.0,280.251,0.026285862270925,0.0288759235018545
2022-07-01,3911.73,64.45,190.58,296.28,2.9,4268.59,70.33,2756715.07,207.97,134309.89,29.0,31.46,3.15,1.0,43.26,,,,0.004763425054771,0.023150805946214,-0.0001012504430573,0.0046621746117137,0.0230495555031567,2.23,103.0505,1732.74,4.06,5.21,4130.29,2.9,51.5,2699.2152,41.0,153049.0,79.5023,81.0054,3.5,2.896,21641.7,0.0,272.274,-0.0433802956302252,-0.0114505067879953
2022-08-01,4158.56,64.89,188.91,296.17,2.9,4539.55,70.83,2935517.1,206.21,133348.65,30.7,33.28,2.9,0.95,43.38,,,,0.0628438428888089,0.0027700848738156,-0.0003713393577988,0.06247250353101,0.0023987455160167,2.63,103.1703,1764.56,4.07,5.15,3955.0,2.9,58.2,2724.0642,40.9,153286.0,79.6451,80.9637,3.6,2.8978260869565218,21606.8,0.0,269.546,0.0024600258408626,-0.0115831410896306
2022-09-01,3850.52,65.32,187.23,296.81,3.52,4194.26,71.15,2716071.43,203.94,132067.87,28.23,30.6,2.54,0.97,41.15,,,,-0.0776971126917876,-0.0527745782756495,0.0021585896607208,-0.0755385230310667,-0.0506159886149286,3.13,103.5326,1680.78,4.59,5.69,3585.62,3.52,58.6,2747.7115,41.0,153513.0,79.7703,81.0936,3.5,3.519047619047619,21521.0,0.0,267.898,0.1202370246179501,0.0997135334625948
2022-10-01,3726.05,65.85,182.4,298.01,3.98,4042.28,71.44,2621510.15,197.88,128332.17,27.08,29.35,2.28,1.01,39.56,,,,-0.0354359642040074,-0.0394054203685673,0.0040348395413488,-0.0314011246626585,-0.0353705808272185,3.72,103.4442,1664.45,5.1,6.26,3871.98,3.98,59.9,2771.3432,41.0,153913.0,79.7758,80.8551,3.6,3.9835,21424.4,0.0,265.061,0.1053605156578263,0.0954699369737674
2022-11-01,3917.49,66.39,177.58,297.71,3.89,4254.27,72.09,2762881.32,192.84,125239.23,28.38,30.75,2.24,1.03,40.03,,,,0.0525235468550813,0.0118106662499708,-0.0010071846685037,0.0515163621865775,0.0108034815814671,4.15,103.1058,1725.07,4.9,6.07,4080.11,3.89,56.7,2789.375,40.9,154210.0,79.1402,80.4107,3.6,3.891,21358.1,0.0,263.157,-0.040005334613699,-0.0308215800406001
2022-12-01,3912.38,66.92,172.75,296.8,3.62,4261.8,72.9,2771721.56,188.18,122384.53,28.32,30.68,2.51,1.01,41.18,,,,0.0031945372448967,0.0283235285951611,-0.00306134702763,0.0001331902172667,0.0252621815675311,4.25,101.8266,1797.55,4.43,5.59,3839.5,3.62,59.8,2797.9494,40.6,154336.0,77.6234,79.2286,3.5,3.616190476190476,21219.0,0.0,257.897,-0.1008356210595368,-0.0823793179043992
2023-01-01,3960.66,67.35,173.56,299.17,3.53,4280.17,72.78,2787610.52,187.56,122153.58,28.33,30.69,2.65,0.98,41.29,,,,0.0057161554787136,0.0026676382983554,0.0079534624003078,0.0136696178790214,0.0106211006986633,4.54,102.7476,1897.71,4.4,5.5,4076.6,3.53,64.9,2811.7779,41.0,154780.0,78.96,79.7542,3.5,3.5315,21205.2,0.0,260.227,-0.0067950431328286,-0.0162311949285825
2023-02-01,4079.68,67.78,174.36,300.84,3.75,4384.33,72.84,2859399.57,187.38,122209.06,28.92,31.32,2.33,1.01,40.43,,,,0.0254268778009642,-0.0210482562453193,0.0055665882646688,0.030993466065633,-0.0154816679806504,4.65,102.8003,1854.54,4.56,5.59,3970.15,3.75,66.9,2806.6495,40.7,155086.0,78.8427,79.6087,3.6,3.7468421052631578,21184.5,0.0,258.669,0.035718082602079,0.0162311949285825
2023-03-01,3968.56,68.21,175.17,301.84,3.66,4250.83,73.06,2776305.4,187.63,122544.58,27.94,30.25,2.55,1.02,40.72,,,,-0.0294906112290778,0.0071472885895877,0.0033185136978527,-0.026172097531225,0.0104658022874405,4.69,102.8143,1912.73,4.6,5.71,4109.31,3.66,62.0,2797.7127,40.6,155171.0,78.2685,79.4362,3.5,3.6630434782608696,20876.1,0.0,257.062,0.0087336799687546,0.0212397365009109
2023-04-01,4121.47,68.38,177.12,303.36,3.46,4392.39,72.87,2872729.17,188.76,123453.17,28.76,31.15,2.71,0.99,41.32,,,,0.0341414572346771,0.0146272720091704,0.0050231434106021,0.0391646006452793,0.0196504154197726,4.92,103.2241,1999.77,4.47,5.53,4169.48,3.46,63.7,2771.123,40.7,155387.0,78.7116,79.5726,3.4,3.46,20729.8,0.0,256.908,-0.0286678948695718,-0.0320312081336753
2023-05-01,4146.17,68.54,179.06,304.13,3.57,4407.62,72.87,2886660.97,190.35,124668.0,28.76,31.14,2.61,0.99,40.96,,,,0.0048379522258626,-0.0087506635201854,0.0025350225101867,0.0073729747360494,-0.0062156410099986,5.14,102.9809,1992.13,4.67,5.77,4179.83,3.57,59.0,2766.4873,40.7,155614.0,78.5451,79.2151,3.6,3.573636363636364,20801.1,0.0,253.67,0.0437706630553284,0.0424842649857646
2023-06-01,4345.37,68.71,181.01,305.11,3.75,4604.51,72.81,3019584.84,191.8,125783.23,29.94,32.41,2.3,0.99,40.34,,,,0.0450188912750305,-0.0152524482051865,0.0032171257476249,0.0482360170226555,-0.0120353224575615,5.16,102.3809,1942.9,4.65,5.75,4450.38,3.75,64.2,2755.9522,40.7,155871.0,77.969,78.5968,3.6,3.7480952380952384,20782.7,0.0,253.86,-0.0042918520815409,-0.003472225710749
2023-07-01,4508.08,68.91,182.09,305.69,3.9,4767.82,72.88,3130665.07,192.58,126453.69,30.89,33.43,2.06,0.98,39.89,,,,0.0361261126707741,-0.0112178666087505,0.001899149228314,0.0380252618990881,-0.0093187173804364,5.25,103.0722,1951.02,4.66,5.74,4588.96,3.9,71.5,2754.8911,40.7,156019.0,78.0895,78.986,3.5,3.8995,20772.1,0.0,253.835,0.0021482285382896,-0.0017406444777839
2023-08-01,4457.36,69.11,183.17,307.03,4.17,4693.69,72.78,3085967.14,192.88,126814.25,30.3,32.78,1.89,0.99,38.98,,,,-0.014380358612845,-0.0230769718379005,0.0043739461298454,-0.0100064124829995,-0.018703025708055,5.3,103.0951,1918.7,4.95,6.02,4507.66,4.17,69.4,2757.8377,40.7,156176.0,78.0575,78.8773,3.7,4.167826086956522,20746.9,0.0,257.68,0.0603721284430444,0.0476280489892544
2023-09-01,4409.1,69.31,184.25,307.79,4.38,4631.36,72.81,3048974.56,193.54,127412.44,29.8,32.23,1.75,0.97,38.36,,,,-0.0120597815440814,-0.0160334440641772,0.0024722695654035,-0.0095875119786778,-0.0135611744987736,5.32,103.3081,1915.95,5.13,6.16,4288.05,4.38,67.8,2760.7145,40.7,156334.0,78.0859,78.9282,3.8,4.379,20720.4,0.0,258.934,0.0357180826020792,0.0229895182246987
2023-10-01,4269.4,69.64,186.98,307.67,4.8,4486.34,73.18,2957520.55,196.48,129523.4,28.77,31.11,1.47,1.03,37.25,,,,-0.0304540589696128,-0.0293633051896688,-0.0003899522357931,-0.030844011205406,-0.029753257425462,5.34,102.5781,1916.25,5.61,6.63,4193.8,4.8,63.8,2771.3412,40.8,156520.0,77.4241,78.2711,3.9,4.798095238095239,20687.3,0.0,255.192,0.0894450603519267,0.0735280266523427
2023-11-01,4460.06,69.97,189.7,307.05,4.5,4696.15,73.68,3099883.23,199.75,131849.74,30.01,32.45,1.63,1.04,38.37,,,,0.0470131777572742,0.0296239594332924,-0.0020171792368307,0.0449959985204435,0.0276067801964617,5.27,102.8868,1984.11,5.28,6.29,4567.8,4.5,61.3,2763.0715,40.6,156661.0,77.7019,78.4172,3.7,4.502857142857143,20696.7,0.0,252.856,-0.0606246218164348,-0.0526437334854219
2023-12-01,4685.05,70.3,192.43,306.75,4.02,4937.96,74.1,3263570.74,202.82,134045.25,31.45,33.99,1.95,1.0,40.05,,,,0.0514574719330946,0.0428527692555072,-0.0009775171843874,0.0504799547487071,0.0418752520711197,5.24,102.6309,2026.18,4.74,5.64,4769.83,4.02,69.7,2761.0691,40.3,156930.0,77.5511,78.1414,3.8,4.0200000000000005,20701.3,0.0,249.866,-0.107888962011185,-0.1090770052023817
2024-01-01,4815.61,70.48,192.08,308.42,4.06,5048.07,73.88,3340413.76,201.36,133241.12,32.05,34.62,1.86,0.99,39.84,,,,0.0232727645827943,-0.0052572407979705,0.0054294068384895,0.0287021714212839,0.000172166040519,5.22,101.483,2034.04,4.87,5.68,4845.65,4.06,79.0,2759.4039,40.2,157049.0,76.4637,77.1945,3.7,4.058095238095238,20773.1,0.0,251.306,0.0270568013875132,0.0070671672230923
2024-02-01,5011.96,70.65,191.74,310.33,4.21,5221.57,73.61,3459285.01,199.76,132337.76,33.04,35.68,1.65,1.0,39.25,,,,0.0349672436514373,-0.0149199884879801,0.0061737569831997,0.0411410006346371,-0.0087462315047803,5.24,102.7267,2023.24,5.03,5.77,5096.27,4.21,76.9,2766.6752,40.6,157271.0,77.4538,78.0707,3.9,4.2075000000000005,20861.0,0.0,254.926,0.0323260470171494,0.0157208477869482
2024-03-01,5170.57,70.82,191.39,312.33,4.21,5352.22,73.31,3549885.82,198.11,131399.89,33.75,36.44,1.58,0.98,39.13,,,,0.025853516382746,-0.0030620080060962,0.0064240737420609,0.032277590124807,0.0033620657359646,5.24,102.5186,2158.01,5.01,5.75,5254.35,4.21,79.4,2751.9377,40.6,157517.0,77.5207,77.8455,3.9,4.2085,20900.8,0.0,255.095,-0.0039840690148744,-0.003472225710749
2024-04-01,5112.49,71.21,193.18,313.55,4.54,5271.58,73.42,3500456.57,199.19,132267.81,33.14,35.76,1.31,1.01,38.09,,,,-0.0140220310306686,-0.0269376557318083,0.0038985158342588,-0.0101235151964098,-0.0230391398975495,5.24,102.3568,2331.45,5.28,6.0,5035.69,4.54,77.2,2749.8089,40.6,157635.0,76.8939,77.6572,3.9,4.539090909090909,20928.9,0.0,256.978,0.0524901826213967,0.0425596144187959
2024-05-01,5235.23,71.59,194.97,314.07,4.48,5389.17,73.7,3582621.92,200.7,133423.82,33.77,36.43,1.3,1.02,38.36,,,,0.023201503682478,0.0070634695247247,0.0016570540103434,0.0248585576928215,0.0087205235350681,5.25,102.9797,2351.13,5.25,5.95,5277.51,4.48,69.1,2759.1703,40.9,157828.0,77.3315,78.0627,4.0,4.482272727272727,20989.4,0.0,255.313,-0.0056980211146377,-0.0083682496705165
2024-06-01,5415.14,71.98,196.76,314.18,4.31,5572.5,74.07,3708596.14,202.48,134752.44,34.81,37.53,1.36,1.01,39.01,,,,0.0345584938449737,0.0168027735033275,0.0003501790724204,0.0349086729173942,0.017152952575748,5.24,103.2534,2326.44,5.13,5.82,5460.48,4.31,68.2,2766.0203,40.8,157915.0,77.2175,78.1993,4.1,4.3052631578947365,21052.9,0.0,255.914,-0.0231224174208542,-0.0220909578141919
2024-07-01,5538.0,72.45,197.93,314.54,4.25,5692.32,74.47,3792469.27,203.45,135544.03,35.44,38.2,1.39,1.03,39.3,,,,0.0223639232866068,0.0074064953566503,0.0011451839907856,0.0235091072773924,0.0085516793474359,5.2,102.5192,2398.2,5.12,5.84,5522.3,4.25,66.4,2760.9174,40.6,158003.0,76.6156,77.5681,4.2,4.248636363636364,21084.2,0.0,257.321,-0.0019512201312616,0.0034305350967892
2024-08-01,5478.21,72.93,199.1,314.8,3.87,5626.28,74.9,3752632.03,204.48,136385.5,34.92,37.62,1.84,1.02,40.63,,,,-0.0105598609230242,0.0332821911244198,0.0008262624806687,-0.0097335984423555,0.0341084536050886,5.05,103.0196,2470.15,4.87,5.6,5648.4,3.87,67.9,2767.0467,40.7,158074.0,76.9731,77.8658,4.2,3.87090909090909,21171.1,0.0,255.463,-0.050060501956918,-0.0419641990990321
2024-09-01,5621.26,73.4,200.27,315.3,3.72,5763.95,75.26,3848635.9,205.35,137116.28,35.66,38.4,1.94,0.97,41.2,,,,0.0252613053780085,0.0139315463558452,0.001587050007767,0.0268483553857756,0.0155185963636123,4.72,102.5954,2570.55,4.68,5.42,5762.48,3.72,70.1,2778.4346,40.7,158314.0,76.6579,77.4591,4.1,3.7235,21257.5,0.0,252.682,-0.0397958271649431,-0.0326707822895487
2024-10-01,5792.32,73.88,203.57,315.66,4.1,5932.52,75.67,3965402.47,208.5,139363.34,36.59,39.38,1.52,0.98,40.01,,,,0.0298885817819475,-0.0293088334863371,0.0011411184197556,0.0310297002017032,-0.0281677150665814,4.51,102.2138,2690.08,4.95,5.63,5705.45,4.1,70.5,2784.8665,40.5,158358.0,76.0924,77.0806,4.1,4.095454545454545,21308.1,0.0,253.081,0.0560894666510435,0.0380136267000442
2024-11-01,5929.92,74.35,206.87,315.49,4.36,6076.74,76.2,4066045.08,211.99,141847.33,37.35,40.18,1.26,1.0,39.33,,,,0.0250634465980347,-0.0171418364254254,-0.0005386992129007,0.0245247473851339,-0.0176805356383261,4.42,101.9503,2651.13,5.14,5.78,6032.38,4.36,71.8,2787.555,40.7,158619.0,76.0917,76.7875,4.2,4.35578947368421,21407.9,0.0,253.211,0.0376655028864746,0.0262942405326872
2024-12-01,6010.91,74.83,210.17,315.61,4.39,6157.55,76.66,4124392.12,215.3,144208.4,37.71,40.54,1.26,0.98,39.36,,,,0.0142478418707464,0.0007624857403346,0.0003802883899418,0.0146281302606883,0.0011427741302765,4.27,103.0447,2648.01,5.2,5.8,5881.63,4.39,74.0,2765.6233,40.9,158942.0,76.3162,77.5136,4.1,4.391428571428572,21424.5,0.0,253.423,0.0116055461203081,0.0034542348680873
2025-01-01,5979.52,75.27,212.34,317.67,4.63,6085.55,76.6,4080444.38,216.11,144903.91,37.13,39.9,1.18,1.02,38.5,,,,-0.0107127449271458,-0.0220918308903141,0.0065058339626604,-0.0042069109644853,-0.0155859969276536,4.21,102.8805,2709.69,5.46,6.08,6040.53,4.63,71.7,2665.5488,40.7,159053.0,75.9293,77.2923,4.0,4.629047619047618,21492.4,0.0,257.36,0.048790164169432,0.047146778425702
2025-02-01,6038.69,75.71,214.52,319.08,4.45,6118.6,76.71,4106888.97,217.36,145891.93,37.19,39.94,1.36,1.02,39.03,,,,0.006459901125611,0.0136723398987851,0.0044287469324557,0.0108886480580668,0.0181010868312409,4.22,103.8705,2894.73,5.32,5.92,5954.5,4.45,64.7,2673.2699,41.0,159155.0,76.7201,77.9359,4.1,4.451052631578947,21564.6,0.0,259.498,-0.0259754864032605,-0.0266682470821612
2025-03-01,5683.98,76.15,216.69,319.8,4.28,5746.29,76.98,3861293.29,219.07,147203.75,34.78,37.35,1.67,1.0,39.63,,,,-0.0616636236942777,0.0152558260098199,0.0022539453569251,-0.0594096783373526,0.0175097713667451,4.2,103.5408,2983.25,5.29,5.93,5611.85,4.28,57.0,2678.0455,41.1,159275.0,77.0472,77.588,4.2,4.280476190476191,21636.8,0.0,258.525,-0.0056550574833451,0.0016877641137198
2025-04-01,5369.5,76.55,218.64,320.8,4.28,5411.5,77.15,3640647.55,220.35,148240.93,32.62,35.02,1.88,0.99,39.64,,,,-0.0588406124048184,0.0002523022594435,0.0031220755925055,-0.0557185368123129,0.003374377851949,4.21,103.6224,3217.64,5.45,6.18,5569.06,4.28,52.2,2671.6721,40.9,159433.0,76.6375,77.5487,4.2,4.279047619047619,21770.5,0.0,258.392,0.0297973628049447,0.0412940584599652
2025-05-01,5810.92,76.95,220.58,321.47,4.42,5844.17,77.39,3936070.55,221.85,149413.8,35.08,37.64,1.49,1.01,39.26,,,,0.0780213391397243,-0.0096325206134722,0.0020863507342228,0.0801076898739471,-0.0075461698792494,4.25,103.657,3309.49,5.54,6.29,5911.69,4.42,52.2,2680.2957,41.0,159452.0,76.6804,77.4743,4.2,4.423809523809524,21827.4,0.0,258.642,0.0163788920840396,0.0176427992427498
2025-06-01,6029.95,77.35,222.53,322.56,4.38,6043.85,77.53,4074906.71,223.04,150380.81,36.11,38.73,1.45,1.0,39.39,,,,0.0346649498612511,0.0033057881344996,0.0033849387163668,0.0380498885776179,0.0066907268508664,4.23,104.2115,3352.66,5.46,6.15,6204.95,4.38,60.7,2687.2054,41.0,159439.0,76.804,77.7883,4.1,4.3835,21942.4,0.0,260.69,-0.0145457110023787,-0.0225089888939225
2025-07-01,6296.5,77.73,226.77,323.05,4.39,6301.5,77.79,4252989.04,226.95,153172.49,37.47,40.18,1.35,1.01,39.45,,,,0.0427741860844707,0.0015220703090688,0.0015179445612254,0.0442921306456961,0.0030400148702943,4.25,103.8194,3340.15,5.45,6.1,6339.39,4.39,61.7,2674.3234,41.1,159518.0,76.6507,77.3974,4.2,4.391818181818182,22028.8,0.0,262.562,-0.0018331810816609,-0.008163310639161
